idx,id_t_nuts3_lk,id_nuts3,natcode_nuts3,name,id_ags_lk,ags_lk,id_ags
0,21,27600021,DE915,Göttingen,21,03152,3152000
1,25,27600025,DE919,Osterode am Harz,25,03156,3156000
2,1,27600001,DEF01,"Flensburg, Kreisfreie Stadt",1,01001,1001000
3,2,27600002,DEF02,"Kiel, Kreisfreie Stadt",2,01002,1002000
4,3,27600003,DEF03,"Lübeck, Kreisfreie Stadt",3,01003,1003000
5,4,27600004,DEF04,"Neumünster, Kreisfreie Stadt",4,01004,1004000
6,5,27600005,DEF05,Dithmarschen,5,01051,1051000
7,6,27600006,DEF06,Herzogtum Lauenburg,6,01053,1053000
8,312,27600314,DE278,Günzburg,314,09774,9774000
9,7,27600007,DEF07,Nordfriesland,7,01054,1054000
10,8,27600008,DEF08,Ostholstein,8,01055,1055000
11,9,27600009,DEF09,Pinneberg,9,01056,1056000
12,10,27600010,DEF0A,Plön,10,01057,1057000
13,11,27600011,DEF0B,Rendsburg-Eckernförde,11,01058,1058000
14,12,27600012,DEF0C,Schleswig-Flensburg,12,01059,1059000
15,13,27600013,DEF0D,Segeberg,13,01060,1060000
16,14,27600014,DEF0E,Steinburg,14,01061,1061000
17,15,27600015,DEF0F,Stormarn,15,01062,1062000
18,16,27600016,DE600,Hamburg,16,02000,2000000
19,17,27600017,DE911,"Braunschweig, Kreisfreie Stadt",17,03101,3101000
20,18,27600018,DE912,"Salzgitter, Kreisfreie Stadt",18,03102,3102000
21,19,27600019,DE913,"Wolfsburg, Kreisfreie Stadt",19,03103,3103000
22,20,27600020,DE914,Gifhorn,20,03151,3151000
23,22,27600022,DE916,Goslar,22,03153,3153000
24,23,27600023,DE917,Helmstedt,23,03154,3154000
25,24,27600024,DE918,Northeim,24,03155,3155000
26,26,27600026,DE91A,Peine,26,03157,3157000
27,27,27600027,DE91B,Wolfenbüttel,27,03158,3158000
28,403,27600422,DE91C,Göttingen,475,03159,3159000
29,28,27600028,DE929,Region Hannover,28,03241,3241000
30,29,27600029,DE922,Diepholz,29,03251,3251000
31,30,27600030,DE923,Hameln-Pyrmont,30,03252,3252000
32,31,27600031,DE925,Hildesheim,31,03254,3254000
33,32,27600032,DE926,Holzminden,32,03255,3255000
34,33,27600033,DE927,Nienburg (Weser),33,03256,3256000
35,34,27600034,DE928,Schaumburg,34,03257,3257000
36,35,27600035,DE931,Celle,35,03351,3351000
37,36,27600036,DE932,Cuxhaven,36,03352,3352000
38,37,27600037,DE933,Harburg,37,03353,3353000
39,38,27600038,DE934,Lüchow-Dannenberg,38,03354,3354000
40,39,27600039,DE935,"Lüneburg, Landkreis",39,03355,3355000
41,40,27600040,DE936,Osterholz,40,03356,3356000
42,41,27600041,DE937,Rotenburg (Wümme),41,03357,3357000
43,44,27600044,DE938,Heidekreis,44,03358,3358000
44,45,27600045,DE939,Stade,45,03359,3359000
45,46,27600046,DE93A,Uelzen,46,03360,3360000
46,47,27600047,DE93B,Verden,47,03361,3361000
47,48,27600048,DE941,"Delmenhorst, Kreisfreie Stadt",48,03401,3401000
48,49,27600049,DE942,"Emden, Kreisfreie Stadt",49,03402,3402000
49,50,27600050,DE943,"Oldenburg (Oldenburg), Kreisfreie Stadt",50,03403,3403000
50,51,27600051,DE944,"Osnabrück, Kreisfreie Stadt",51,03404,3404000
51,52,27600052,DE945,"Wilhelmshaven, Kreisfreie Stadt",52,03405,3405000
52,53,27600053,DE946,Ammerland,53,03451,3451000
53,54,27600054,DE947,Aurich,54,03452,3452000
54,42,27600042,DE948,Cloppenburg,42,03453,3453000
55,43,27600043,DE949,Emsland,43,03454,3454000
56,55,27600055,DE94A,Friesland (DE),55,03455,3455000
57,56,27600056,DE94B,Grafschaft Bentheim,56,03456,3456000
58,57,27600057,DE94C,Leer,57,03457,3457000
59,58,27600058,DE94D,"Oldenburg, Landkreis",58,03458,3458000
60,59,27600059,DE94E,"Osnabrück, Landkreis",59,03459,3459000
61,60,27600060,DE94F,Vechta,60,03460,3460000
62,61,27600061,DE94G,Wesermarsch,61,03461,3461000
63,62,27600062,DE94H,Wittmund,62,03462,3462000
64,63,27600063,DE501,"Bremen, Kreisfreie Stadt",63,04011,4011000
65,64,27600064,DE502,"Bremerhaven, Kreisfreie Stadt",64,04012,4012000
66,65,27600065,DEA11,"Düsseldorf, Kreisfreie Stadt",65,05111,5111000
67,66,27600066,DEA12,"Duisburg, Kreisfreie Stadt",66,05112,5112000
68,67,27600067,DEA13,"Essen, Kreisfreie Stadt",67,05113,5113000
69,68,27600068,DEA14,"Krefeld, Kreisfreie Stadt",68,05114,5114000
70,69,27600069,DEA15,"Mönchengladbach, Kreisfreie Stadt",69,05116,5116000
71,70,27600070,DEA16,"Mülheim an der Ruhr,Kreisfreie Stadt",70,05117,5117000
72,71,27600071,DEA17,"Oberhausen, Kreisfreie Stadt",71,05119,5119000
73,72,27600072,DEA18,"Remscheid, Kreisfreie Stadt",72,05120,5120000
74,73,27600073,DEA19,"Solingen, Kreisfreie Stadt",73,05122,5122000
75,74,27600074,DEA1A,"Wuppertal, Kreisfreie Stadt",74,05124,5124000
76,75,27600075,DEA1B,Kleve,75,05154,5154000
77,76,27600076,DEA1C,Mettmann,76,05158,5158000
78,77,27600077,DEA1D,Rhein-Kreis Neuss,77,05162,5162000
79,78,27600078,DEA1E,Viersen,78,05166,5166000
80,79,27600079,DEA1F,Wesel,79,05170,5170000
81,80,27600081,DEA22,"Bonn, Kreisfreie Stadt",81,05314,5314000
82,81,27600082,DEA23,"Köln, Kreisfreie Stadt",82,05315,5315000
83,82,27600083,DEA24,"Leverkusen, Kreisfreie Stadt",83,05316,5316000
84,396,27600415,DEA2D,Städteregion Aachen,415,05334,5334000
85,83,27600085,DEA26,Düren,85,05358,5358000
86,84,27600086,DEA27,Rhein-Erft-Kreis,86,05362,5362000
87,85,27600087,DEA28,Euskirchen,87,05366,5366000
88,86,27600088,DEA29,Heinsberg,88,05370,5370000
89,87,27600089,DEA2A,Oberbergischer Kreis,89,05374,5374000
90,88,27600090,DEA2B,Rheinisch-Bergischer Kreis,90,05378,5378000
91,89,27600091,DEA2C,Rhein-Sieg-Kreis,91,05382,5382000
92,90,27600092,DEA31,"Bottrop, Kreisfreie Stadt",92,05512,5512000
93,91,27600093,DEA32,"Gelsenkirchen, Kreisfreie Stadt",93,05513,5513000
94,92,27600094,DEA33,"Münster, Kreisfreie Stadt",94,05515,5515000
95,93,27600095,DEA34,Borken,95,05554,5554000
96,94,27600096,DEA35,Coesfeld,96,05558,5558000
97,95,27600097,DEA36,Recklinghausen,97,05562,5562000
98,96,27600098,DEA37,Steinfurt,98,05566,5566000
99,97,27600099,DEA38,Warendorf,99,05570,5570000
100,98,27600100,DEA41,"Bielefeld, Kreisfreie Stadt",100,05711,5711000
101,99,27600101,DEA42,Gütersloh,101,05754,5754000
102,110,27600112,DEA43,Herford,112,05758,5758000
103,111,27600113,DEA44,Höxter,113,05762,5762000
104,112,27600114,DEA45,Lippe,114,05766,5766000
105,113,27600115,DEA46,Minden-Lübbecke,115,05770,5770000
106,114,27600116,DEA47,Paderborn,116,05774,5774000
107,115,27600117,DEA51,"Bochum, Kreisfreie Stadt",117,05911,5911000
108,116,27600118,DEA52,"Dortmund, Kreisfreie Stadt",118,05913,5913000
109,117,27600119,DEA53,"Hagen, Kreisfreie Stadt",119,05914,5914000
110,118,27600120,DEA54,"Hamm, Kreisfreie Stadt",120,05915,5915000
111,119,27600121,DEA55,"Herne, Kreisfreie Stadt",121,05916,5916000
112,120,27600122,DEA56,Ennepe-Ruhr-Kreis,122,05954,5954000
113,121,27600123,DEA57,Hochsauerlandkreis,123,05958,5958000
114,122,27600124,DEA58,Märkischer Kreis,124,05962,5962000
115,123,27600125,DEA59,Olpe,125,05966,5966000
116,124,27600126,DEA5A,Siegen-Wittgenstein,126,05970,5970000
117,125,27600127,DEA5B,Soest,127,05974,5974000
118,100,27600102,DEA5C,Unna,102,05978,5978000
119,101,27600103,DE711,"Darmstadt, Kreisfreie Stadt",103,06411,6411000
120,102,27600104,DE712,"Frankfurt am Main, Kreisfreie Stadt",104,06412,6412000
121,103,27600105,DE713,"Offenbach am Main, Kreisfreie Stadt",105,06413,6413000
122,104,27600106,DE714,"Wiesbaden, Kreisfreie Stadt",106,06414,6414000
123,105,27600107,DE715,Bergstraße,107,06431,6431000
124,106,27600108,DE716,Darmstadt-Dieburg,108,06432,6432000
125,107,27600109,DE717,Groß-Gerau,109,06433,6433000
126,108,27600110,DE718,Hochtaunuskreis,110,06434,6434000
127,109,27600111,DE719,Main-Kinzig-Kreis,111,06435,6435000
128,126,27600128,DE71A,Main-Taunus-Kreis,128,06436,6436000
129,127,27600129,DE71B,Odenwaldkreis,129,06437,6437000
130,128,27600130,DE71C,"Offenbach, Landkreis",130,06438,6438000
131,129,27600131,DE71D,Rheingau-Taunus-Kreis,131,06439,6439000
132,130,27600132,DE71E,Wetteraukreis,132,06440,6440000
133,131,27600133,DE721,"Gießen, Landkreis",133,06531,6531000
134,132,27600134,DE722,Lahn-Dill-Kreis,134,06532,6532000
135,133,27600135,DE723,Limburg-Weilburg,135,06533,6533000
136,134,27600136,DE724,Marburg-Biedenkopf,136,06534,6534000
137,135,27600137,DE725,Vogelsbergkreis,137,06535,6535000
138,136,27600138,DE731,"Kassel, Kreisfreie Stadt",138,06611,6611000
139,137,27600139,DE732,Fulda,139,06631,6631000
140,138,27600140,DE733,Hersfeld-Rotenburg,140,06632,6632000
141,139,27600141,DE734,"Kassel, Landkreis",141,06633,6633000
142,140,27600142,DE735,Schwalm-Eder-Kreis,142,06634,6634000
143,141,27600143,DE736,Waldeck-Frankenberg,143,06635,6635000
144,142,27600144,DE737,Werra-Meißner-Kreis,144,06636,6636000
145,143,27600145,DEB11,"Koblenz, Kreisfreie Stadt",145,07111,7111000
146,144,27600146,DEB12,Ahrweiler,146,07131,7131000
147,145,27600147,DEB13,Altenkirchen (Westerwald),147,07132,7132000
148,146,27600148,DEB14,Bad Kreuznach,148,07133,7133000
149,147,27600149,DEB15,Birkenfeld,149,07134,7134000
150,148,27600150,DEB16,Cochem-Zell,150,07135,7135000
151,149,27600151,DEB17,Mayen-Koblenz,151,07137,7137000
152,150,27600152,DEB18,Neuwied,152,07138,7138000
153,152,27600154,DEB19,Rhein-Hunsrück-Kreis,154,07140,7140000
154,153,27600155,DEB1A,Rhein-Lahn-Kreis,155,07141,7141000
155,151,27600153,DEB1B,Westerwaldkreis,153,07143,7143000
156,154,27600156,DEB21,"Trier, Kreisfreie Stadt",156,07211,7211000
157,155,27600157,DEB22,Bernkastel-Wittlich,157,07231,7231000
158,156,27600158,DEB23,Eifelkreis Bitburg-Prüm,158,07232,7232000
159,157,27600159,DEB24,Vulkaneifel,159,07233,7233000
160,158,27600160,DEB25,Trier-Saarburg,160,07235,7235000
161,159,27600161,DEB31,"Frankenthal (Pfalz), Kreisfreie Stadt",161,07311,7311000
162,160,27600162,DEB32,"Kaiserslautern, Kreisfreie Stadt",162,07312,7312000
163,161,27600163,DEB33,"Landau in der Pfalz, Kreisfreie Stadt",163,07313,7313000
164,162,27600164,DEB34,"Ludwigshafen am Rhein, Kreisfreie Stadt",164,07314,7314000
165,163,27600165,DEB35,"Mainz, Kreisfreie Stadt",165,07315,7315000
166,164,27600166,DEB36,"Neustadt an der Weinstraße, Kreisfreie Stadt",166,07316,7316000
167,165,27600167,DEB37,"Pirmasens, Kreisfreie Stadt",167,07317,7317000
168,166,27600168,DEB38,"Speyer, Kreisfreie Stadt",168,07318,7318000
169,167,27600169,DEB39,"Worms, Kreisfreie Stadt",169,07319,7319000
170,168,27600170,DEB3A,"Zweibrücken, Kreisfreie Stadt",170,07320,7320000
171,169,27600171,DEB3B,Alzey-Worms,171,07331,7331000
172,170,27600172,DEB3C,Bad Dürkheim,172,07332,7332000
173,171,27600173,DEB3D,Donnersbergkreis,173,07333,7333000
174,172,27600174,DEB3E,Germersheim,174,07334,7334000
175,173,27600175,DEB3F,"Kaiserslautern, Landkreis",175,07335,7335000
176,174,27600176,DEB3G,Kusel,176,07336,7336000
177,175,27600177,DEB3H,Südliche Weinstraße,177,07337,7337000
178,176,27600178,DEB3I,Rhein-Pfalz-Kreis,178,07338,7338000
179,177,27600179,DEB3J,Mainz-Bingen,179,07339,7339000
180,178,27600180,DEB3K,Südwestpfalz,180,07340,7340000
181,179,27600181,DE111,"Stuttgart, Stadtkreis",181,08111,8111000
182,180,27600182,DE112,Böblingen,182,08115,8115000
183,181,27600183,DE113,Esslingen,183,08116,8116000
184,182,27600184,DE114,Göppingen,184,08117,8117000
185,183,27600185,DE115,Ludwigsburg,185,08118,8118000
186,184,27600186,DE116,Rems-Murr-Kreis,186,08119,8119000
187,185,27600187,DE117,"Heilbronn, Stadtkreis",187,08121,8121000
188,186,27600188,DE118,"Heilbronn, Landkreis",188,08125,8125000
189,187,27600189,DE119,Hohenlohekreis,189,08126,8126000
190,188,27600190,DE11A,Schwäbisch Hall,190,08127,8127000
191,189,27600191,DE11B,Main-Tauber-Kreis,191,08128,8128000
192,190,27600192,DE11C,Heidenheim,192,08135,8135000
193,191,27600193,DE11D,Ostalbkreis,193,08136,8136000
194,192,27600194,DE121,"Baden-Baden, Stadtkreis",194,08211,8211000
195,193,27600195,DE122,"Karlsruhe, Stadtkreis",195,08212,8212000
196,194,27600196,DE123,"Karlsruhe, Landkreis",196,08215,8215000
197,195,27600197,DE124,Rastatt,197,08216,8216000
198,196,27600198,DE125,"Heidelberg, Stadtkreis",198,08221,8221000
199,197,27600199,DE126,"Mannheim, Stadtkreis",199,08222,8222000
200,198,27600200,DE127,Neckar-Odenwald-Kreis,200,08225,8225000
201,199,27600201,DE128,Rhein-Neckar-Kreis,201,08226,8226000
202,200,27600202,DE129,"Pforzheim, Stadtkreis",202,08231,8231000
203,201,27600203,DE12A,Calw,203,08235,8235000
204,202,27600204,DE12B,Enzkreis,204,08236,8236000
205,203,27600205,DE12C,Freudenstadt,205,08237,8237000
206,204,27600206,DE131,"Freiburg im Breisgau, Stadtkreis",206,08311,8311000
207,205,27600207,DE132,Breisgau-Hochschwarzwald,207,08315,8315000
208,206,27600208,DE133,Emmendingen,208,08316,8316000
209,207,27600209,DE134,Ortenaukreis,209,08317,8317000
210,208,27600210,DE135,Rottweil,210,08325,8325000
211,209,27600211,DE136,Schwarzwald-Baar-Kreis,211,08326,8326000
212,210,27600212,DE137,Tuttlingen,212,08327,8327000
213,211,27600213,DE138,Konstanz,213,08335,8335000
214,212,27600214,DE139,Lörrach,214,08336,8336000
215,213,27600215,DE13A,Waldshut,215,08337,8337000
216,214,27600216,DE141,Reutlingen,216,08415,8415000
217,215,27600217,DE142,"Tübingen, Landkreis",217,08416,8416000
218,216,27600218,DE143,Zollernalbkreis,218,08417,8417000
219,217,27600219,DE144,"Ulm, Stadtkreis",219,08421,8421000
220,218,27600220,DE145,Alb-Donau-Kreis,220,08425,8425000
221,219,27600221,DE146,Biberach,221,08426,8426000
222,220,27600222,DE147,Bodenseekreis,222,08435,8435000
223,221,27600223,DE148,Ravensburg,223,08436,8436000
224,222,27600224,DE149,Sigmaringen,224,08437,8437000
225,223,27600225,DE211,"Ingolstadt, Kreisfreie Stadt",225,09161,9161000
226,224,27600226,DE212,"München, Kreisfreie Stadt",226,09162,9162000
227,225,27600227,DE213,"Rosenheim, Kreisfreie Stadt",227,09163,9163000
228,226,27600228,DE214,Altötting,228,09171,9171000
229,227,27600229,DE215,Berchtesgadener Land,229,09172,9172000
230,228,27600230,DE216,Bad Tölz-Wolfratshausen,230,09173,9173000
231,229,27600231,DE217,Dachau,231,09174,9174000
232,230,27600232,DE218,Ebersberg,232,09175,9175000
233,231,27600233,DE219,Eichstätt,233,09176,9176000
234,232,27600234,DE21A,Erding,234,09177,9177000
235,233,27600235,DE21B,Freising,235,09178,9178000
236,234,27600236,DE21C,Fürstenfeldbruck,236,09179,9179000
237,235,27600237,DE21D,Garmisch-Partenkirchen,237,09180,9180000
238,236,27600238,DE21E,Landsberg am Lech,238,09181,9181000
239,237,27600239,DE21F,Miesbach,239,09182,9182000
240,238,27600240,DE21G,Mühldorf a. Inn,240,09183,9183000
241,239,27600241,DE21H,"München, Landkreis",241,09184,9184000
242,240,27600242,DE21I,Neuburg-Schrobenhausen,242,09185,9185000
243,241,27600243,DE21J,Pfaffenhofen a. d. Ilm,243,09186,9186000
244,242,27600244,DE21K,"Rosenheim, Landkreis",244,09187,9187000
245,243,27600245,DE21L,Starnberg,245,09188,9188000
246,244,27600246,DE21M,Traunstein,246,09189,9189000
247,245,27600247,DE21N,Weilheim-Schongau,247,09190,9190000
248,246,27600248,DE221,"Landshut, Kreisfreie Stadt",248,09261,9261000
249,247,27600249,DE222,"Passau, Kreisfreie Stadt",249,09262,9262000
250,248,27600250,DE223,"Straubing, Kreisfreie Stadt",250,09263,9263000
251,249,27600251,DE224,Deggendorf,251,09271,9271000
252,250,27600252,DE225,Freyung-Grafenau,252,09272,9272000
253,251,27600253,DE226,Kelheim,253,09273,9273000
254,252,27600254,DE227,"Landshut, Landkreis",254,09274,9274000
255,253,27600255,DE228,"Passau, Landkreis",255,09275,9275000
256,254,27600256,DE229,Regen,256,09276,9276000
257,255,27600257,DE22A,Rottal-Inn,257,09277,9277000
258,256,27600258,DE22B,Straubing-Bogen,258,09278,9278000
259,257,27600259,DE22C,Dingolfing-Landau,259,09279,9279000
260,258,27600260,DE231,"Amberg, Kreisfreie Stadt",260,09361,9361000
261,259,27600261,DE232,"Regensburg, Kreisfreie Stadt",261,09362,9362000
262,260,27600262,DE233,"Weiden i. d. Opf, Kreisfreie Stadt",262,09363,9363000
263,261,27600263,DE234,Amberg-Sulzbach,263,09371,9371000
264,262,27600264,DE235,Cham,264,09372,9372000
265,263,27600265,DE236,Neumarkt i. d. OPf.,265,09373,9373000
266,264,27600266,DE237,Neustadt a. d. Waldnaab,266,09374,9374000
267,265,27600267,DE238,"Regensburg, Landkreis",267,09375,9375000
268,266,27600268,DE239,Schwandorf,268,09376,9376000
269,267,27600269,DE23A,Tirschenreuth,269,09377,9377000
270,268,27600270,DE241,"Bamberg, Kreisfreie Stadt",270,09461,9461000
271,269,27600271,DE242,"Bayreuth, Kreisfreie Stadt",271,09462,9462000
272,270,27600272,DE243,"Coburg, Kreisfreie Stadt",272,09463,9463000
273,271,27600273,DE244,"Hof, Kreisfreie Stadt",273,09464,9464000
274,272,27600274,DE245,"Bamberg, Landkreis",274,09471,9471000
275,273,27600275,DE246,"Bayreuth, Landkreis",275,09472,9472000
276,274,27600276,DE247,"Coburg, Landkreis",276,09473,9473000
277,275,27600277,DE248,Forchheim,277,09474,9474000
278,276,27600278,DE249,"Hof, Landkreis",278,09475,9475000
279,277,27600279,DE24A,Kronach,279,09476,9476000
280,278,27600280,DE24B,Kulmbach,280,09477,9477000
281,279,27600281,DE24C,Lichtenfels,281,09478,9478000
282,280,27600282,DE24D,Wunsiedel i. Fichtelgebirge,282,09479,9479000
283,281,27600283,DE251,"Ansbach, Kreisfreie Stadt",283,09561,9561000
284,282,27600284,DE252,"Erlangen, Kreisfreie Stadt",284,09562,9562000
285,283,27600285,DE253,"Fürth, Kreisfreie Stadt",285,09563,9563000
286,284,27600286,DE254,"Nürnberg, Kreisfreie Stadt",286,09564,9564000
287,285,27600287,DE255,"Schwabach, Kreisfreie Stadt",287,09565,9565000
288,286,27600288,DE256,"Ansbach, Landkreis",288,09571,9571000
289,287,27600289,DE257,Erlangen-Höchstadt,289,09572,9572000
290,288,27600290,DE258,"Fürth, Landkreis",290,09573,9573000
291,289,27600291,DE259,Nürnberger Land,291,09574,9574000
292,290,27600292,DE25A,Neustadt a. d. Aisch-Bad Windsheim,292,09575,9575000
293,291,27600293,DE25B,Roth,293,09576,9576000
294,292,27600294,DE25C,Weißenburg-Gunzenhausen,294,09577,9577000
295,293,27600295,DE261,"Aschaffenburg, Kreisfreie Stadt",295,09661,9661000
296,294,27600296,DE262,"Schweinfurt, Kreisfreie Stadt",296,09662,9662000
297,295,27600297,DE263,"Würzburg, Kreisfreie Stadt",297,09663,9663000
298,296,27600298,DE264,"Aschaffenburg, Landkreis",298,09671,9671000
299,297,27600299,DE265,Bad Kissingen,299,09672,9672000
300,298,27600300,DE266,Rhön-Grabfeld,300,09673,9673000
301,299,27600301,DE267,Haßberge,301,09674,9674000
302,300,27600302,DE268,Kitzingen,302,09675,9675000
303,301,27600303,DE269,Miltenberg,303,09676,9676000
304,302,27600304,DE26A,Main-Spessart,304,09677,9677000
305,303,27600305,DE26B,"Schweinfurt, Landkreis",305,09678,9678000
306,304,27600306,DE26C,"Würzburg, Landkreis",306,09679,9679000
307,305,27600307,DE271,"Augsburg, Kreisfreie Stadt",307,09761,9761000
308,306,27600308,DE272,"Kaufbeuren, Kreisfreie Stadt",308,09762,9762000
309,307,27600309,DE273,"Kempten (Allgäu), Kreisfreie Stadt",309,09763,9763000
310,308,27600310,DE274,"Memmingen, Kreisfreie Stadt",310,09764,9764000
311,309,27600311,DE275,Aichach-Friedberg,311,09771,9771000
312,310,27600312,DE276,"Augsburg, Landkreis",312,09772,9772000
313,311,27600313,DE277,Dillingen a.d. Donau,313,09773,9773000
314,313,27600315,DE279,Neu-Ulm,315,09775,9775000
315,314,27600316,DE27A,Lindau (Bodensee),316,09776,9776000
316,315,27600317,DE27B,Ostallgäu,317,09777,9777000
317,316,27600318,DE27C,Unterallgäu,318,09778,9778000
318,317,27600319,DE27D,Donau-Ries,319,09779,9779000
319,318,27600320,DE27E,Oberallgäu,320,09780,9780000
320,319,27600321,DEC01,Regionalverband Saarbrücken,321,10041,10041000
321,320,27600322,DEC02,Merzig-Wadern,322,10042,10042000
322,321,27600323,DEC03,Neunkirchen,323,10043,10043000
323,322,27600324,DEC04,Saarlouis,324,10044,10044000
324,323,27600325,DEC05,Saarpfalz-Kreis,325,10045,10045000
325,324,27600326,DEC06,St. Wendel,326,10046,10046000
326,325,27600327,DE300,Berlin,327,11000,11000000
327,326,27600328,DE401,"Brandenburg an der Havel, Kreisfreie Stadt",328,12051,12051000
328,327,27600329,DE402,"Cottbus, Kreisfreie Stadt",329,12052,12052000
329,328,27600330,DE403,"Frankfurt (Oder), Kreisfreie Stadt",330,12053,12053000
330,329,27600331,DE404,"Potsdam, Kreisfreie Stadt",331,12054,12054000
331,330,27600332,DE405,Barnim,332,12060,12060000
332,331,27600333,DE406,Dahme-Spreewald,333,12061,12061000
333,332,27600334,DE407,Elbe-Elster,334,12062,12062000
334,333,27600335,DE408,Havelland,335,12063,12063000
335,334,27600336,DE409,Märkisch-Oderland,336,12064,12064000
336,335,27600337,DE40A,Oberhavel,337,12065,12065000
337,336,27600338,DE40B,Oberspreewald-Lausitz,338,12066,12066000
338,337,27600339,DE40C,Oder-Spree,339,12067,12067000
339,338,27600340,DE40D,Ostprignitz-Ruppin,340,12068,12068000
340,339,27600341,DE40E,Potsdam-Mittelmark,341,12069,12069000
341,340,27600342,DE40F,Prignitz,342,12070,12070000
342,341,27600343,DE40G,Spree-Neiße,343,12071,12071000
343,342,27600344,DE40H,Teltow-Fläming,344,12072,12072000
344,343,27600345,DE40I,Uckermark,345,12073,12073000
345,344,27600348,DE803,"Rostock, Kreisfreie Stadt",348,13003,13003000
346,345,27600349,DE804,"Schwerin, Kreisfreie Stadt",349,13004,13004000
347,397,27600416,DE80J,Mecklenburgische Seenplatte,416,13071,13071000
348,398,27600417,DE80K,Landkreis Rostock,417,13072,13072000
349,399,27600418,DE80L,Vorpommern-Rügen,418,13073,13073000
350,400,27600419,DE80M,Nordwestmecklenburg,419,13074,13074000
351,401,27600420,DE80N,Vorpommern-Greifswald,420,13075,13075000
352,402,27600421,DE80O,Ludwigslust-Parchim,421,13076,13076000
353,346,27600364,DED41,"Chemnitz, Kreisfreie Stadt",364,14511,14511000
354,347,27600365,DED42,Erzgebirgskreis,365,14521,14521000
355,348,27600366,DED43,Mittelsachsen,366,14522,14522000
356,349,27600367,DED44,Vogtlandkreis,367,14523,14523000
357,350,27600368,DED45,Zwickau,368,14524,14524000
358,351,27600369,DED21,"Dresden, Kreisfreie Stadt",369,14612,14612000
359,352,27600370,DED2C,Bautzen,370,14625,14625000
360,353,27600371,DED2D,Görlitz,371,14626,14626000
361,354,27600372,DED2E,Meißen,372,14627,14627000
362,355,27600373,DED2F,Sächsische Schweiz-Osterzgebirge,373,14628,14628000
363,356,27600374,DED51,"Leipzig, Kreisfreie Stadt",374,14713,14713000
364,357,27600375,DED52,Leipzig,375,14729,14729000
365,358,27600376,DED53,Nordsachsen,376,14730,14730000
366,359,27600377,DEE01,"Dessau-Roßlau, Kreisfreie Stadt",377,15001,15001000
367,360,27600378,DEE02,"Halle (Saale), Kreisfreie Stadt",378,15002,15002000
368,361,27600379,DEE03,"Magdeburg, Kreisfreie Stadt",379,15003,15003000
369,362,27600380,DEE04,Altmarkkreis Salzwedel,380,15081,15081000
370,363,27600381,DEE05,Anhalt-Bitterfeld,381,15082,15082000
371,364,27600382,DEE07,Börde,382,15083,15083000
372,365,27600383,DEE08,Burgenlandkreis,383,15084,15084000
373,366,27600384,DEE09,Harz,384,15085,15085000
374,367,27600385,DEE06,Jerichower Land,385,15086,15086000
375,368,27600386,DEE0A,Mansfeld-Südharz,386,15087,15087000
376,369,27600387,DEE0B,Saalekreis,387,15088,15088000
377,370,27600388,DEE0C,Salzlandkreis,388,15089,15089000
378,371,27600389,DEE0D,Stendal,389,15090,15090000
379,372,27600390,DEE0E,Wittenberg,390,15091,15091000
380,373,27600391,DEG01,"Erfurt, Kreisfreie Stadt",391,16051,16051000
381,374,27600392,DEG02,"Gera, Kreisfreie Stadt",392,16052,16052000
382,375,27600393,DEG03,"Jena, Kreisfreie Stadt",393,16053,16053000
383,376,27600394,DEG04,"Suhl, Kreisfreie Stadt",394,16054,16054000
384,377,27600395,DEG05,"Weimar, Kreisfreie Stadt",395,16055,16055000
385,378,27600396,DEG0N,"Eisenach, Kreisfreie Stadt",396,16056,16056000
386,379,27600397,DEG06,Eichsfeld,397,16061,16061000
387,380,27600398,DEG07,Nordhausen,398,16062,16062000
388,381,27600399,DEG0P,Wartburgkreis,399,16063,16063000
389,382,27600400,DEG09,Unstrut-Hainich-Kreis,400,16064,16064000
390,383,27600401,DEG0A,Kyffhäuserkreis,401,16065,16065000
391,384,27600402,DEG0B,Schmalkalden-Meiningen,402,16066,16066000
392,385,27600403,DEG0C,Gotha,403,16067,16067000
393,386,27600404,DEG0D,Sömmerda,404,16068,16068000
394,387,27600405,DEG0E,Hildburghausen,405,16069,16069000
395,388,27600406,DEG0F,Ilm-Kreis,406,16070,16070000
396,389,27600407,DEG0G,Weimarer Land,407,16071,16071000
397,390,27600408,DEG0H,Sonneberg,408,16072,16072000
398,391,27600409,DEG0I,Saalfeld-Rudolstadt,409,16073,16073000
399,392,27600410,DEG0J,Saale-Holzland-Kreis,410,16074,16074000
400,393,27600411,DEG0K,Saale-Orla-Kreis,411,16075,16075000
401,394,27600412,DEG0L,Greiz,412,16076,16076000
402,395,27600413,DEG0M,Altenburger Land,413,16077,16077000
