GENESIS-Tabelle, 31231-0022,,,,,,,,,,,,,,,,,,
Residential buildings, dwellings,, living floor space,,,,,,,,,,,,,,,,
Administrative districts, reference date,NUTS3, number of,,,,,,,,,,,,,,,,
dwellings,,,,,,,,,,,,,,,,,,,
Stock of residential buildings and dwellings,,,,,,,,,,,,,,,,,,,
,,,,Number of dwellings in residential buildings,Number of dwellings in residential buildings,Number of dwellings in residential buildings,Number of dwellings in residential buildings,Number of dwellings in residential buildings,Number of dwellings in residential buildings,Number of dwellings in residential buildings,Number of dwellings in residential buildings,Number of dwellings in residential buildings,Number of dwellings in residential buildings,Number of dwellings in residential buildings,Number of dwellings in residential buildings,Number of dwellings in residential buildings,Number of dwellings in residential buildings,Number of dwellings in residential buildings,
,,,,1 dwelling,1 dwelling,1 dwelling,2 dwellings,2 dwellings,2 dwellings,3 or more dwellings,3 or more dwellings,3 or more dwellings,Residential establishments,Residential establishments,Residential establishments,Total,Total,Total,
,,,,Residential buildings,Dwellings,Living floor space,Residential buildings,Dwellings,Living floor space,Residential buildings,Dwellings,Living floor space,Residential buildings,Dwellings,Living floor space,Residential buildings,Dwellings,Living floor space,
,,,,number,number,1000 qm,number,number,1000 qm,number,number,1000 qm,number,number,1000 qm,number,number,1000 qm,
2022-12-31,1001,DEF01,Flensburg, kreisfreie Stadt,11575,11575,1439,978,1956,175,4907,36902,2373,48,507,25,17508,50940,4012
2022-12-31,1002,DEF02,Kiel, kreisfreie Stadt,22919,22919,2578,2276,4552,412,12157,104216,6566,120,2733,90,37472,134420,9646
2022-12-31,1003,DEF03,L�beck, kreisfreie Stadt,29296,29296,3250,4123,8246,703,10881,79720,4878,40,617,21,44340,117879,8853
2022-12-31,1004,DEF04,Neum�nster, kreisfreie Stadt,14371,14371,1643,1468,2936,254,3518,23825,1499,23,266,13,19380,41398,3408
2022-12-31,1051,DEF05,Dithmarschen, Landkreis,44070,44070,5279,4462,8924,832,3117,16546,1123,37,399,17,51686,69939,7251
2022-12-31,1053,DEF06,Herzogtum Lauenburg, Landkreis,47509,47509,5877,6218,12436,1189,5511,34904,2398,20,561,34,59258,95410,9497
2022-12-31,1054,DEF07,Nordfriesland, Landkreis,54517,54517,6477,7761,15522,1403,5413,28621,1859,37,699,39,67728,99359,9777
2022-12-31,1055,DEF08,Ostholstein, Landkreis,51787,51787,6111,7504,15008,1375,7292,47378,3161,63,610,48,66646,114783,10694
2022-12-31,1056,DEF09,Pinneberg, Landkreis,67617,67617,8293,7708,15416,1432,9553,71753,4835,43,458,33,84921,155244,14592
2022-12-31,1057,DEF0A,Pl�n, Landkreis,34385,34385,4132,4574,9148,866,3523,21185,1485,27,349,18,42509,65067,6501
2022-12-31,1058,DEF0B,Rendsburg-Eckernf�rde, Landkreis,73085,73085,9005,9455,18910,1802,7194,43149,3005,81,1024,51,89815,136168,13863
2022-12-31,1059,DEF0C,Schleswig-Flensburg, Landkreis,57633,57633,7162,8617,17234,1729,4931,26419,1908,41,451,30,71222,101737,10829
2022-12-31,1060,DEF0D,Segeberg, Landkreis,64035,64035,7965,6932,13864,1353,7182,52794,3636,79,498,32,78228,131191,12985
2022-12-31,1061,DEF0E,Steinburg, Landkreis,34832,34832,4236,4173,8346,777,3839,20671,1354,34,348,25,42878,64197,6392
2022-12-31,1062,DEF0F,Stormarn, Landkreis,56098,56098,7134,6839,13678,1331,6389,44145,3133,45,1081,54,69371,115002,11651
2022-12-31,2000,DE600,Hamburg, kreisfreie Stadt,153810,153810,18916,20749,41498,3861,84034,766439,51014,450,10096,432,259043,971843,74223
2022-12-31,3101,DE911,Braunschweig, kreisfreie Stadt,25165,25165,3310,4262,8524,813,13174,101592,7118,86,2183,79,42687,137464,11320
2022-12-31,3102,DE912,Salzgitter, kreisfreie Stadt,15291,15291,1909,2606,5212,513,5641,34146,2223,20,337,28,23558,54986,4673
2022-12-31,3103,DE913,Wolfsburg, kreisfreie Stadt,18924,18924,2570,3207,6414,620,5465,41575,2835,37,755,30,27633,67668,6056
2022-12-31,3151,DE914,Gifhorn, Landkreis,45764,45764,6372,8534,17068,1822,3672,18721,1441,44,397,25,58014,81950,9660
2022-12-31,3153,DE916,Goslar, Landkreis,23679,23679,3031,8041,16082,1491,6913,36406,2555,81,1927,73,38714,78094,7150
2022-12-31,3154,DE917,Helmstedt, Landkreis,22192,22192,2866,4208,8416,823,3364,17038,1220,16,272,19,29780,47918,4927
2022-12-31,3155,DE918,Northeim, Landkreis,26237,26237,3595,9419,18838,1878,4668,22492,1695,22,331,14,40346,67898,7182
2022-12-31,3157,DE91A,Peine, Landkreis,31924,31924,4290,6664,13328,1329,3655,18775,1431,19,302,13,42262,64329,7063
2022-12-31,3158,DE91B,Wolfenb�ttel, Landkreis,27041,27041,3647,5020,10040,995,4036,23471,1764,29,626,21,36126,61178,6427
2022-12-31,3152,DE91C,G�ttingen, Landkreis,51749,51749,6982,16942,33884,3277,13614,82219,5684,243,5166,167,82548,173018,16110
2022-12-31,3241,DE929,Region Hannover, Landkreis,153219,153219,20606,31021,62042,6051,49092,375013,26673,276,8080,310,233608,598354,53640
2022-12-31,3251,DE922,Diepholz, Landkreis,54273,54273,7374,10255,20510,2199,4853,23902,1886,50,679,40,69431,99364,11498
2022-12-31,3252,DE923,Hameln-Pyrmont, Landkreis,26784,26784,3562,8781,17562,1701,6456,33573,2542,38,576,36,42059,78495,7840
2022-12-31,3254,DE925,Hildesheim, Landkreis,50906,50906,6819,13322,26644,2579,10653,61575,4470,55,943,47,74936,140068,13915
2022-12-31,3255,DE926,Holzminden, Landkreis,14437,14437,1936,5460,10920,1050,2631,11782,892,14,101,8,22542,37240,3886
2022-12-31,3256,DE927,Nienburg (Weser), Landkreis,28347,28347,3910,6798,13596,1438,3153,14515,1114,22,384,26,38320,56842,6489
2022-12-31,3257,DE928,Schaumburg, Landkreis,28961,28961,3996,11244,22488,2245,5512,26784,2086,35,465,27,45752,78698,8354
2022-12-31,3351,DE931,Celle, Landkreis,45858,45858,5892,7888,15776,1568,5067,27094,1963,42,493,30,58855,89221,9452
2022-12-31,3352,DE932,Cuxhaven, Landkreis,55453,55453,7006,8353,16706,1641,5353,30980,2217,32,322,18,69191,103461,10882
2022-12-31,3353,DE933,Harburg, Landkreis,66540,66540,8637,9820,19640,1984,6325,37702,2829,59,629,38,82744,124511,13488
2022-12-31,3354,DE934,L�chow-Dannenberg, Landkreis,14946,14946,1922,2542,5084,516,1169,5895,421,13,98,6,18670,26023,2865
2022-12-31,3355,DE935,L�neburg, Landkreis,38599,38599,5001,6882,13764,1344,5656,35622,2470,55,1064,44,51192,89049,8858
2022-12-31,3356,DE936,Osterholz, Landkreis,31373,31373,4108,5061,10122,1028,2175,10747,825,28,222,14,38637,52464,5976
2022-12-31,3357,DE937,Rotenburg (W�mme), Landkreis,45446,45446,6165,7856,15712,1681,3095,15361,1140,28,362,21,56425,76881,9006
2022-12-31,3358,DE938,Heidekreis,,33237,33237,4326,7168,14336,1435,4020,20230,1515,33,213,13,44458,68016,7288
2022-12-31,3359,DE939,Stade, Landkreis,53078,53078,6728,6920,13840,1370,5391,33317,2361,70,771,32,65459,101006,10490
2022-12-31,3360,DE93A,Uelzen, Landkreis,23047,23047,3046,4720,9440,961,2908,14894,1073,39,390,23,30714,47771,5103
2022-12-31,3361,DE93B,Verden, Landkreis,33512,33512,4533,6620,13240,1380,3472,17307,1351,22,193,12,43626,64252,7275
2022-12-31,3401,DE941,Delmenhorst, kreisfreie Stadt,16161,16161,1941,2828,5656,517,2675,16450,1089,14,117,6,21678,38384,3553
2022-12-31,3402,DE942,Emden, kreisfreie Stadt,12071,12071,1393,1080,2160,181,1956,11182,750,26,370,15,15133,25783,2339
2022-12-31,3403,DE943,Oldenburg (Oldenburg), kreisfreie Stadt,32625,32625,4103,5418,10836,988,7758,49549,3311,55,1547,57,45856,94557,8457
2022-12-31,3404,DE944,Osnabr�ck, kreisfreie Stadt,17208,17208,2332,5449,10898,1059,9570,56344,3968,141,1792,90,32368,86242,7449
2022-12-31,3405,DE945,Wilhelmshaven, kreisfreie Stadt,10808,10808,1363,1505,3010,276,5188,30677,2060,16,185,10,17517,44680,3708
2022-12-31,3451,DE946,Ammerland, Landkreis,36416,36416,4840,5099,10198,1033,2462,12945,976,42,967,55,44019,60526,6903
2022-12-31,3452,DE947,Aurich, Landkreis,65457,65457,7876,7286,14572,1346,3470,17072,1179,43,319,21,76256,97420,10422
2022-12-31,3453,DE948,Cloppenburg, Landkreis,41501,41501,6136,7903,15806,1781,2643,13354,1038,60,466,30,52107,71127,8985
2022-12-31,3454,DE949,Emsland, Landkreis,87355,87355,12546,13103,26206,2893,5677,29564,2415,108,1117,67,106243,144242,17921
2022-12-31,3455,DE94A,Friesland, Landkreis,32440,32440,3988,3979,7958,739,2474,12433,900,20,221,13,38913,53052,5640
2022-12-31,3456,DE94B,Grafschaft Bentheim, Landkreis,38388,38388,5191,5152,10304,1087,2299,13186,965,49,513,41,45888,62391,7284
2022-12-31,3457,DE94C,Leer, Landkreis,54492,54492,6858,6320,12640,1210,2840,14182,1038,56,516,39,63708,81830,9145
2022-12-31,3458,DE94D,Oldenburg, Landkreis,35780,35780,4795,5800,11600,1210,2159,10195,806,33,457,44,43772,58032,6855
2022-12-31,3459,DE94E,Osnabr�ck, Landkreis,66276,66276,9477,23165,46330,4918,9502,45976,3703,64,867,56,99007,159449,18153
2022-12-31,3460,DE94F,Vechta, Landkreis,34170,34170,5128,6418,12836,1481,2450,13309,1030,55,565,32,43093,60880,7670
2022-12-31,3461,DE94G,Wesermarsch, Landkreis,25542,25542,3132,3127,6254,603,2669,13120,879,26,313,12,31364,45229,4626
2022-12-31,3462,DE94H,Wittmund, Landkreis,18720,18720,2251,2819,5638,529,1402,6292,439,13,77,5,22954,30727,3225
2022-12-31,4011,DE501,Bremen, kreisfreie Stadt,80830,80830,9803,12141,24282,2055,26798,182877,11805,143,5731,191,119912,293720,23853
2022-12-31,4012,DE502,Bremerhaven, kreisfreie Stadt,14245,14245,1707,1606,3212,279,5695,45366,2952,15,241,8,21561,63064,4945
2022-12-31,5111,DEA11,D�sseldorf, kreisfreie Stadt,28976,28976,4083,7319,14638,1428,35610,292299,20434,208,5766,215,72113,341679,26160
2022-12-31,5112,DEA12,Duisburg, kreisfreie Stadt,38924,38924,4582,9896,19792,1674,31490,191986,12832,95,1550,93,80405,252252,19182
2022-12-31,5113,DEA13,Essen, kreisfreie Stadt,37971,37971,4872,11029,22058,2028,39468,246218,16924,138,3113,128,88606,309360,23953
2022-12-31,5114,DEA14,Krefeld, kreisfreie Stadt,28338,28338,3667,4982,9964,943,12489,77620,5271,53,854,44,45862,116776,9925
2022-12-31,5116,DEA15,M�nchengladbach, kreisfreie Stadt,35495,35495,4492,7191,14382,1265,14438,83815,5807,43,683,32,57167,134375,11595
2022-12-31,5117,DEA16,M�lheim an der Ruhr, kreisfreie Stadt,15761,15761,2142,4921,9842,953,10893,64123,4565,33,565,28,31608,90291,7689
2022-12-31,5119,DEA17,Oberhausen, kreisfreie Stadt,17568,17568,2093,6472,12944,1153,14100,77450,5386,35,519,25,38175,108481,8657
2022-12-31,5120,DEA18,Remscheid, kreisfreie Stadt,10511,10511,1371,3671,7342,670,6422,39657,2767,27,619,40,20631,58129,4848
2022-12-31,5122,DEA19,Solingen, kreisfreie Stadt,17271,17271,2176,5365,10730,965,9713,52131,3688,46,787,44,32395,80919,6874
2022-12-31,5124,DEA1A,Wuppertal, kreisfreie Stadt,24543,24543,3256,7369,14738,1378,21979,147034,10315,81,1990,135,53972,188305,15084
2022-12-31,5154,DEA1B,Kleve, Landkreis,73541,73541,9551,12453,24906,2391,8764,44495,3207,84,1695,90,94842,144637,15238
2022-12-31,5158,DEA1C,Mettmann, Landkreis,62984,62984,8355,13765,27530,2538,21870,151397,11127,57,1625,68,98676,243536,22087
2022-12-31,5162,DEA1D,Rhein-Kreis Neuss,,77327,77327,10171,14410,28820,2700,17428,108138,7933,90,1061,62,109255,215346,20865
2022-12-31,5166,DEA1E,Viersen, Landkreis,64717,64717,8216,10789,21578,1970,9832,54123,3878,60,575,40,85398,140993,14104
2022-12-31,5170,DEA1F,Wesel, Landkreis,79280,79280,10119,18160,36320,3414,18073,103369,7361,62,686,33,115575,219655,20928
2022-12-31,5314,DEA22,Bonn, kreisfreie Stadt,31802,31802,4381,6525,13050,1238,17746,118632,8308,189,7325,223,56262,170809,14150
2022-12-31,5315,DEA23,K�ln, kreisfreie Stadt,70548,70548,9266,13002,26004,2403,55737,446346,30426,272,7735,386,139559,550633,42481
2022-12-31,5316,DEA24,Leverkusen, kreisfreie Stadt,18187,18187,2334,3775,7550,672,8464,55115,3872,20,326,18,30446,81178,6895
2022-12-31,5334,DEA2D,St�dteregion Aachen, Landkreis,78602,78602,10091,17471,34942,3218,25549,161435,10834,226,6673,219,121848,281652,24362
2022-12-31,5358,DEA26,D�ren, Landkreis,60364,60364,7815,8991,17982,1716,8430,45195,3275,70,1108,66,77855,124649,12872
2022-12-31,5362,DEA27,Rhein-Erft-Kreis,,91830,91830,11781,14083,28166,2620,16223,101169,7353,128,1786,90,122264,222951,21844
2022-12-31,5366,DEA28,Euskirchen, Landkreis,50578,50578,6559,8062,16124,1581,5006,25257,1885,57,788,38,63703,92747,10063
2022-12-31,5370,DEA29,Heinsberg, Landkreis,70512,70512,8948,9239,18478,1748,5955,31782,2302,54,625,42,85760,121397,13040
2022-12-31,5374,DEA2A,Oberbergischer Kreis,,48990,48990,6475,17129,34258,3334,8578,44171,3261,54,767,36,74751,128186,13105
2022-12-31,5378,DEA2B,Rheinisch-Bergischer Kreis,,51278,51278,6946,12636,25272,2453,10768,61519,4699,57,1222,63,74739,139291,14161
2022-12-31,5382,DEA2C,Rhein-Sieg-Kreis,,127199,127199,16909,22808,45616,4423,19311,105656,7915,133,1886,106,169451,280357,29352
2022-12-31,5512,DEA31,Bottrop, kreisfreie Stadt,12015,12015,1431,5352,10704,943,6796,36219,2583,19,224,12,24182,59162,4969
2022-12-31,5513,DEA32,Gelsenkirchen, kreisfreie Stadt,15439,15439,1823,4564,9128,799,18061,110409,7515,54,767,60,38118,135743,10197
2022-12-31,5515,DEA33,M�nster, kreisfreie Stadt,34923,34923,4762,6942,13884,1344,15634,109815,7637,241,8576,343,57740,167198,14086
2022-12-31,5554,DEA34,Borken, Landkreis,76020,76020,10202,19407,38814,3925,9152,46970,3462,101,1285,78,104680,163089,17668
2022-12-31,5558,DEA35,Coesfeld, Landkreis,43253,43253,5926,12436,24872,2499,5777,29599,2275,42,482,25,61508,98206,10724
2022-12-31,5562,DEA36,Recklinghausen, Landkreis,80072,80072,9808,24915,49830,4531,32936,180422,12974,127,1716,115,138050,312040,27429
2022-12-31,5566,DEA37,Steinfurt, Landkreis,91639,91639,12346,24729,49458,5007,10870,58153,4343,125,1157,77,127363,200407,21773
2022-12-31,5570,DEA38,Warendorf, Landkreis,52119,52119,7041,14619,29238,2948,8857,44633,3357,74,675,45,75669,126665,13392
2022-12-31,5711,DEA41,Bielefeld, kreisfreie Stadt,33029,33029,4346,11163,22326,2038,18427,111390,7779,191,3876,173,62810,170621,14336
2022-12-31,5754,DEA42,G�tersloh, Landkreis,58280,58280,8031,19376,38752,3905,13436,66998,5113,81,921,49,91173,164951,17098
2022-12-31,5758,DEA43,Herford, Landkreis,39222,39222,5262,18770,37540,3560,8529,42827,3243,39,734,33,66560,120323,12097
2022-12-31,5762,DEA44,H�xter, Landkreis,28769,28769,3987,9199,18398,1858,3913,18401,1424,42,647,36,41923,66215,7305
2022-12-31,5766,DEA45,Lippe, Landkreis,56739,56739,7476,22410,44820,4189,13449,66100,4951,119,2218,110,92717,169877,16725
2022-12-31,5770,DEA46,Minden-L�bbecke, Landkreis,55043,55043,7582,19734,39468,4058,9494,49654,3776,48,636,41,84319,144801,15456
2022-12-31,5774,DEA47,Paderborn, Landkreis,47556,47556,6651,15714,31428,3222,11492,62666,4662,98,2953,114,74860,144603,14649
2022-12-31,5911,DEA51,Bochum, kreisfreie Stadt,24742,24742,3189,8967,17934,1642,24337,148559,10326,107,4105,140,58153,195340,15297
2022-12-31,5913,DEA52,Dortmund, kreisfreie Stadt,47222,47222,6033,12743,25486,2325,36161,237953,16107,165,3354,133,96291,314015,24599
2022-12-31,5914,DEA53,Hagen, kreisfreie Stadt,13380,13380,1778,4813,9626,899,11830,76592,5361,34,444,32,30057,100042,8070
2022-12-31,5915,DEA54,Hamm, kreisfreie Stadt,24064,24064,2916,6742,13484,1238,8315,47032,3278,40,975,63,39161,85555,7494
2022-12-31,5916,DEA55,Herne, kreisfreie Stadt,10144,10144,1212,3663,7326,638,10519,64138,4444,47,632,44,24373,82240,6338
2022-12-31,5954,DEA56,Ennepe-Ruhr-Kreis,,32808,32808,4418,13098,26196,2502,18991,108602,7855,58,1208,79,64955,168814,14853
2022-12-31,5958,DEA57,Hochsauerlandkreis,,44133,44133,6013,19223,38446,3857,9569,45055,3461,61,924,54,72986,128558,13384
2022-12-31,5962,DEA58,M�rkischer Kreis,,50049,50049,6578,22422,44844,4181,20389,109715,7899,77,1269,77,92937,205877,18736
2022-12-31,5966,DEA59,Olpe, Landkreis,21670,21670,3016,10873,21746,2238,4035,18180,1429,32,382,19,36610,61978,6702
2022-12-31,5970,DEA5A,Siegen-Wittgenstein, Landkreis,46208,46208,6105,20526,41052,3929,8694,45187,3253,94,2390,114,75522,134837,13402
2022-12-31,5974,DEA5B,Soest, Landkreis,54542,54542,7460,17097,34194,3356,10489,53315,3954,52,570,39,82180,142621,14809
2022-12-31,5978,DEA5C,Unna, Landkreis,57897,57897,7239,17216,34432,3190,18650,102061,7286,72,862,49,93835,195252,17763
2022-12-31,6411,DE711,Darmstadt, kreisfreie Stadt,12367,12367,1653,3436,6872,647,7669,54989,3838,195,4914,230,23667,79142,6368
2022-12-31,6412,DE712,Frankfurt am Main, kreisfreie Stadt,31609,31609,4104,7721,15442,1409,38642,332805,22778,754,15724,681,78726,395580,28972
2022-12-31,6413,DE713,Offenbach am Main, kreisfreie Stadt,5926,5926,782,2156,4312,402,5992,51627,3503,34,334,26,14108,62199,4712
2022-12-31,6414,DE714,Wiesbaden, kreisfreie Stadt,20133,20133,2767,5455,10910,1063,13902,105083,7729,261,4144,247,39751,140270,11806
2022-12-31,6431,DE715,Bergstra�e, Landkreis,43102,43102,5950,16935,33870,3438,9211,47620,3856,65,597,36,69313,125189,13280
2022-12-31,6432,DE716,Darmstadt-Dieburg, Landkreis,49857,49857,6835,17113,34226,3407,10104,50021,3967,48,732,44,77122,134836,14253
2022-12-31,6433,DE717,Gro�-Gerau, Landkreis,35277,35277,4641,12100,24200,2334,10098,62238,4569,202,2510,130,57677,124225,11673
2022-12-31,6434,DE718,Hochtaunuskreis,,37350,37350,5547,8434,16868,1747,8620,55340,4369,96,1728,73,54500,111286,11737
2022-12-31,6435,DE719,Main-Kinzig-Kreis,,64473,64473,8686,23299,46598,4656,14926,83961,6462,148,1761,105,102846,196793,19909
2022-12-31,6436,DE71A,Main-Taunus-Kreis,,34764,34764,4896,8258,16516,1638,9034,59384,4626,79,1471,75,52135,112135,11235
2022-12-31,6437,DE71B,Odenwaldkreis,,17994,17994,2403,7093,14186,1436,2856,12796,1030,20,375,25,27963,45351,4893
2022-12-31,6438,DE71C,Offenbach, Landkreis,42253,42253,5782,13733,27466,2687,14690,92990,7045,71,933,57,70747,163642,15570
2022-12-31,6439,DE71D,Rheingau-Taunus-Kreis,,32270,32270,4476,10085,20170,2029,6891,35692,2844,56,1171,51,49302,89303,9400
2022-12-31,6440,DE71E,Wetteraukreis,,52786,52786,7272,16951,33902,3523,10530,54935,4327,86,1198,77,80353,142821,15198
2022-12-31,6531,DE721,Gie�en, Landkreis,39132,39132,5436,15191,30382,3132,9730,57969,4227,156,3587,158,64209,131070,12953
2022-12-31,6532,DE722,Lahn-Dill-Kreis,,51198,51198,6811,16400,32800,3338,6819,33934,2612,61,787,49,74478,118719,12809
2022-12-31,6533,DE723,Limburg-Weilburg, Landkreis,36016,36016,4918,10947,21894,2238,4818,22914,1805,40,464,28,51821,81288,8989
2022-12-31,6534,DE724,Marburg-Biedenkopf, Landkreis,40513,40513,5624,14701,29402,3091,7656,42315,3042,231,4136,187,63101,116366,11944
2022-12-31,6535,DE725,Vogelsbergkreis,,24451,24451,3338,7418,14836,1579,2524,10475,836,53,502,31,34446,50264,5784
2022-12-31,6611,DE731,Kassel, kreisfreie Stadt,15371,15371,1994,4764,9528,884,10798,73210,5070,434,5583,322,31367,103692,8269
2022-12-31,6631,DE732,Fulda, Landkreis,30850,30850,4346,17402,34804,3650,8376,39091,3105,111,1725,79,56739,106470,11180
2022-12-31,6632,DE733,Hersfeld-Rotenburg, Landkreis,24847,24847,3281,8667,17334,1737,3204,14481,1098,97,817,52,36815,57479,6168
2022-12-31,6633,DE734,Kassel, Landkreis,45722,45722,6063,17170,34340,3340,7078,34197,2676,69,756,48,70039,115015,12127
2022-12-31,6634,DE735,Schwalm-Eder-Kreis,,36695,36695,4964,14286,28572,2921,4627,20308,1607,81,614,37,55689,86189,9529
2022-12-31,6635,DE736,Waldeck-Frankenberg, Landkreis,32922,32922,4481,10456,20912,2159,4920,21980,1666,91,760,45,48389,76574,8351
2022-12-31,6636,DE737,Werra-Mei�ner-Kreis,,21930,21930,2809,6879,13758,1349,3025,13473,1006,88,906,51,31922,50067,5215
2022-12-31,7111,DEB11,Koblenz, kreisfreie Stadt,10779,10779,1455,3342,6684,644,6914,40678,3030,30,1221,42,21065,59362,5171
2022-12-31,7131,DEB12,Ahrweiler, Landkreis,31110,31110,4075,5915,11830,1147,4625,23239,1800,27,521,26,41677,66700,7048
2022-12-31,7132,DEB13,Altenkirchen (Westerwald), Landkreis,33133,33133,4323,7870,15740,1507,2868,12136,943,17,203,11,43888,61212,6784
2022-12-31,7133,DEB14,Bad Kreuznach, Landkreis,37253,37253,4969,6877,13754,1398,4638,26257,1941,43,562,37,48811,77826,8344
2022-12-31,7134,DEB15,Birkenfeld, Landkreis,21124,21124,2793,4561,9122,902,2547,12633,910,27,514,19,28259,43393,4624
2022-12-31,7135,DEB16,Cochem-Zell, Landkreis,19119,19119,2519,3214,6428,663,1587,6481,521,10,125,5,23930,32153,3708
2022-12-31,7137,DEB17,Mayen-Koblenz, Landkreis,48221,48221,6427,11085,22170,2192,8024,35774,2813,64,886,48,67394,107051,11480
2022-12-31,7138,DEB18,Neuwied, Landkreis,40971,40971,5477,9453,18906,1866,6018,28729,2182,34,556,34,56476,89162,9559
2022-12-31,7140,DEB19,Rhein-Hunsr�ck-Kreis,,26136,26136,3607,5938,11876,1229,3055,13352,1066,20,243,14,35149,51607,5915
2022-12-31,7141,DEB1A,Rhein-Lahn-Kreis,,26382,26382,3545,7374,14748,1470,4529,20854,1623,18,159,8,38303,62143,6646
2022-12-31,7143,DEB1B,Westerwaldkreis,,51667,51667,7106,11882,23764,2450,4787,22189,1768,45,973,39,68381,98593,11362
2022-12-31,7211,DEB21,Trier, kreisfreie Stadt,10899,10899,1472,3076,6152,576,6577,42020,2989,73,3388,82,20625,62459,5119
2022-12-31,7231,DEB22,Bernkastel-Wittlich, Landkreis,31846,31846,4236,6284,12568,1268,3064,13706,1104,19,236,13,41213,58356,6620
2022-12-31,7232,DEB23,Eifelkreis Bitburg-Pr�m,,29180,29180,3988,5919,11838,1235,2381,11032,907,14,140,9,37494,52190,6139
2022-12-31,7233,DEB24,Vulkaneifel, Landkreis,19366,19366,2509,3457,6914,694,1342,6011,468,12,133,8,24177,32424,3679
2022-12-31,7235,DEB25,Trier-Saarburg, Landkreis,38301,38301,5391,8347,16694,1748,3973,17532,1446,18,207,10,50639,72734,8594
2022-12-31,7311,DEB31,Frankenthal (Pfalz), kreisfreie Stadt,6031,6031,798,1127,2254,220,1788,15355,1133,12,114,9,8958,23754,2160
2022-12-31,7312,DEB32,Kaiserslautern, kreisfreie Stadt,11772,11772,1658,3390,6780,673,5337,36632,2494,55,1698,56,20554,56882,4882
2022-12-31,7313,DEB33,Landau in der Pfalz, kreisfreie Stadt,7344,7344,979,1156,2312,230,2088,14528,1127,15,562,18,10603,24746,2353
2022-12-31,7314,DEB34,Ludwigshafen am Rhein, kreisfreie Stadt,16888,16888,2172,3512,7024,671,7489,59374,4166,116,995,56,28005,84281,7065
2022-12-31,7315,DEB35,Mainz, kreisfreie Stadt,18404,18404,2499,4417,8834,859,9063,84070,5626,123,5027,190,32007,116335,9174
2022-12-31,7316,DEB36,Neustadt an der Weinstra�e, kreisfreie Stadt,9407,9407,1288,2069,4138,417,2373,14281,1089,11,202,12,13860,28028,2806
2022-12-31,7317,DEB37,Pirmasens, kreisfreie Stadt,5575,5575,735,2043,4086,375,2653,13452,959,12,273,12,10283,23386,2082
2022-12-31,7318,DEB38,Speyer, kreisfreie Stadt,6076,6076,788,1329,2658,254,2545,16430,1274,11,209,11,9961,25373,2326
2022-12-31,7319,DEB39,Worms, kreisfreie Stadt,12841,12841,1654,2520,5040,478,3679,23410,1654,27,591,23,19067,41882,3809
2022-12-31,7320,DEB3A,Zweibr�cken, kreisfreie Stadt,5987,5987,804,1966,3932,375,1491,7720,585,13,414,11,9457,18053,1775
2022-12-31,7331,DEB3B,Alzey-Worms, Landkreis,33855,33855,4521,5508,11016,1161,2723,14654,1138,24,148,13,42110,59673,6834
2022-12-31,7332,DEB3C,Bad D�rkheim, Landkreis,35241,35241,4732,5671,11342,1168,3638,19246,1511,18,164,9,44568,65993,7420
2022-12-31,7333,DEB3D,Donnersbergkreis,,20254,20254,2690,3690,7380,769,1705,8701,678,20,152,10,25669,36487,4148
2022-12-31,7334,DEB3E,Germersheim, Landkreis,27655,27655,3810,5349,10698,1131,3451,20905,1637,28,429,16,36483,59687,6594
2022-12-31,7335,DEB3F,Kaiserslautern, Landkreis,29758,29758,4406,8112,16224,1751,2984,12755,1126,29,275,13,40883,59012,7296
2022-12-31,7336,DEB3G,Kusel, Landkreis,21399,21399,2950,4922,9844,1036,1275,5552,455,8,103,6,27604,36898,4446
2022-12-31,7337,DEB3H,S�dliche Weinstra�e, Landkreis,29525,29525,3980,5423,10846,1124,2743,14588,1166,26,160,9,37717,55119,6280
2022-12-31,7338,DEB3I,Rhein-Pfalz-Kreis,,37161,37161,5004,6605,13210,1338,4077,22541,1818,34,354,25,47877,73266,8186
2022-12-31,7339,DEB3J,Mainz-Bingen, Landkreis,45412,45412,6214,10139,20278,2083,7089,37561,2928,42,690,34,62682,103941,11259
2022-12-31,7340,DEB3K,S�dwestpfalz, Landkreis,26719,26719,3643,7374,14748,1475,1931,7561,648,19,104,7,36043,49132,5773
2022-12-31,8111,DE111,Stuttgart, kreisfreie Stadt,26803,26803,3652,10995,21990,2051,37485,247875,17824,368,10234,374,75651,306902,23902
2022-12-31,8115,DE112,B�blingen, Landkreis,52502,52502,7080,16112,32224,3047,14777,95047,7367,86,1551,83,83477,181324,17577
2022-12-31,8116,DE113,Esslingen, Landkreis,68243,68243,8873,22555,45110,4173,23736,135072,10208,143,3527,138,114677,251952,23391
2022-12-31,8117,DE114,G�ppingen, Landkreis,37125,37125,4795,15324,30648,2861,9408,50519,3869,53,856,40,61910,119148,11565
2022-12-31,8118,DE115,Ludwigsburg, Landkreis,69101,69101,9103,21028,42056,3873,23343,138368,10552,176,3408,152,113648,252933,23680
2022-12-31,8119,DE116,Rems-Murr-Kreis,,53330,53330,7035,21099,42198,3929,19449,102871,7900,98,1267,64,93976,199666,18928
2022-12-31,8121,DE117,Heilbronn, kreisfreie Stadt,11654,11654,1503,3772,7544,692,6367,39017,2858,63,1863,63,21856,60078,5116
2022-12-31,8125,DE118,Heilbronn, Landkreis,63342,63342,8473,18469,36938,3571,10355,55408,4330,44,824,46,92210,156512,16420
2022-12-31,8126,DE119,Hohenlohekreis,,20500,20500,2761,6459,12918,1286,3243,18544,1430,52,530,25,30254,52492,5503
2022-12-31,8127,DE11A,Schw�bisch Hall, Landkreis,34863,34863,4714,11958,23916,2336,5770,30054,2349,76,1474,61,52667,90307,9460
2022-12-31,8128,DE11B,Main-Tauber-Kreis,,24898,24898,3423,9319,18638,1874,4014,19882,1565,35,593,23,38266,64011,6884
2022-12-31,8135,DE11C,Heidenheim, Landkreis,24730,24730,3142,7105,14210,1329,3867,22622,1651,27,764,24,35729,62326,6146
2022-12-31,8136,DE11D,Ostalbkreis,,51810,51810,6877,21479,42958,4172,9391,49246,3778,101,1774,82,82781,145788,14909
2022-12-31,8211,DE121,Baden-Baden, kreisfreie Stadt,5702,5702,875,2324,4648,476,3303,18369,1520,26,694,29,11355,29413,2900
2022-12-31,8212,DE122,Karlsruhe, kreisfreie Stadt,20202,20202,2783,5935,11870,1158,15611,118137,8765,111,4548,168,41859,154757,12874
2022-12-31,8215,DE123,Karlsruhe, Landkreis,76481,76481,10619,25047,50094,5043,15444,77356,6277,104,2283,105,117076,206214,22044
2022-12-31,8216,DE124,Rastatt, Landkreis,33283,33283,4602,14433,28866,2867,8745,45917,3684,62,1231,64,56523,109297,11216
2022-12-31,8221,DE125,Heidelberg, kreisfreie Stadt,8529,8529,1220,3183,6366,644,8107,56653,4109,139,6412,214,19958,77960,6187
2022-12-31,8222,DE126,Mannheim, kreisfreie Stadt,19458,19458,2574,5953,11906,1124,16159,128367,9044,137,4706,142,41707,164437,12883
2022-12-31,8225,DE127,Neckar-Odenwald-Kreis,,29251,29251,3963,10267,20534,2089,3484,16514,1316,35,741,36,43037,67040,7405
2022-12-31,8226,DE128,Rhein-Neckar-Kreis,,85560,85560,12111,28963,57926,5771,22134,117668,9257,119,2096,100,136776,263250,27240
2022-12-31,8231,DE129,Pforzheim, kreisfreie Stadt,9909,9909,1346,2785,5570,545,6066,43877,3204,51,1253,62,18811,60609,5157
2022-12-31,8235,DE12A,Calw, Landkreis,24915,24915,3338,9717,19434,1865,5868,29883,2315,46,1365,44,40546,75597,7561
2022-12-31,8236,DE12B,Enzkreis,,38142,38142,5083,12320,24640,2351,5775,27683,2187,43,702,34,56280,91167,9655
2022-12-31,8237,DE12C,Freudenstadt, Landkreis,18737,18737,2504,7612,15224,1477,4557,21768,1683,20,259,14,30926,55988,5677
2022-12-31,8311,DE131,Freiburg im Breisgau, kreisfreie Stadt,10945,10945,1515,3984,7968,796,11323,88734,6289,166,8218,311,26418,115865,8910
2022-12-31,8315,DE132,Breisgau-Hochschwarzwald, Landkreis,35392,35392,4920,14069,28138,2849,11022,56624,4608,66,974,53,60549,121128,12430
2022-12-31,8316,DE133,Emmendingen, Landkreis,21126,21126,2924,9223,18446,1855,7123,36004,2970,29,432,20,37501,76008,7769
2022-12-31,8317,DE134,Ortenaukreis,,58287,58287,8068,27067,54134,5566,16213,82027,6605,83,1624,87,101650,196072,20325
2022-12-31,8325,DE135,Rottweil, Landkreis,26223,26223,3469,9276,18552,1821,4412,21037,1665,20,293,16,39931,66105,6971
2022-12-31,8326,DE136,Schwarzwald-Baar-Kreis,,26774,26774,3640,11391,22782,2215,8968,51092,3950,75,1798,60,47208,102446,9866
2022-12-31,8327,DE137,Tuttlingen, Landkreis,25510,25510,3374,7785,15570,1500,4329,22608,1749,24,402,22,37648,64090,6644
2022-12-31,8335,DE138,Konstanz, Landkreis,33013,33013,4540,11380,22760,2251,13418,82900,6272,142,3216,168,57953,141889,13231
2022-12-31,8336,DE139,L�rrach, Landkreis,30174,30174,4123,9658,19316,1937,9798,59916,4709,32,416,26,49662,109822,10796
2022-12-31,8337,DE13A,Waldshut, Landkreis,24026,24026,3448,9708,19416,2023,7085,37691,3077,50,755,36,40869,81888,8584
2022-12-31,8415,DE141,Reutlingen, Landkreis,48726,48726,6186,13047,26094,2478,9862,56651,4301,80,1787,58,71715,133258,13023
2022-12-31,8416,DE142,T�bingen, Landkreis,32416,32416,4281,10283,20566,1985,8243,49074,3671,168,1655,112,51110,103711,10049
2022-12-31,8417,DE143,Zollernalbkreis,,46108,46108,5880,8547,17094,1656,4609,24684,1856,59,830,37,59323,88716,9429
2022-12-31,8421,DE144,Ulm, kreisfreie Stadt,11697,11697,1548,3456,6912,668,5851,40972,3004,73,2112,63,21077,61693,5282
2022-12-31,8425,DE145,Alb-Donau-Kreis,,39204,39204,5246,12009,24018,2395,4987,24559,1956,65,877,46,56265,88658,9643
2022-12-31,8426,DE146,Biberach, Landkreis,42319,42319,5746,10904,21808,2221,4935,26771,2108,70,1314,66,58228,92212,10142
2022-12-31,8435,DE147,Bodenseekreis,,28301,28301,3868,9796,19592,1940,10381,58191,4576,47,1097,46,48525,107181,10430
2022-12-31,8436,DE148,Ravensburg, Landkreis,44119,44119,5953,13931,27862,2803,9853,53810,4175,110,1889,88,68013,127680,13018
2022-12-31,8437,DE149,Sigmaringen, Landkreis,26970,26970,3592,7252,14504,1464,3498,17598,1371,40,657,40,37760,59729,6466
2022-12-31,9161,DE211,Ingolstadt, kreisfreie Stadt,18919,18919,2496,3933,7866,768,5632,42023,2809,72,2550,87,28556,71358,6159
2022-12-31,9162,DE212,M�nchen, kreisfreie Stadt,71863,71863,9663,11875,23750,2285,61243,689356,45730,347,22853,657,145328,807822,58335
2022-12-31,9163,DE213,Rosenheim, kreisfreie Stadt,6182,6182,821,1434,2868,269,2993,22191,1510,32,659,22,10641,31900,2621
2022-12-31,9171,DE214,Alt�tting, Landkreis,22823,22823,3182,4684,9368,974,3035,19961,1440,22,377,21,30564,52529,5616
2022-12-31,9172,DE215,Berchtesgadener Land, Landkreis,13330,13330,1804,4965,9930,973,4587,27699,1970,38,997,62,22920,51956,4810
2022-12-31,9173,DE216,Bad T�lz-Wolfratshausen, Landkreis,18459,18459,2625,5539,11078,1137,5077,29415,2195,37,743,48,29112,59695,6005
2022-12-31,9174,DE217,Dachau, Landkreis,24601,24601,3389,6552,13104,1302,5194,31061,2249,15,287,13,36362,69053,6953
2022-12-31,9175,DE218,Ebersberg, Landkreis,24936,24936,3556,4909,9818,1000,4203,26682,1965,17,383,29,34065,61819,6549
2022-12-31,9176,DE219,Eichst�tt, Landkreis,31209,31209,4461,7705,15410,1662,2513,11867,915,41,1062,40,41468,59548,7078
2022-12-31,9177,DE21A,Erding, Landkreis,24545,24545,3540,6522,13044,1397,4031,22959,1716,16,320,16,35114,60868,6669
2022-12-31,9178,DE21B,Freising, Landkreis,28038,28038,3980,7452,14904,1532,6305,38764,2769,66,1667,43,41861,83373,8323
2022-12-31,9179,DE21C,F�rstenfeldbruck, Landkreis,37315,37315,4972,6240,12480,1209,7201,51152,3692,30,749,39,50786,101696,9912
2022-12-31,9180,DE21D,Garmisch-Partenkirchen, Landkreis,10879,10879,1424,4280,8560,805,5063,25230,1808,41,556,19,20263,45225,4056
2022-12-31,9181,DE21E,Landsberg am Lech, Landkreis,25525,25525,3580,5677,11354,1178,3121,17598,1330,33,254,18,34356,54731,6106
2022-12-31,9182,DE21F,Miesbach, Landkreis,15685,15685,2308,4673,9346,947,4368,23162,1769,22,472,18,24748,48665,5041
2022-12-31,9183,DE21G,M�hldorf am Inn, Landkreis,24051,24051,3439,4842,9684,1037,2789,17863,1324,16,272,14,31698,51870,5815
2022-12-31,9184,DE21H,M�nchen, Landkreis,53169,53169,7770,8003,16006,1626,11574,91215,6666,86,3057,102,72832,163447,16164
2022-12-31,9185,DE21I,Neuburg-Schrobenhausen, Landkreis,21568,21568,3007,5135,10270,1091,2141,12391,909,17,230,15,28861,44459,5021
2022-12-31,9186,DE21J,Pfaffenhofen an der Ilm, Landkreis,27467,27467,3902,6947,13894,1486,3218,16653,1247,25,202,14,37657,58216,6649
2022-12-31,9187,DE21K,Rosenheim, Landkreis,45411,45411,6458,12870,25740,2644,9321,48260,3773,47,791,36,67649,120202,12911
2022-12-31,9188,DE21L,Starnberg, Landkreis,25159,25159,3780,5283,10566,1136,4787,29001,2192,27,302,13,35256,65028,7121
2022-12-31,9189,DE21M,Traunstein, Landkreis,31514,31514,4461,10023,20046,2096,6139,33715,2512,36,593,36,47712,85868,9105
2022-12-31,9190,DE21N,Weilheim-Schongau, Landkreis,24960,24960,3427,6937,13874,1418,4455,24211,1793,42,505,32,36394,63550,6671
2022-12-31,9261,DE221,Landshut, kreisfreie Stadt,9053,9053,1236,1636,3272,320,3021,23614,1674,33,1789,47,13743,37728,3277
2022-12-31,9262,DE222,Passau, kreisfreie Stadt,6545,6545,917,1788,3576,364,2625,19908,1301,34,1308,30,10992,31337,2612
2022-12-31,9263,DE223,Straubing, kreisfreie Stadt,7235,7235,962,1210,2420,234,2267,15503,1042,19,514,21,10731,25672,2258
2022-12-31,9271,DE224,Deggendorf, Landkreis,27009,27009,3762,6319,12638,1319,3100,18532,1309,54,1459,51,36482,59638,6441
2022-12-31,9272,DE225,Freyung-Grafenau, Landkreis,17364,17364,2401,6221,12442,1305,1633,7303,567,16,328,18,25234,37437,4291
2022-12-31,9273,DE226,Kelheim, Landkreis,27030,27030,3830,6257,12514,1333,2906,15767,1167,19,296,15,36212,55607,6345
2022-12-31,9274,DE227,Landshut, Landkreis,38147,38147,5430,7808,15616,1645,2617,13202,1014,24,172,12,48596,67137,8101
2022-12-31,9275,DE228,Passau, Landkreis,43817,43817,6256,12171,24342,2599,4263,21255,1583,49,1055,53,60300,90469,10491
2022-12-31,9276,DE229,Regen, Landkreis,15515,15515,2090,6260,12520,1259,2123,9662,734,21,234,14,23919,37931,4098
2022-12-31,9277,DE22A,Rottal-Inn, Landkreis,31218,31218,4536,5571,11142,1217,2140,11755,855,31,493,23,38960,54608,6631
2022-12-31,9278,DE22B,Straubing-Bogen, Landkreis,27461,27461,3898,5730,11460,1228,1424,6591,517,20,240,13,34635,45752,5656
2022-12-31,9279,DE22C,Dingolfing-Landau, Landkreis,25064,25064,3487,4137,8274,880,1555,8777,632,17,171,9,30773,42286,5007
2022-12-31,9361,DE231,Amberg, kreisfreie Stadt,5733,5733,752,1545,3090,299,2311,13883,979,16,313,13,9605,23019,2043
2022-12-31,9362,DE232,Regensburg, kreisfreie Stadt,12200,12200,1678,2551,5102,479,8205,69137,4535,102,7421,176,23058,93860,6868
2022-12-31,9363,DE233,Weiden in der Oberpfalz, kreisfreie Stadt,5151,5151,712,1702,3404,312,2499,14716,1039,25,451,19,9377,23722,2081
2022-12-31,9371,DE234,Amberg-Sulzbach, Landkreis,20310,20310,2792,8538,17076,1772,2768,11734,949,15,208,13,31631,49328,5526
2022-12-31,9372,DE235,Cham, Landkreis,27893,27893,3811,10385,20770,2204,2896,12899,1017,19,288,15,41193,61850,7047
2022-12-31,9373,DE236,Neumarkt in der Oberpfalz, Landkreis,30529,30529,4355,7607,15214,1648,2555,14711,1133,25,437,20,40716,60891,7156
2022-12-31,9374,DE237,Neustadt an der Waldnaab, Landkreis,19626,19626,2696,8020,16040,1628,2479,10521,829,15,383,27,30140,46570,5179
2022-12-31,9375,DE238,Regensburg, Landkreis,42179,42179,6002,11724,23448,2429,5145,24247,1905,22,522,26,59070,90396,10362
2022-12-31,9376,DE239,Schwandorf, Landkreis,28117,28117,3742,11573,23146,2340,3727,16721,1291,36,259,27,43453,68243,7399
2022-12-31,9377,DE23A,Tirschenreuth, Landkreis,13836,13836,1825,6022,12044,1182,2079,9680,723,16,169,11,21953,35729,3741
2022-12-31,9461,DE241,Bamberg, kreisfreie Stadt,6050,6050,828,2078,4156,389,4679,29710,2107,59,2813,87,12866,42729,3412
2022-12-31,9462,DE242,Bayreuth, kreisfreie Stadt,7866,7866,1066,1740,3480,330,3893,28063,1902,59,2939,74,13558,42348,3373
2022-12-31,9463,DE243,Coburg, kreisfreie Stadt,5872,5872,787,1372,2744,263,2190,13842,975,23,959,25,9457,23417,2050
2022-12-31,9464,DE244,Hof, kreisfreie Stadt,5407,5407,682,1380,2760,259,2811,17028,1184,28,808,28,9626,26003,2153
2022-12-31,9471,DE245,Bamberg, Landkreis,26361,26361,3614,10995,21990,2250,4221,17160,1427,25,315,21,41602,65826,7312
2022-12-31,9472,DE246,Bayreuth, Landkreis,21993,21993,2977,7816,15632,1576,2900,12444,954,25,249,16,32734,50318,5522
2022-12-31,9473,DE247,Coburg, Landkreis,17993,17993,2429,5238,10476,1066,2586,13121,970,17,183,13,25834,41773,4477
2022-12-31,9474,DE248,Forchheim, Landkreis,21828,21828,3040,7910,15820,1617,3534,15972,1289,18,217,13,33290,53837,5959
2022-12-31,9475,DE249,Hof, Landkreis,21454,21454,2696,6854,13708,1267,3169,14472,1040,26,501,27,31503,50135,5031
2022-12-31,9476,DE24A,Kronach, Landkreis,14925,14925,1908,5344,10688,1058,1567,6973,546,10,82,6,21846,32668,3519
2022-12-31,9477,DE24B,Kulmbach, Landkreis,15134,15134,2003,5048,10096,976,2342,11076,823,15,206,11,22539,36512,3814
2022-12-31,9478,DE24C,Lichtenfels, Landkreis,14009,14009,1863,4533,9066,911,1764,8539,641,26,442,47,20332,32056,3462
2022-12-31,9479,DE24D,Wunsiedel im Fichtelgebirge, Landkreis,14810,14810,1856,4520,9040,818,3116,15518,1124,20,277,16,22466,39645,3814
2022-12-31,9561,DE251,Ansbach, kreisfreie Stadt,5937,5937,772,1583,3166,300,2068,11889,859,17,713,25,9605,21705,1957
2022-12-31,9562,DE252,Erlangen, kreisfreie Stadt,11966,11966,1593,2283,4566,431,5215,42968,2925,117,5948,158,19581,65448,5107
2022-12-31,9563,DE253,F�rth, kreisfreie Stadt,11672,11672,1505,2081,4162,393,6000,48919,3534,30,639,34,19783,65392,5466
2022-12-31,9564,DE254,N�rnberg, kreisfreie Stadt,41952,41952,5334,5948,11896,1106,24251,215763,14739,205,6767,305,72356,276378,21484
2022-12-31,9565,DE255,Schwabach, kreisfreie Stadt,6734,6734,887,1543,3086,291,1670,9952,731,12,258,9,9959,20030,1919
2022-12-31,9571,DE256,Ansbach, Landkreis,38564,38564,5299,12328,24656,2552,4275,18995,1480,62,1179,52,55229,83394,9383
2022-12-31,9572,DE257,Erlangen-H�chstadt, Landkreis,28839,28839,4024,7863,15726,1594,4162,20260,1615,19,313,17,40883,65138,7250
2022-12-31,9573,DE258,F�rth, Landkreis,22535,22535,3028,5710,11420,1118,4325,23732,1834,22,341,24,32592,58028,6003
2022-12-31,9574,DE259,N�rnberger Land, Landkreis,34848,34848,4719,8703,17406,1721,5519,30325,2317,39,928,62,49109,83507,8819
2022-12-31,9575,DE25A,Neustadt an der Aisch-Bad Windsheim, Landkreis,21829,21829,2982,6305,12610,1300,2388,10825,861,26,206,13,30548,45470,5155
2022-12-31,9576,DE25B,Roth, Landkreis,27641,27641,3736,7044,14088,1414,3286,15641,1252,29,563,31,38000,57933,6433
2022-12-31,9577,DE25C,Wei�enburg-Gunzenhausen, Landkreis,18615,18615,2519,6106,12212,1253,2585,13056,992,20,299,23,27326,44182,4786
2022-12-31,9661,DE261,Aschaffenburg, kreisfreie Stadt,6301,6301,857,2440,4880,470,4229,25375,1857,22,705,36,12992,37261,3220
2022-12-31,9662,DE262,Schweinfurt, kreisfreie Stadt,4843,4843,642,1172,2344,219,2871,20317,1423,23,549,26,8909,28053,2310
2022-12-31,9663,DE263,W�rzburg, kreisfreie Stadt,10161,10161,1402,3257,6514,627,6707,54752,3659,138,5724,152,20263,77151,5841
2022-12-31,9671,DE264,Aschaffenburg, Landkreis,29296,29296,4003,14597,29194,2926,5691,23738,2000,19,156,13,49603,82384,8941
2022-12-31,9672,DE265,Bad Kissingen, Landkreis,18728,18728,2505,8232,16464,1664,3221,15722,1232,21,488,30,30202,51402,5431
2022-12-31,9673,DE266,Rh�n-Grabfeld, Landkreis,17440,17440,2327,5631,11262,1162,2176,9639,775,29,232,18,25276,38573,4281
2022-12-31,9674,DE267,Ha�berge, Landkreis,18363,18363,2490,5958,11916,1225,1929,8518,677,10,77,5,26260,38874,4397
2022-12-31,9675,DE268,Kitzingen, Landkreis,17499,17499,2347,5932,11864,1204,2702,12317,962,16,112,8,26149,41792,4521
2022-12-31,9676,DE269,Miltenberg, Landkreis,22516,22516,3025,9874,19748,1951,4127,18110,1448,27,240,12,36544,60614,6437
2022-12-31,9677,DE26A,Main-Spessart, Landkreis,25789,25789,3458,10318,20636,2088,3444,14783,1200,25,417,23,39576,61625,6768
2022-12-31,9678,DE26B,Schweinfurt, Landkreis,23341,23341,3150,8646,17292,1735,3153,13955,1134,15,204,10,35155,54792,6029
2022-12-31,9679,DE26C,W�rzburg, Landkreis,31001,31001,4247,11925,23850,2409,5019,23766,1893,40,389,27,47985,79006,8576
2022-12-31,9761,DE271,Augsburg, kreisfreie Stadt,21324,21324,2700,3626,7252,638,13708,119835,8112,151,5211,161,38809,153622,11611
2022-12-31,9762,DE272,Kaufbeuren, kreisfreie Stadt,6405,6405,790,797,1594,150,1956,14180,960,9,55,8,9167,22234,1907
2022-12-31,9763,DE273,Kempten (Allg�u), kreisfreie Stadt,6054,6054,795,1315,2630,252,3165,25493,1793,33,612,22,10567,34789,2861
2022-12-31,9764,DE274,Memmingen, kreisfreie Stadt,6453,6453,819,1040,2080,194,1679,12577,872,13,407,13,9185,21517,1898
2022-12-31,9771,DE275,Aichach-Friedberg, Landkreis,29320,29320,4084,6796,13592,1425,3231,17530,1338,27,262,22,39374,60704,6868
2022-12-31,9772,DE276,Augsburg, Landkreis,53285,53285,7258,9862,19724,1983,6947,43353,3248,46,553,36,70140,116915,12525
2022-12-31,9773,DE277,Dillingen an der Donau, Landkreis,24053,24053,3158,4383,8766,887,1621,9191,672,29,335,25,30086,42345,4743
2022-12-31,9774,DE278,G�nzburg, Landkreis,29294,29294,3844,5649,11298,1139,2857,15704,1147,31,555,28,37831,56851,6158
2022-12-31,9775,DE279,Neu-Ulm, Landkreis,31642,31642,4137,6995,13990,1364,5711,36897,2716,54,1835,73,44402,84364,8290
2022-12-31,9776,DE27A,Lindau (Bodensee), Landkreis,10585,10585,1456,4074,8148,815,4045,22008,1697,19,257,12,18723,40998,3981
2022-12-31,9777,DE27B,Ostallg�u, Landkreis,28821,28821,3954,7444,14888,1489,4400,22418,1725,29,176,12,40694,66303,7179
2022-12-31,9778,DE27C,Unterallg�u, Landkreis,35175,35175,4763,6129,12258,1241,3393,17663,1373,43,398,21,44740,65494,7398
2022-12-31,9779,DE27D,Donau-Ries, Landkreis,30560,30560,4148,7425,14850,1551,2809,14934,1117,41,395,21,40835,60739,6837
2022-12-31,9780,DE27E,Oberallg�u, Landkreis,21333,21333,2922,8382,16764,1694,7747,41030,3135,45,673,37,37507,79800,7788
2022-12-31,10041,DEC01,Regionalverband Saarbr�cken, Landkreis,49799,49799,6484,18867,37734,3532,14838,84033,6069,65,2062,79,83569,173628,16164
2022-12-31,10042,DEC02,Merzig-Wadern, Landkreis,29756,29756,4067,5739,11478,1193,1853,9106,724,11,152,14,37359,50492,5997
2022-12-31,10043,DEC03,Neunkirchen, Landkreis,27868,27868,3582,10761,21522,2038,3933,18969,1421,15,407,15,42577,68766,7056
2022-12-31,10044,DEC04,Saarlouis, Landkreis,48360,48360,6508,13001,26002,2575,4597,21648,1682,21,123,8,65979,96133,10774
2022-12-31,10045,DEC05,Saarpfalz-Kreis,,34569,34569,4609,9758,19516,1874,3420,18516,1376,20,474,18,47767,73075,7877
2022-12-31,10046,DEC06,Sankt Wendel, Landkreis,23565,23565,3186,6760,13520,1394,1475,6405,516,5,271,16,31805,43761,5112
2022-12-31,11000,DE300,Berlin, kreisfreie Stadt,172715,172715,21217,17599,35198,3409,142411,1745605,119058,702,30952,1238,333427,1984470,144922
2022-12-31,12051,DE401,Brandenburg an der Havel, kreisfreie Stadt,8542,8542,941,925,1850,159,4195,32269,1953,14,513,22,13676,43174,3075
2022-12-31,12052,DE402,Cottbus, kreisfreie Stadt,9927,9927,1185,1425,2850,254,4429,42753,2661,37,1750,58,15818,57280,4159
2022-12-31,12053,DE403,Frankfurt (Oder), kreisfreie Stadt,5388,5388,626,621,1242,110,2617,25144,1545,42,1188,40,8668,32962,2321
2022-12-31,12054,DE404,Potsdam, kreisfreie Stadt,12883,12883,1638,1652,3304,326,8063,78674,5160,65,3204,115,22663,98065,7238
2022-12-31,12060,DE405,Barnim, Landkreis,44472,44472,5090,4383,8766,767,5782,41215,2632,30,401,15,54667,94854,8503
2022-12-31,12061,DE406,Dahme-Spreewald, Landkreis,43760,43760,4977,5053,10106,900,4715,33926,2147,28,1331,36,53556,89123,8060
2022-12-31,12062,DE407,Elbe-Elster, Landkreis,24075,24075,2675,5706,11412,963,3293,20108,1229,12,442,16,33086,56037,4883
2022-12-31,12063,DE408,Havelland, Landkreis,41084,41084,4780,4310,8620,772,5113,32501,2049,34,440,21,50541,82645,7621
2022-12-31,12064,DE409,M�rkisch-Oderland, Landkreis,51290,51290,5750,4925,9850,875,5729,39004,2430,16,225,15,61960,100369,9069
2022-12-31,12065,DE40A,Oberhavel, Landkreis,49528,49528,5701,5177,10354,904,6669,45311,2862,15,291,13,61389,105484,9479
2022-12-31,12066,DE40B,Oberspreewald-Lausitz, Landkreis,21022,21022,2298,3661,7322,630,4698,34284,2070,6,469,16,29387,63097,5014
2022-12-31,12067,DE40C,Oder-Spree, Landkreis,41350,41350,4693,5098,10196,882,5987,43972,2744,25,505,16,52460,96023,8336
2022-12-31,12068,DE40D,Ostprignitz-Ruppin, Landkreis,22249,22249,2521,3058,6116,547,3774,24638,1536,21,281,12,29102,53284,4615
2022-12-31,12069,DE40E,Potsdam-Mittelmark, Landkreis,55217,55217,6719,6641,13282,1244,5258,34528,2290,15,496,17,67131,103523,10269
2022-12-31,12070,DE40F,Prignitz, Landkreis,18575,18575,2093,2882,5764,511,3107,19404,1157,9,78,4,24573,43821,3765
2022-12-31,12071,DE40G,Spree-Nei�e, Landkreis,25371,25371,2918,4639,9278,807,4150,27787,1725,14,80,6,34174,62516,5455
2022-12-31,12072,DE40H,Teltow-Fl�ming, Landkreis,38481,38481,4423,4957,9914,885,5628,38232,2402,17,423,19,49083,87050,7728
2022-12-31,12073,DE40I,Uckermark, Landkreis,23934,23934,2731,3082,6164,565,4918,37365,2279,24,290,10,31958,67753,5584
2022-12-31,13003,DE803,Rostock, kreisfreie Stadt,11119,11119,1343,1261,2522,231,9878,109302,6512,36,1626,52,22294,124569,8138
2022-12-31,13004,DE804,Schwerin, kreisfreie Stadt,7561,7561,934,896,1792,169,5707,48918,3005,2,64,1,14166,58335,4109
2022-12-31,13071,DE80J,Mecklenburgische Seenplatte, Landkreis,49911,49911,5644,6400,12800,1124,10662,83143,5016,33,473,25,67006,146327,11809
2022-12-31,13072,DE80K,Rostock, Landkreis,50684,50684,5893,6526,13052,1151,7350,48214,2990,13,346,13,64573,112296,10046
2022-12-31,13073,DE80L,Vorpommern-R�gen, Landkreis,48119,48119,5267,5766,11532,970,9025,72255,4344,32,521,24,62942,132427,10605
2022-12-31,13074,DE80M,Nordwestmecklenburg, Landkreis,35263,35263,4067,4124,8248,721,6062,40804,2406,13,327,17,45462,84642,7211
2022-12-31,13075,DE80N,Vorpommern-Greifswald, Landkreis,47945,47945,5347,6052,12104,1026,10056,76658,4564,67,1630,60,64120,138337,10997
2022-12-31,13076,DE80O,Ludwigslust-Parchim, Landkreis,50384,50384,5847,7809,15618,1406,6792,42184,2600,19,362,13,65004,108548,9867
2022-12-31,14511,DED41,Chemnitz, kreisfreie Stadt,16207,16207,1860,3591,7182,599,13455,127759,8045,29,2100,47,33282,153248,10551
2022-12-31,14521,DED42,Erzgebirgskreis,,42616,42616,4536,20654,41308,3186,18899,105996,6734,27,300,15,82196,190220,14471
2022-12-31,14522,DED43,Mittelsachsen, Landkreis,49664,49664,5363,13698,27396,2191,15703,96447,5987,53,1306,47,79118,174813,13588
2022-12-31,14523,DED44,Vogtlandkreis,,34716,34716,3704,11343,22686,1804,12656,80712,5088,15,440,17,58730,138554,10612
2022-12-31,14524,DED45,Zwickau, Landkreis,39744,39744,4371,14047,28094,2234,18754,118447,7450,42,1179,48,72587,187464,14103
2022-12-31,14612,DED21,Dresden, kreisfreie Stadt,27587,27587,3355,5586,11172,1020,26368,264350,17218,115,7536,245,59656,310645,21838
2022-12-31,14625,DED2C,Bautzen, Landkreis,54852,54852,6133,13360,26720,2220,11302,77637,4897,31,633,32,79545,159842,13281
2022-12-31,14626,DED2D,G�rlitz, Landkreis,45331,45331,4905,10415,20830,1727,12257,83449,5370,38,823,32,68041,150433,12033
2022-12-31,14627,DED2E,Mei�en, Landkreis,38997,38997,4449,9441,18882,1619,11271,75335,4795,27,761,26,59736,133975,10888
2022-12-31,14628,DED2F,S�chsische Schweiz-Osterzgebirge, Landkreis,37394,37394,4155,10231,20462,1672,11706,75506,4792,33,637,23,59364,133999,10641
2022-12-31,14713,DED51,Leipzig, kreisfreie Stadt,30622,30622,3649,3505,7010,628,28055,296828,19551,96,7259,262,62278,341719,24090
2022-12-31,14729,DED52,Leipzig, Landkreis,51413,51413,5910,9311,18622,1575,11231,72049,4510,21,355,17,71976,142439,12012
2022-12-31,14730,DED53,Nordsachsen, Landkreis,39487,39487,4451,7532,15064,1291,8052,53328,3322,12,237,8,55083,108116,9071
2022-12-31,15001,DEE01,Dessau-Ro�lau, kreisfreie Stadt,12688,12688,1415,1688,3376,282,4233,33397,2087,25,486,20,18634,49947,3804
2022-12-31,15002,DEE02,Halle (Saale), kreisfreie Stadt,14620,14620,1685,2041,4082,361,12733,122130,7642,46,1522,47,29440,142354,9735
2022-12-31,15003,DEE03,Magdeburg, kreisfreie Stadt,20556,20556,2406,2238,4476,406,11991,114317,7177,44,3033,124,34829,142382,10112
2022-12-31,15081,DEE04,Altmarkkreis Salzwedel,,21145,21145,2509,3138,6276,599,2861,16788,1068,12,175,7,27156,44384,4183
2022-12-31,15082,DEE05,Anhalt-Bitterfeld, Landkreis,34582,34582,3749,6050,12100,1002,7088,45189,2759,27,487,17,47747,92358,7527
2022-12-31,15083,DEE07,B�rde, Landkreis,42987,42987,4968,6835,13670,1212,5817,34617,2219,19,204,13,55658,91478,8412
2022-12-31,15084,DEE08,Burgenlandkreis,,31185,31185,3443,7517,15034,1270,9017,56517,3557,20,200,12,47739,102936,8282
2022-12-31,15085,DEE09,Harz, Landkreis,42266,42266,4708,9585,19170,1619,9997,63120,4033,35,540,26,61883,125096,10385
2022-12-31,15086,DEE06,Jerichower Land, Landkreis,23471,23471,2691,3151,6302,560,3288,19892,1247,13,143,10,29923,49808,4507
2022-12-31,15087,DEE0A,Mansfeld-S�dharz, Landkreis,33565,33565,3506,5919,11838,969,4897,31117,1911,10,88,5,44391,76608,6391
2022-12-31,15088,DEE0B,Saalekreis,,42428,42428,4721,6813,13626,1170,7040,44360,2786,27,348,15,56308,100762,8692
2022-12-31,15089,DEE0C,Salzlandkreis,,40021,40021,4302,6737,13474,1108,9417,58544,3565,46,717,27,56221,112756,9002
2022-12-31,15090,DEE0D,Stendal, Landkreis,26283,26283,2991,4110,8220,741,4523,30146,1899,12,128,5,34928,64777,5635
2022-12-31,15091,DEE0E,Wittenberg, Landkreis,30005,30005,3264,5767,11534,976,4557,28643,1781,20,168,8,40349,70350,6029
2022-12-31,16051,DEG01,Erfurt, kreisfreie Stadt,16352,16352,1949,2853,5706,505,9803,91707,5834,51,1397,86,29059,115162,8374
2022-12-31,16052,DEG02,Gera, kreisfreie Stadt,7575,7575,858,1581,3162,276,5694,48944,3072,10,399,14,14860,60080,4219
2022-12-31,16053,DEG03,Jena, kreisfreie Stadt,8432,8432,1001,1560,3120,282,5361,48435,3033,76,2451,90,15429,62438,4407
2022-12-31,16054,DEG04,Suhl, kreisfreie Stadt,4976,4976,553,1399,2798,227,1643,14336,861,3,95,4,8021,22205,1645
2022-12-31,16055,DEG05,Weimar, kreisfreie Stadt,6138,6138,718,995,1990,180,3698,26021,1735,30,796,37,10861,34945,2671
2022-12-31,16061,DEG06,Eichsfeld, Landkreis,19644,19644,2453,5558,11116,1035,2558,15809,1038,11,185,18,27771,46754,4544
2022-12-31,16062,DEG07,Nordhausen, Landkreis,15534,15534,1757,3470,6940,601,3179,22606,1391,22,448,22,22205,45528,3771
2022-12-31,16063,DEG0P,Wartburgkreis,,28373,28373,3320,9285,18570,1617,5929,37138,2410,21,452,22,43608,84533,7369
2022-12-31,16064,DEG09,Unstrut-Hainich-Kreis,,21057,21057,2461,4853,9706,862,3610,22426,1438,14,451,15,29534,53640,4775
2022-12-31,16065,DEG0A,Kyffh�userkreis,,19528,19528,2139,3252,6504,568,2402,15140,948,6,98,7,25188,41270,3661
2022-12-31,16066,DEG0B,Schmalkalden-Meiningen, Landkreis,26203,26203,2957,8022,16044,1336,3704,22496,1478,19,442,21,37948,65185,5792
2022-12-31,16067,DEG0C,Gotha, Landkreis,23655,23655,2688,6401,12802,1076,5370,33853,2192,11,257,11,35437,70567,5967
2022-12-31,16068,DEG0D,S�mmerda, Landkreis,17201,17201,1932,2665,5330,477,1908,12269,770,15,431,16,21789,35231,3194
2022-12-31,16069,DEG0E,Hildburghausen, Landkreis,13331,13331,1593,4463,8926,787,1709,9066,602,13,209,10,19516,31532,2992
2022-12-31,16070,DEG0F,Ilm-Kreis,,17617,17617,2008,5564,11128,905,4360,28769,1821,48,1463,49,27589,58977,4783
2022-12-31,16071,DEG0G,Weimarer Land, Landkreis,18107,18107,2106,3737,7474,661,2844,16531,1052,10,225,13,24698,42337,3831
2022-12-31,16072,DEG0H,Sonneberg, Landkreis,10071,10071,1114,4328,8656,697,2292,13380,874,9,157,6,16700,32264,2691
2022-12-31,16073,DEG0I,Saalfeld-Rudolstadt, Landkreis,17719,17719,1975,5804,11608,959,4736,28709,1796,11,218,12,28270,58254,4743
2022-12-31,16074,DEG0J,Saale-Holzland-Kreis,,16520,16520,1900,4008,8016,697,2882,18147,1147,7,96,5,23417,42779,3749
2022-12-31,16075,DEG0K,Saale-Orla-Kreis,,16186,16186,1799,4966,9932,840,3034,16921,1071,12,275,15,24198,43314,3724
2022-12-31,16076,DEG0L,Greiz, Landkreis,18222,18222,2024,5835,11670,954,4566,25803,1647,2,58,1,28625,55753,4626
2022-12-31,16077,DEG0M,Altenburger Land, Landkreis,14596,14596,1596,3426,6852,548,5288,33363,2063,5,205,12,23315,55016,4219
2022-12-31,16056,DEG0N,Eisenach, kreisfreie Stadt (bis 30.06.2021),3750,3750,430,1112,2224,194,2702,17411,1145,2,58,3,7566,23443,1773
,,,,,,,,,,,,,,,,,,,
� Federal Statistical Office, Wiesbaden 2023,,created, 2023-10-09 / 10,,,,,,,,,,,,,,,
