id;name;source_id;node_id;lat;long;country_code;comment;param;uncertainty;method;tags
Prod0;Prod0;['EntsoG_Map_Prod_0'];['Prod_0'];54.183069999999994;-11.04853;XX;None;{'exact': 3, 'nuts_id_3': 'XX', 'nuts_id_1': 'XX', 'nuts_id_2': 'XX'};{'exact': 0, 'nuts_id_3': 100, 'nuts_id_1': 100, 'nuts_id_2': 100};{'exact': 'make_Attrib(const)', 'nuts_id_3': 'M_Consumers.add_Nuts_Num(): Estimated', 'nuts_id_1': 'M_Consumers.add_Nuts_Num(): Estimated', 'nuts_id_2': 'M_Consumers.add_Nuts_Num(): Estimated'};{}
Prod1;Prod1;['EntsoG_Map_Prod_1'];['Prod_1'];43.155390000000004;28.09757;XX;None;{'exact': 3, 'nuts_id_3': 'BG331', 'nuts_id_1': 'BG3', 'nuts_id_2': 'BG33'};{'exact': 0, 'nuts_id_3': 0, 'nuts_id_1': 0, 'nuts_id_2': 0};{'exact': 'make_Attrib(const)', 'nuts_id_3': 'M_Consumers.add_Nuts_Num()', 'nuts_id_1': 'M_Consumers.add_Nuts_Num()', 'nuts_id_2': 'M_Consumers.add_Nuts_Num()'};{}
Prod2;Prod2;['EntsoG_Map_Prod_2'];['Prod_2'];34.39425;12.496889999999999;XX;None;{'exact': 3, 'nuts_id_3': 'XX', 'nuts_id_1': 'XX', 'nuts_id_2': 'XX'};{'exact': 0, 'nuts_id_3': 100, 'nuts_id_1': 100, 'nuts_id_2': 100};{'exact': 'make_Attrib(const)', 'nuts_id_3': 'M_Consumers.add_Nuts_Num(): Estimated', 'nuts_id_1': 'M_Consumers.add_Nuts_Num(): Estimated', 'nuts_id_2': 'M_Consumers.add_Nuts_Num(): Estimated'};{}
Prod3;Prod3;['EntsoG_Map_Prod_3'];['Prod_3'];45.42187;36.37273;UA;None;{'exact': 3, 'nuts_id_3': 'UA', 'nuts_id_1': 'UA', 'nuts_id_2': 'UA'};{'exact': 0, 'nuts_id_3': 100, 'nuts_id_1': 100, 'nuts_id_2': 100};{'exact': 'make_Attrib(const)', 'nuts_id_3': 'M_Consumers.add_Nuts_Num(): Estimated', 'nuts_id_1': 'M_Consumers.add_Nuts_Num(): Estimated', 'nuts_id_2': 'M_Consumers.add_Nuts_Num(): Estimated'};{}
Prod4;Prod4;['EntsoG_Map_Prod_4'];['Prod_4'];43.15453;28.396140000000003;XX;None;{'exact': 3, 'nuts_id_3': 'BG332', 'nuts_id_1': 'BG3', 'nuts_id_2': 'BG33'};{'exact': 0, 'nuts_id_3': 0, 'nuts_id_1': 0, 'nuts_id_2': 0};{'exact': 'make_Attrib(const)', 'nuts_id_3': 'M_Consumers.add_Nuts_Num()', 'nuts_id_1': 'M_Consumers.add_Nuts_Num()', 'nuts_id_2': 'M_Consumers.add_Nuts_Num()'};{}
Prod5;Prod5;['EntsoG_Map_Prod_5'];['Prod_5'];43.1029;28.060879999999997;XX;None;{'exact': 3, 'nuts_id_3': 'BG331', 'nuts_id_1': 'BG3', 'nuts_id_2': 'BG33'};{'exact': 0, 'nuts_id_3': 0, 'nuts_id_1': 0, 'nuts_id_2': 0};{'exact': 'make_Attrib(const)', 'nuts_id_3': 'M_Consumers.add_Nuts_Num()', 'nuts_id_1': 'M_Consumers.add_Nuts_Num()', 'nuts_id_2': 'M_Consumers.add_Nuts_Num()'};{}
Prod6;Prod6;['EntsoG_Map_Prod_6'];['Prod_6'];52.27738;3.798;XX;None;{'exact': 3, 'nuts_id_3': 'NL33C', 'nuts_id_1': 'NL3', 'nuts_id_2': 'NL33'};{'exact': 0, 'nuts_id_3': 0, 'nuts_id_1': 0, 'nuts_id_2': 0};{'exact': 'make_Attrib(const)', 'nuts_id_3': 'M_Consumers.add_Nuts_Num()', 'nuts_id_1': 'M_Consumers.add_Nuts_Num()', 'nuts_id_2': 'M_Consumers.add_Nuts_Num()'};{}
Prod7;Prod7;['EntsoG_Map_Prod_7'];['Prod_7'];45.51566;34.977779999999996;UA;None;{'exact': 3, 'nuts_id_3': 'UA', 'nuts_id_1': 'UA', 'nuts_id_2': 'UA'};{'exact': 0, 'nuts_id_3': 100, 'nuts_id_1': 100, 'nuts_id_2': 100};{'exact': 'make_Attrib(const)', 'nuts_id_3': 'M_Consumers.add_Nuts_Num(): Estimated', 'nuts_id_1': 'M_Consumers.add_Nuts_Num(): Estimated', 'nuts_id_2': 'M_Consumers.add_Nuts_Num(): Estimated'};{}
Prod8;Prod8;['EntsoG_Map_Prod_8'];['Prod_8'];55.51781999999999;4.158980000000001;XX;None;{'exact': 3, 'nuts_id_3': 'XX', 'nuts_id_1': 'XX', 'nuts_id_2': 'XX'};{'exact': 0, 'nuts_id_3': 100, 'nuts_id_1': 100, 'nuts_id_2': 100};{'exact': 'make_Attrib(const)', 'nuts_id_3': 'M_Consumers.add_Nuts_Num(): Estimated', 'nuts_id_1': 'M_Consumers.add_Nuts_Num(): Estimated', 'nuts_id_2': 'M_Consumers.add_Nuts_Num(): Estimated'};{}
Prod9;Prod9;['EntsoG_Map_Prod_9'];['Prod_9'];53.722590000000004;-3.5156099999999997;XX;None;{'exact': 3, 'nuts_id_3': 'UKD12', 'nuts_id_1': 'UKD', 'nuts_id_2': 'UKD1'};{'exact': 0, 'nuts_id_3': 0, 'nuts_id_1': 0, 'nuts_id_2': 0};{'exact': 'make_Attrib(const)', 'nuts_id_3': 'M_Consumers.add_Nuts_Num()', 'nuts_id_1': 'M_Consumers.add_Nuts_Num()', 'nuts_id_2': 'M_Consumers.add_Nuts_Num()'};{}
Prod10;Prod10;['EntsoG_Map_Prod_10'];['Prod_10'];32.12608;34.42415;XX;None;{'exact': 3, 'nuts_id_3': 'XX', 'nuts_id_1': 'XX', 'nuts_id_2': 'XX'};{'exact': 0, 'nuts_id_3': 100, 'nuts_id_1': 100, 'nuts_id_2': 100};{'exact': 'make_Attrib(const)', 'nuts_id_3': 'M_Consumers.add_Nuts_Num(): Estimated', 'nuts_id_1': 'M_Consumers.add_Nuts_Num(): Estimated', 'nuts_id_2': 'M_Consumers.add_Nuts_Num(): Estimated'};{}
Prod11;Prod11;['EntsoG_Map_Prod_11'];['Prod_11'];43.87352;-2.58376;XX;None;{'exact': 3, 'nuts_id_3': 'XX', 'nuts_id_1': 'XX', 'nuts_id_2': 'XX'};{'exact': 0, 'nuts_id_3': 100, 'nuts_id_1': 100, 'nuts_id_2': 100};{'exact': 'make_Attrib(const)', 'nuts_id_3': 'M_Consumers.add_Nuts_Num(): Estimated', 'nuts_id_1': 'M_Consumers.add_Nuts_Num(): Estimated', 'nuts_id_2': 'M_Consumers.add_Nuts_Num(): Estimated'};{}
Prod12;Prod12;['EntsoG_Map_Prod_12'];['Prod_12'];51.45021;-8.01499;XX;None;{'exact': 3, 'nuts_id_3': 'IE053', 'nuts_id_1': 'IE0', 'nuts_id_2': 'IE05'};{'exact': 0, 'nuts_id_3': 0, 'nuts_id_1': 0, 'nuts_id_2': 0};{'exact': 'make_Attrib(const)', 'nuts_id_3': 'M_Consumers.add_Nuts_Num()', 'nuts_id_1': 'M_Consumers.add_Nuts_Num()', 'nuts_id_2': 'M_Consumers.add_Nuts_Num()'};{}
Prod13;Prod13;['EntsoG_Map_Prod_13'];['Prod_13'];45.13994;32.18736;XX;None;{'exact': 3, 'nuts_id_3': 'XX', 'nuts_id_1': 'XX', 'nuts_id_2': 'XX'};{'exact': 0, 'nuts_id_3': 100, 'nuts_id_1': 100, 'nuts_id_2': 100};{'exact': 'make_Attrib(const)', 'nuts_id_3': 'M_Consumers.add_Nuts_Num(): Estimated', 'nuts_id_1': 'M_Consumers.add_Nuts_Num(): Estimated', 'nuts_id_2': 'M_Consumers.add_Nuts_Num(): Estimated'};{}
Prod14;Prod14;['EntsoG_Map_Prod_14'];['Prod_14'];44.3355;30.48413;XX;None;{'exact': 3, 'nuts_id_3': 'XX', 'nuts_id_1': 'XX', 'nuts_id_2': 'XX'};{'exact': 0, 'nuts_id_3': 100, 'nuts_id_1': 100, 'nuts_id_2': 100};{'exact': 'make_Attrib(const)', 'nuts_id_3': 'M_Consumers.add_Nuts_Num(): Estimated', 'nuts_id_1': 'M_Consumers.add_Nuts_Num(): Estimated', 'nuts_id_2': 'M_Consumers.add_Nuts_Num(): Estimated'};{}
Prod15;Prod15;['EntsoG_Map_Prod_15'];['Prod_15'];44.46848;29.182109999999998;XX;None;{'exact': 3, 'nuts_id_3': 'RO225', 'nuts_id_1': 'RO2', 'nuts_id_2': 'RO22'};{'exact': 0, 'nuts_id_3': 0, 'nuts_id_1': 0, 'nuts_id_2': 0};{'exact': 'make_Attrib(const)', 'nuts_id_3': 'M_Consumers.add_Nuts_Num()', 'nuts_id_1': 'M_Consumers.add_Nuts_Num()', 'nuts_id_2': 'M_Consumers.add_Nuts_Num()'};{}
Prod16;Prod16;['EntsoG_Map_Prod_16'];['Prod_16'];33.7514;33.3418;XX;None;{'exact': 3, 'nuts_id_3': 'XX', 'nuts_id_1': 'XX', 'nuts_id_2': 'XX'};{'exact': 0, 'nuts_id_3': 100, 'nuts_id_1': 100, 'nuts_id_2': 100};{'exact': 'make_Attrib(const)', 'nuts_id_3': 'M_Consumers.add_Nuts_Num(): Estimated', 'nuts_id_1': 'M_Consumers.add_Nuts_Num(): Estimated', 'nuts_id_2': 'M_Consumers.add_Nuts_Num(): Estimated'};{}
Prod17;Prod17;['EntsoG_Map_Prod_17'];['Prod_17'];44.0054;29.45083;XX;None;{'exact': 3, 'nuts_id_3': 'XX', 'nuts_id_1': 'XX', 'nuts_id_2': 'XX'};{'exact': 0, 'nuts_id_3': 100, 'nuts_id_1': 100, 'nuts_id_2': 100};{'exact': 'make_Attrib(const)', 'nuts_id_3': 'M_Consumers.add_Nuts_Num(): Estimated', 'nuts_id_1': 'M_Consumers.add_Nuts_Num(): Estimated', 'nuts_id_2': 'M_Consumers.add_Nuts_Num(): Estimated'};{}
Prod18;Prod18;['EntsoG_Map_Prod_18'];['Prod_18'];33.251059999999995;34.579809999999995;XX;None;{'exact': 3, 'nuts_id_3': 'XX', 'nuts_id_1': 'XX', 'nuts_id_2': 'XX'};{'exact': 0, 'nuts_id_3': 100, 'nuts_id_1': 100, 'nuts_id_2': 100};{'exact': 'make_Attrib(const)', 'nuts_id_3': 'M_Consumers.add_Nuts_Num(): Estimated', 'nuts_id_1': 'M_Consumers.add_Nuts_Num(): Estimated', 'nuts_id_2': 'M_Consumers.add_Nuts_Num(): Estimated'};{}
Prod19;Prod19;['EntsoG_Map_Prod_19'];['Prod_19'];45.31751;30.91494;XX;None;{'exact': 3, 'nuts_id_3': 'XX', 'nuts_id_1': 'XX', 'nuts_id_2': 'XX'};{'exact': 0, 'nuts_id_3': 100, 'nuts_id_1': 100, 'nuts_id_2': 100};{'exact': 'make_Attrib(const)', 'nuts_id_3': 'M_Consumers.add_Nuts_Num(): Estimated', 'nuts_id_1': 'M_Consumers.add_Nuts_Num(): Estimated', 'nuts_id_2': 'M_Consumers.add_Nuts_Num(): Estimated'};{}
Prod20;Prod20;['EntsoG_Map_Prod_20'];['Prod_20'];54.612669999999994;0.48694;XX;None;{'exact': 3, 'nuts_id_3': 'XX', 'nuts_id_1': 'XX', 'nuts_id_2': 'XX'};{'exact': 0, 'nuts_id_3': 100, 'nuts_id_1': 100, 'nuts_id_2': 100};{'exact': 'make_Attrib(const)', 'nuts_id_3': 'M_Consumers.add_Nuts_Num(): Estimated', 'nuts_id_1': 'M_Consumers.add_Nuts_Num(): Estimated', 'nuts_id_2': 'M_Consumers.add_Nuts_Num(): Estimated'};{}
Prod21;Prod21;['EntsoG_Map_Prod_21'];['Prod_21'];65.70589;7.6848600000000005;XX;None;{'exact': 3, 'nuts_id_3': 'XX', 'nuts_id_1': 'XX', 'nuts_id_2': 'XX'};{'exact': 0, 'nuts_id_3': 100, 'nuts_id_1': 100, 'nuts_id_2': 100};{'exact': 'make_Attrib(const)', 'nuts_id_3': 'M_Consumers.add_Nuts_Num(): Estimated', 'nuts_id_1': 'M_Consumers.add_Nuts_Num(): Estimated', 'nuts_id_2': 'M_Consumers.add_Nuts_Num(): Estimated'};{}
Prod22;Prod22;['EntsoG_Map_Prod_22'];['Prod_22'];64.28153;7.783180000000001;XX;None;{'exact': 3, 'nuts_id_3': 'XX', 'nuts_id_1': 'XX', 'nuts_id_2': 'XX'};{'exact': 0, 'nuts_id_3': 100, 'nuts_id_1': 100, 'nuts_id_2': 100};{'exact': 'make_Attrib(const)', 'nuts_id_3': 'M_Consumers.add_Nuts_Num(): Estimated', 'nuts_id_1': 'M_Consumers.add_Nuts_Num(): Estimated', 'nuts_id_2': 'M_Consumers.add_Nuts_Num(): Estimated'};{}
Prod23;Prod23;['EntsoG_Map_Prod_23'];['Prod_23'];32.24282;30.047259999999998;XX;None;{'exact': 3, 'nuts_id_3': 'XX', 'nuts_id_1': 'XX', 'nuts_id_2': 'XX'};{'exact': 0, 'nuts_id_3': 100, 'nuts_id_1': 100, 'nuts_id_2': 100};{'exact': 'make_Attrib(const)', 'nuts_id_3': 'M_Consumers.add_Nuts_Num(): Estimated', 'nuts_id_1': 'M_Consumers.add_Nuts_Num(): Estimated', 'nuts_id_2': 'M_Consumers.add_Nuts_Num(): Estimated'};{}
Prod24;Prod24;['EntsoG_Map_Prod_24'];['Prod_24'];42.996390000000005;28.51016;XX;None;{'exact': 3, 'nuts_id_3': 'BG332', 'nuts_id_1': 'BG3', 'nuts_id_2': 'BG33'};{'exact': 0, 'nuts_id_3': 0, 'nuts_id_1': 0, 'nuts_id_2': 0};{'exact': 'make_Attrib(const)', 'nuts_id_3': 'M_Consumers.add_Nuts_Num()', 'nuts_id_1': 'M_Consumers.add_Nuts_Num()', 'nuts_id_2': 'M_Consumers.add_Nuts_Num()'};{}
Prod25;Prod25;['EntsoG_Map_Prod_25'];['Prod_25'];32.42212;34.73709;XX;None;{'exact': 3, 'nuts_id_3': 'XX', 'nuts_id_1': 'XX', 'nuts_id_2': 'XX'};{'exact': 0, 'nuts_id_3': 100, 'nuts_id_1': 100, 'nuts_id_2': 100};{'exact': 'make_Attrib(const)', 'nuts_id_3': 'M_Consumers.add_Nuts_Num(): Estimated', 'nuts_id_1': 'M_Consumers.add_Nuts_Num(): Estimated', 'nuts_id_2': 'M_Consumers.add_Nuts_Num(): Estimated'};{}
Prod26;Prod26;['EntsoG_Map_Prod_26'];['Prod_26'];32.3248;34.886590000000005;XX;None;{'exact': 3, 'nuts_id_3': 'XX', 'nuts_id_1': 'XX', 'nuts_id_2': 'XX'};{'exact': 0, 'nuts_id_3': 100, 'nuts_id_1': 100, 'nuts_id_2': 100};{'exact': 'make_Attrib(const)', 'nuts_id_3': 'M_Consumers.add_Nuts_Num(): Estimated', 'nuts_id_1': 'M_Consumers.add_Nuts_Num(): Estimated', 'nuts_id_2': 'M_Consumers.add_Nuts_Num(): Estimated'};{}
Prod27;Prod27;['EntsoG_Map_Prod_27'];['Prod_27'];54.2194;-10.89533;XX;None;{'exact': 3, 'nuts_id_3': 'XX', 'nuts_id_1': 'XX', 'nuts_id_2': 'XX'};{'exact': 0, 'nuts_id_3': 100, 'nuts_id_1': 100, 'nuts_id_2': 100};{'exact': 'make_Attrib(const)', 'nuts_id_3': 'M_Consumers.add_Nuts_Num(): Estimated', 'nuts_id_1': 'M_Consumers.add_Nuts_Num(): Estimated', 'nuts_id_2': 'M_Consumers.add_Nuts_Num(): Estimated'};{}
Prod28;Prod28;['EntsoG_Map_Prod_28'];['Prod_28'];45.27217;31.597509999999996;XX;None;{'exact': 3, 'nuts_id_3': 'XX', 'nuts_id_1': 'XX', 'nuts_id_2': 'XX'};{'exact': 0, 'nuts_id_3': 100, 'nuts_id_1': 100, 'nuts_id_2': 100};{'exact': 'make_Attrib(const)', 'nuts_id_3': 'M_Consumers.add_Nuts_Num(): Estimated', 'nuts_id_1': 'M_Consumers.add_Nuts_Num(): Estimated', 'nuts_id_2': 'M_Consumers.add_Nuts_Num(): Estimated'};{}
Prod29;Prod29;['EntsoG_Map_Prod_29'];['Prod_29'];56.1227;4.54606;XX;None;{'exact': 3, 'nuts_id_3': 'XX', 'nuts_id_1': 'XX', 'nuts_id_2': 'XX'};{'exact': 0, 'nuts_id_3': 100, 'nuts_id_1': 100, 'nuts_id_2': 100};{'exact': 'make_Attrib(const)', 'nuts_id_3': 'M_Consumers.add_Nuts_Num(): Estimated', 'nuts_id_1': 'M_Consumers.add_Nuts_Num(): Estimated', 'nuts_id_2': 'M_Consumers.add_Nuts_Num(): Estimated'};{}
Prod30;Prod30;['EntsoG_Map_Prod_30'];['Prod_30'];65.96119;7.988460000000001;XX;None;{'exact': 3, 'nuts_id_3': 'XX', 'nuts_id_1': 'XX', 'nuts_id_2': 'XX'};{'exact': 0, 'nuts_id_3': 100, 'nuts_id_1': 100, 'nuts_id_2': 100};{'exact': 'make_Attrib(const)', 'nuts_id_3': 'M_Consumers.add_Nuts_Num(): Estimated', 'nuts_id_1': 'M_Consumers.add_Nuts_Num(): Estimated', 'nuts_id_2': 'M_Consumers.add_Nuts_Num(): Estimated'};{}
Prod31;Prod31;['EntsoG_Map_Prod_31'];['Prod_31'];65.94639000000001;7.861160000000001;XX;None;{'exact': 3, 'nuts_id_3': 'XX', 'nuts_id_1': 'XX', 'nuts_id_2': 'XX'};{'exact': 0, 'nuts_id_3': 100, 'nuts_id_1': 100, 'nuts_id_2': 100};{'exact': 'make_Attrib(const)', 'nuts_id_3': 'M_Consumers.add_Nuts_Num(): Estimated', 'nuts_id_1': 'M_Consumers.add_Nuts_Num(): Estimated', 'nuts_id_2': 'M_Consumers.add_Nuts_Num(): Estimated'};{}
Prod32;Prod32;['EntsoG_Map_Prod_32'];['Prod_32'];65.67103;7.568910000000001;XX;None;{'exact': 3, 'nuts_id_3': 'XX', 'nuts_id_1': 'XX', 'nuts_id_2': 'XX'};{'exact': 0, 'nuts_id_3': 100, 'nuts_id_1': 100, 'nuts_id_2': 100};{'exact': 'make_Attrib(const)', 'nuts_id_3': 'M_Consumers.add_Nuts_Num(): Estimated', 'nuts_id_1': 'M_Consumers.add_Nuts_Num(): Estimated', 'nuts_id_2': 'M_Consumers.add_Nuts_Num(): Estimated'};{}
Prod33;Prod33;['EntsoG_Map_Prod_33'];['Prod_33'];64.98232;6.61159;XX;None;{'exact': 3, 'nuts_id_3': 'XX', 'nuts_id_1': 'XX', 'nuts_id_2': 'XX'};{'exact': 0, 'nuts_id_3': 100, 'nuts_id_1': 100, 'nuts_id_2': 100};{'exact': 'make_Attrib(const)', 'nuts_id_3': 'M_Consumers.add_Nuts_Num(): Estimated', 'nuts_id_1': 'M_Consumers.add_Nuts_Num(): Estimated', 'nuts_id_2': 'M_Consumers.add_Nuts_Num(): Estimated'};{}
Prod34;Prod34;['EntsoG_Map_Prod_34'];['Prod_34'];32.11804;29.936690000000002;XX;None;{'exact': 3, 'nuts_id_3': 'XX', 'nuts_id_1': 'XX', 'nuts_id_2': 'XX'};{'exact': 0, 'nuts_id_3': 100, 'nuts_id_1': 100, 'nuts_id_2': 100};{'exact': 'make_Attrib(const)', 'nuts_id_3': 'M_Consumers.add_Nuts_Num(): Estimated', 'nuts_id_1': 'M_Consumers.add_Nuts_Num(): Estimated', 'nuts_id_2': 'M_Consumers.add_Nuts_Num(): Estimated'};{}
Prod35;Prod35;['EntsoG_Map_Prod_35'];['Prod_35'];32.33194;29.44032;XX;None;{'exact': 3, 'nuts_id_3': 'XX', 'nuts_id_1': 'XX', 'nuts_id_2': 'XX'};{'exact': 0, 'nuts_id_3': 100, 'nuts_id_1': 100, 'nuts_id_2': 100};{'exact': 'make_Attrib(const)', 'nuts_id_3': 'M_Consumers.add_Nuts_Num(): Estimated', 'nuts_id_1': 'M_Consumers.add_Nuts_Num(): Estimated', 'nuts_id_2': 'M_Consumers.add_Nuts_Num(): Estimated'};{}
Prod36;Prod36;['EntsoG_Map_Prod_36'];['Prod_36'];40.73811;28.268690000000003;XX;None;{'exact': 3, 'nuts_id_3': 'TR100', 'nuts_id_1': 'TR1', 'nuts_id_2': 'TR10'};{'exact': 0, 'nuts_id_3': 0, 'nuts_id_1': 0, 'nuts_id_2': 0};{'exact': 'make_Attrib(const)', 'nuts_id_3': 'M_Consumers.add_Nuts_Num()', 'nuts_id_1': 'M_Consumers.add_Nuts_Num()', 'nuts_id_2': 'M_Consumers.add_Nuts_Num()'};{}
Prod37;Prod37;['EntsoG_Map_Prod_37'];['Prod_37'];51.39759;-7.9032100000000005;XX;None;{'exact': 3, 'nuts_id_3': 'IE053', 'nuts_id_1': 'IE0', 'nuts_id_2': 'IE05'};{'exact': 0, 'nuts_id_3': 0, 'nuts_id_1': 0, 'nuts_id_2': 0};{'exact': 'make_Attrib(const)', 'nuts_id_3': 'M_Consumers.add_Nuts_Num()', 'nuts_id_1': 'M_Consumers.add_Nuts_Num()', 'nuts_id_2': 'M_Consumers.add_Nuts_Num()'};{}
Prod38;Prod38;['EntsoG_Map_Prod_38'];['Prod_38'];43.55604;29.95703;XX;None;{'exact': 3, 'nuts_id_3': 'XX', 'nuts_id_1': 'XX', 'nuts_id_2': 'XX'};{'exact': 0, 'nuts_id_3': 100, 'nuts_id_1': 100, 'nuts_id_2': 100};{'exact': 'make_Attrib(const)', 'nuts_id_3': 'M_Consumers.add_Nuts_Num(): Estimated', 'nuts_id_1': 'M_Consumers.add_Nuts_Num(): Estimated', 'nuts_id_2': 'M_Consumers.add_Nuts_Num(): Estimated'};{}
Prod39;Prod39;['EntsoG_Map_Prod_39'];['Prod_39'];53.73811;1.27395;XX;None;{'exact': 3, 'nuts_id_3': 'XX', 'nuts_id_1': 'XX', 'nuts_id_2': 'XX'};{'exact': 0, 'nuts_id_3': 100, 'nuts_id_1': 100, 'nuts_id_2': 100};{'exact': 'make_Attrib(const)', 'nuts_id_3': 'M_Consumers.add_Nuts_Num(): Estimated', 'nuts_id_1': 'M_Consumers.add_Nuts_Num(): Estimated', 'nuts_id_2': 'M_Consumers.add_Nuts_Num(): Estimated'};{}
Prod40;Prod40;['EntsoG_Map_Prod_40'];['Prod_40'];54.38332;2.28618;XX;None;{'exact': 3, 'nuts_id_3': 'XX', 'nuts_id_1': 'XX', 'nuts_id_2': 'XX'};{'exact': 0, 'nuts_id_3': 100, 'nuts_id_1': 100, 'nuts_id_2': 100};{'exact': 'make_Attrib(const)', 'nuts_id_3': 'M_Consumers.add_Nuts_Num(): Estimated', 'nuts_id_1': 'M_Consumers.add_Nuts_Num(): Estimated', 'nuts_id_2': 'M_Consumers.add_Nuts_Num(): Estimated'};{}
Prod41;Prod41;['EntsoG_Map_Prod_41'];['Prod_41'];31.95676;33.090090000000004;XX;None;{'exact': 3, 'nuts_id_3': 'XX', 'nuts_id_1': 'XX', 'nuts_id_2': 'XX'};{'exact': 0, 'nuts_id_3': 100, 'nuts_id_1': 100, 'nuts_id_2': 100};{'exact': 'make_Attrib(const)', 'nuts_id_3': 'M_Consumers.add_Nuts_Num(): Estimated', 'nuts_id_1': 'M_Consumers.add_Nuts_Num(): Estimated', 'nuts_id_2': 'M_Consumers.add_Nuts_Num(): Estimated'};{}
Prod42;Prod42;['EntsoG_Map_Prod_42'];['Prod_42'];32.514720000000004;31.791079999999997;XX;None;{'exact': 3, 'nuts_id_3': 'XX', 'nuts_id_1': 'XX', 'nuts_id_2': 'XX'};{'exact': 0, 'nuts_id_3': 100, 'nuts_id_1': 100, 'nuts_id_2': 100};{'exact': 'make_Attrib(const)', 'nuts_id_3': 'M_Consumers.add_Nuts_Num(): Estimated', 'nuts_id_1': 'M_Consumers.add_Nuts_Num(): Estimated', 'nuts_id_2': 'M_Consumers.add_Nuts_Num(): Estimated'};{}
Prod43;Prod43;['EntsoG_Map_Prod_43'];['Prod_43'];32.35902;31.168770000000002;XX;None;{'exact': 3, 'nuts_id_3': 'XX', 'nuts_id_1': 'XX', 'nuts_id_2': 'XX'};{'exact': 0, 'nuts_id_3': 100, 'nuts_id_1': 100, 'nuts_id_2': 100};{'exact': 'make_Attrib(const)', 'nuts_id_3': 'M_Consumers.add_Nuts_Num(): Estimated', 'nuts_id_1': 'M_Consumers.add_Nuts_Num(): Estimated', 'nuts_id_2': 'M_Consumers.add_Nuts_Num(): Estimated'};{}
Prod44;Prod44;['EntsoG_Map_Prod_44'];['Prod_44'];32.5665;31.04055;XX;None;{'exact': 3, 'nuts_id_3': 'XX', 'nuts_id_1': 'XX', 'nuts_id_2': 'XX'};{'exact': 0, 'nuts_id_3': 100, 'nuts_id_1': 100, 'nuts_id_2': 100};{'exact': 'make_Attrib(const)', 'nuts_id_3': 'M_Consumers.add_Nuts_Num(): Estimated', 'nuts_id_1': 'M_Consumers.add_Nuts_Num(): Estimated', 'nuts_id_2': 'M_Consumers.add_Nuts_Num(): Estimated'};{}
Prod45;Prod45;['EntsoG_Map_Prod_45'];['Prod_45'];57.15996;3.04162;XX;None;{'exact': 3, 'nuts_id_3': 'XX', 'nuts_id_1': 'XX', 'nuts_id_2': 'XX'};{'exact': 0, 'nuts_id_3': 100, 'nuts_id_1': 100, 'nuts_id_2': 100};{'exact': 'make_Attrib(const)', 'nuts_id_3': 'M_Consumers.add_Nuts_Num(): Estimated', 'nuts_id_1': 'M_Consumers.add_Nuts_Num(): Estimated', 'nuts_id_2': 'M_Consumers.add_Nuts_Num(): Estimated'};{}
Prod46;Prod46;['EntsoG_Map_Prod_46'];['Prod_46'];57.398419999999994;2.7383;XX;None;{'exact': 3, 'nuts_id_3': 'XX', 'nuts_id_1': 'XX', 'nuts_id_2': 'XX'};{'exact': 0, 'nuts_id_3': 100, 'nuts_id_1': 100, 'nuts_id_2': 100};{'exact': 'make_Attrib(const)', 'nuts_id_3': 'M_Consumers.add_Nuts_Num(): Estimated', 'nuts_id_1': 'M_Consumers.add_Nuts_Num(): Estimated', 'nuts_id_2': 'M_Consumers.add_Nuts_Num(): Estimated'};{}
Prod47;Prod47;['EntsoG_Map_Prod_47'];['Prod_47'];53.56514;1.84402;XX;None;{'exact': 3, 'nuts_id_3': 'XX', 'nuts_id_1': 'XX', 'nuts_id_2': 'XX'};{'exact': 0, 'nuts_id_3': 100, 'nuts_id_1': 100, 'nuts_id_2': 100};{'exact': 'make_Attrib(const)', 'nuts_id_3': 'M_Consumers.add_Nuts_Num(): Estimated', 'nuts_id_1': 'M_Consumers.add_Nuts_Num(): Estimated', 'nuts_id_2': 'M_Consumers.add_Nuts_Num(): Estimated'};{}
Prod48;Prod48;['EntsoG_Map_Prod_48'];['Prod_48'];53.69984;1.93389;XX;None;{'exact': 3, 'nuts_id_3': 'XX', 'nuts_id_1': 'XX', 'nuts_id_2': 'XX'};{'exact': 0, 'nuts_id_3': 100, 'nuts_id_1': 100, 'nuts_id_2': 100};{'exact': 'make_Attrib(const)', 'nuts_id_3': 'M_Consumers.add_Nuts_Num(): Estimated', 'nuts_id_1': 'M_Consumers.add_Nuts_Num(): Estimated', 'nuts_id_2': 'M_Consumers.add_Nuts_Num(): Estimated'};{}
Prod49;Prod49;['EntsoG_Map_Prod_49'];['Prod_49'];54.05486;2.87711;XX;None;{'exact': 3, 'nuts_id_3': 'XX', 'nuts_id_1': 'XX', 'nuts_id_2': 'XX'};{'exact': 0, 'nuts_id_3': 100, 'nuts_id_1': 100, 'nuts_id_2': 100};{'exact': 'make_Attrib(const)', 'nuts_id_3': 'M_Consumers.add_Nuts_Num(): Estimated', 'nuts_id_1': 'M_Consumers.add_Nuts_Num(): Estimated', 'nuts_id_2': 'M_Consumers.add_Nuts_Num(): Estimated'};{}
Prod50;Prod50;['EntsoG_Map_Prod_50'];['Prod_50'];57.789840000000005;-0.82934;XX;None;{'exact': 3, 'nuts_id_3': 'XX', 'nuts_id_1': 'XX', 'nuts_id_2': 'XX'};{'exact': 0, 'nuts_id_3': 100, 'nuts_id_1': 100, 'nuts_id_2': 100};{'exact': 'make_Attrib(const)', 'nuts_id_3': 'M_Consumers.add_Nuts_Num(): Estimated', 'nuts_id_1': 'M_Consumers.add_Nuts_Num(): Estimated', 'nuts_id_2': 'M_Consumers.add_Nuts_Num(): Estimated'};{}
Prod51;Prod51;['EntsoG_Map_Prod_51'];['Prod_51'];32.19238;32.83319;XX;None;{'exact': 3, 'nuts_id_3': 'XX', 'nuts_id_1': 'XX', 'nuts_id_2': 'XX'};{'exact': 0, 'nuts_id_3': 100, 'nuts_id_1': 100, 'nuts_id_2': 100};{'exact': 'make_Attrib(const)', 'nuts_id_3': 'M_Consumers.add_Nuts_Num(): Estimated', 'nuts_id_1': 'M_Consumers.add_Nuts_Num(): Estimated', 'nuts_id_2': 'M_Consumers.add_Nuts_Num(): Estimated'};{}
Prod52;Prod52;['EntsoG_Map_Prod_52'];['Prod_52'];32.171640000000004;32.5096;XX;None;{'exact': 3, 'nuts_id_3': 'XX', 'nuts_id_1': 'XX', 'nuts_id_2': 'XX'};{'exact': 0, 'nuts_id_3': 100, 'nuts_id_1': 100, 'nuts_id_2': 100};{'exact': 'make_Attrib(const)', 'nuts_id_3': 'M_Consumers.add_Nuts_Num(): Estimated', 'nuts_id_1': 'M_Consumers.add_Nuts_Num(): Estimated', 'nuts_id_2': 'M_Consumers.add_Nuts_Num(): Estimated'};{}
Prod53;Prod53;['EntsoG_Map_Prod_53'];['Prod_53'];32.20794;32.27863;XX;None;{'exact': 3, 'nuts_id_3': 'XX', 'nuts_id_1': 'XX', 'nuts_id_2': 'XX'};{'exact': 0, 'nuts_id_3': 100, 'nuts_id_1': 100, 'nuts_id_2': 100};{'exact': 'make_Attrib(const)', 'nuts_id_3': 'M_Consumers.add_Nuts_Num(): Estimated', 'nuts_id_1': 'M_Consumers.add_Nuts_Num(): Estimated', 'nuts_id_2': 'M_Consumers.add_Nuts_Num(): Estimated'};{}
Prod54;Prod54;['EntsoG_Map_Prod_54'];['Prod_54'];57.2925;2.93439;XX;None;{'exact': 3, 'nuts_id_3': 'XX', 'nuts_id_1': 'XX', 'nuts_id_2': 'XX'};{'exact': 0, 'nuts_id_3': 100, 'nuts_id_1': 100, 'nuts_id_2': 100};{'exact': 'make_Attrib(const)', 'nuts_id_3': 'M_Consumers.add_Nuts_Num(): Estimated', 'nuts_id_1': 'M_Consumers.add_Nuts_Num(): Estimated', 'nuts_id_2': 'M_Consumers.add_Nuts_Num(): Estimated'};{}
Prod55;Prod55;['EntsoG_Map_Prod_55'];['Prod_55'];57.060019999999994;3.25958;XX;None;{'exact': 3, 'nuts_id_3': 'XX', 'nuts_id_1': 'XX', 'nuts_id_2': 'XX'};{'exact': 0, 'nuts_id_3': 100, 'nuts_id_1': 100, 'nuts_id_2': 100};{'exact': 'make_Attrib(const)', 'nuts_id_3': 'M_Consumers.add_Nuts_Num(): Estimated', 'nuts_id_1': 'M_Consumers.add_Nuts_Num(): Estimated', 'nuts_id_2': 'M_Consumers.add_Nuts_Num(): Estimated'};{}
Prod56;Prod56;['EntsoG_Map_Prod_56'];['Prod_56'];57.265190000000004;1.8844;XX;None;{'exact': 3, 'nuts_id_3': 'XX', 'nuts_id_1': 'XX', 'nuts_id_2': 'XX'};{'exact': 0, 'nuts_id_3': 100, 'nuts_id_1': 100, 'nuts_id_2': 100};{'exact': 'make_Attrib(const)', 'nuts_id_3': 'M_Consumers.add_Nuts_Num(): Estimated', 'nuts_id_1': 'M_Consumers.add_Nuts_Num(): Estimated', 'nuts_id_2': 'M_Consumers.add_Nuts_Num(): Estimated'};{}
Prod57;Prod57;['EntsoG_Map_Prod_57'];['Prod_57'];45.61847;31.688270000000003;XX;None;{'exact': 3, 'nuts_id_3': 'XX', 'nuts_id_1': 'XX', 'nuts_id_2': 'XX'};{'exact': 0, 'nuts_id_3': 100, 'nuts_id_1': 100, 'nuts_id_2': 100};{'exact': 'make_Attrib(const)', 'nuts_id_3': 'M_Consumers.add_Nuts_Num(): Estimated', 'nuts_id_1': 'M_Consumers.add_Nuts_Num(): Estimated', 'nuts_id_2': 'M_Consumers.add_Nuts_Num(): Estimated'};{}
Prod58;Prod58;['EntsoG_Map_Prod_58'];['Prod_58'];53.16141999999999;2.1486400000000003;XX;None;{'exact': 3, 'nuts_id_3': 'UKH15', 'nuts_id_1': 'UKH', 'nuts_id_2': 'UKH1'};{'exact': 0, 'nuts_id_3': 0, 'nuts_id_1': 0, 'nuts_id_2': 0};{'exact': 'make_Attrib(const)', 'nuts_id_3': 'M_Consumers.add_Nuts_Num()', 'nuts_id_1': 'M_Consumers.add_Nuts_Num()', 'nuts_id_2': 'M_Consumers.add_Nuts_Num()'};{}
Prod59;Prod59;['EntsoG_Map_Prod_59'];['Prod_59'];53.074059999999996;1.864;XX;None;{'exact': 3, 'nuts_id_3': 'UKH16', 'nuts_id_1': 'UKH', 'nuts_id_2': 'UKH1'};{'exact': 0, 'nuts_id_3': 0, 'nuts_id_1': 0, 'nuts_id_2': 0};{'exact': 'make_Attrib(const)', 'nuts_id_3': 'M_Consumers.add_Nuts_Num()', 'nuts_id_1': 'M_Consumers.add_Nuts_Num()', 'nuts_id_2': 'M_Consumers.add_Nuts_Num()'};{}
Prod60;Prod60;['EntsoG_Map_Prod_60'];['Prod_60'];57.15221;4.00237;XX;None;{'exact': 3, 'nuts_id_3': 'XX', 'nuts_id_1': 'XX', 'nuts_id_2': 'XX'};{'exact': 0, 'nuts_id_3': 100, 'nuts_id_1': 100, 'nuts_id_2': 100};{'exact': 'make_Attrib(const)', 'nuts_id_3': 'M_Consumers.add_Nuts_Num(): Estimated', 'nuts_id_1': 'M_Consumers.add_Nuts_Num(): Estimated', 'nuts_id_2': 'M_Consumers.add_Nuts_Num(): Estimated'};{}
Prod61;Prod61;['EntsoG_Map_Prod_61'];['Prod_61'];56.92576999999999;3.89624;XX;None;{'exact': 3, 'nuts_id_3': 'XX', 'nuts_id_1': 'XX', 'nuts_id_2': 'XX'};{'exact': 0, 'nuts_id_3': 100, 'nuts_id_1': 100, 'nuts_id_2': 100};{'exact': 'make_Attrib(const)', 'nuts_id_3': 'M_Consumers.add_Nuts_Num(): Estimated', 'nuts_id_1': 'M_Consumers.add_Nuts_Num(): Estimated', 'nuts_id_2': 'M_Consumers.add_Nuts_Num(): Estimated'};{}
Prod62;Prod62;['EntsoG_Map_Prod_62'];['Prod_62'];61.36;3.1747400000000003;XX;None;{'exact': 3, 'nuts_id_3': 'XX', 'nuts_id_1': 'XX', 'nuts_id_2': 'XX'};{'exact': 0, 'nuts_id_3': 100, 'nuts_id_1': 100, 'nuts_id_2': 100};{'exact': 'make_Attrib(const)', 'nuts_id_3': 'M_Consumers.add_Nuts_Num(): Estimated', 'nuts_id_1': 'M_Consumers.add_Nuts_Num(): Estimated', 'nuts_id_2': 'M_Consumers.add_Nuts_Num(): Estimated'};{}
Prod63;Prod63;['EntsoG_Map_Prod_63'];['Prod_63'];64.35882;7.22775;XX;None;{'exact': 3, 'nuts_id_3': 'XX', 'nuts_id_1': 'XX', 'nuts_id_2': 'XX'};{'exact': 0, 'nuts_id_3': 100, 'nuts_id_1': 100, 'nuts_id_2': 100};{'exact': 'make_Attrib(const)', 'nuts_id_3': 'M_Consumers.add_Nuts_Num(): Estimated', 'nuts_id_1': 'M_Consumers.add_Nuts_Num(): Estimated', 'nuts_id_2': 'M_Consumers.add_Nuts_Num(): Estimated'};{}
Prod64;Prod64;['EntsoG_Map_Prod_64'];['Prod_64'];64.3921;7.323410000000001;XX;None;{'exact': 3, 'nuts_id_3': 'XX', 'nuts_id_1': 'XX', 'nuts_id_2': 'XX'};{'exact': 0, 'nuts_id_3': 100, 'nuts_id_1': 100, 'nuts_id_2': 100};{'exact': 'make_Attrib(const)', 'nuts_id_3': 'M_Consumers.add_Nuts_Num(): Estimated', 'nuts_id_1': 'M_Consumers.add_Nuts_Num(): Estimated', 'nuts_id_2': 'M_Consumers.add_Nuts_Num(): Estimated'};{}
Prod65;Prod65;['EntsoG_Map_Prod_65'];['Prod_65'];32.44425;30.559040000000003;XX;None;{'exact': 3, 'nuts_id_3': 'XX', 'nuts_id_1': 'XX', 'nuts_id_2': 'XX'};{'exact': 0, 'nuts_id_3': 100, 'nuts_id_1': 100, 'nuts_id_2': 100};{'exact': 'make_Attrib(const)', 'nuts_id_3': 'M_Consumers.add_Nuts_Num(): Estimated', 'nuts_id_1': 'M_Consumers.add_Nuts_Num(): Estimated', 'nuts_id_2': 'M_Consumers.add_Nuts_Num(): Estimated'};{}
Prod66;Prod66;['EntsoG_Map_Prod_66'];['Prod_66'];57.6198;0.8375;XX;None;{'exact': 3, 'nuts_id_3': 'XX', 'nuts_id_1': 'XX', 'nuts_id_2': 'XX'};{'exact': 0, 'nuts_id_3': 100, 'nuts_id_1': 100, 'nuts_id_2': 100};{'exact': 'make_Attrib(const)', 'nuts_id_3': 'M_Consumers.add_Nuts_Num(): Estimated', 'nuts_id_1': 'M_Consumers.add_Nuts_Num(): Estimated', 'nuts_id_2': 'M_Consumers.add_Nuts_Num(): Estimated'};{}
Prod67;Prod67;['EntsoG_Map_Prod_67'];['Prod_67'];57.855819999999994;0.7605;XX;None;{'exact': 3, 'nuts_id_3': 'XX', 'nuts_id_1': 'XX', 'nuts_id_2': 'XX'};{'exact': 0, 'nuts_id_3': 100, 'nuts_id_1': 100, 'nuts_id_2': 100};{'exact': 'make_Attrib(const)', 'nuts_id_3': 'M_Consumers.add_Nuts_Num(): Estimated', 'nuts_id_1': 'M_Consumers.add_Nuts_Num(): Estimated', 'nuts_id_2': 'M_Consumers.add_Nuts_Num(): Estimated'};{}
Prod68;Prod68;['EntsoG_Map_Prod_68'];['Prod_68'];57.994409999999995;2.0278400000000003;XX;None;{'exact': 3, 'nuts_id_3': 'XX', 'nuts_id_1': 'XX', 'nuts_id_2': 'XX'};{'exact': 0, 'nuts_id_3': 100, 'nuts_id_1': 100, 'nuts_id_2': 100};{'exact': 'make_Attrib(const)', 'nuts_id_3': 'M_Consumers.add_Nuts_Num(): Estimated', 'nuts_id_1': 'M_Consumers.add_Nuts_Num(): Estimated', 'nuts_id_2': 'M_Consumers.add_Nuts_Num(): Estimated'};{}
Prod69;Prod69;['EntsoG_Map_Prod_69'];['Prod_69'];59.19034;1.99848;XX;None;{'exact': 3, 'nuts_id_3': 'XX', 'nuts_id_1': 'XX', 'nuts_id_2': 'XX'};{'exact': 0, 'nuts_id_3': 100, 'nuts_id_1': 100, 'nuts_id_2': 100};{'exact': 'make_Attrib(const)', 'nuts_id_3': 'M_Consumers.add_Nuts_Num(): Estimated', 'nuts_id_1': 'M_Consumers.add_Nuts_Num(): Estimated', 'nuts_id_2': 'M_Consumers.add_Nuts_Num(): Estimated'};{}
Prod70;Prod70;['EntsoG_Map_Prod_70'];['Prod_70'];65.0017;6.736610000000001;XX;None;{'exact': 3, 'nuts_id_3': 'XX', 'nuts_id_1': 'XX', 'nuts_id_2': 'XX'};{'exact': 0, 'nuts_id_3': 100, 'nuts_id_1': 100, 'nuts_id_2': 100};{'exact': 'make_Attrib(const)', 'nuts_id_3': 'M_Consumers.add_Nuts_Num(): Estimated', 'nuts_id_1': 'M_Consumers.add_Nuts_Num(): Estimated', 'nuts_id_2': 'M_Consumers.add_Nuts_Num(): Estimated'};{}
Prod71;Prod71;['EntsoG_Map_Prod_71'];['Prod_71'];58.5369;1.95724;XX;None;{'exact': 3, 'nuts_id_3': 'XX', 'nuts_id_1': 'XX', 'nuts_id_2': 'XX'};{'exact': 0, 'nuts_id_3': 100, 'nuts_id_1': 100, 'nuts_id_2': 100};{'exact': 'make_Attrib(const)', 'nuts_id_3': 'M_Consumers.add_Nuts_Num(): Estimated', 'nuts_id_1': 'M_Consumers.add_Nuts_Num(): Estimated', 'nuts_id_2': 'M_Consumers.add_Nuts_Num(): Estimated'};{}
Prod72;Prod72;['EntsoG_Map_Prod_72'];['Prod_72'];58.464969999999994;1.74205;XX;None;{'exact': 3, 'nuts_id_3': 'XX', 'nuts_id_1': 'XX', 'nuts_id_2': 'XX'};{'exact': 0, 'nuts_id_3': 100, 'nuts_id_1': 100, 'nuts_id_2': 100};{'exact': 'make_Attrib(const)', 'nuts_id_3': 'M_Consumers.add_Nuts_Num(): Estimated', 'nuts_id_1': 'M_Consumers.add_Nuts_Num(): Estimated', 'nuts_id_2': 'M_Consumers.add_Nuts_Num(): Estimated'};{}
Prod73;Prod73;['EntsoG_Map_Prod_73'];['Prod_73'];63.32893000000001;5.48451;XX;None;{'exact': 3, 'nuts_id_3': 'XX', 'nuts_id_1': 'XX', 'nuts_id_2': 'XX'};{'exact': 0, 'nuts_id_3': 100, 'nuts_id_1': 100, 'nuts_id_2': 100};{'exact': 'make_Attrib(const)', 'nuts_id_3': 'M_Consumers.add_Nuts_Num(): Estimated', 'nuts_id_1': 'M_Consumers.add_Nuts_Num(): Estimated', 'nuts_id_2': 'M_Consumers.add_Nuts_Num(): Estimated'};{}
Prod74;Prod74;['EntsoG_Map_Prod_74'];['Prod_74'];32.72161;30.36658;XX;None;{'exact': 3, 'nuts_id_3': 'XX', 'nuts_id_1': 'XX', 'nuts_id_2': 'XX'};{'exact': 0, 'nuts_id_3': 100, 'nuts_id_1': 100, 'nuts_id_2': 100};{'exact': 'make_Attrib(const)', 'nuts_id_3': 'M_Consumers.add_Nuts_Num(): Estimated', 'nuts_id_1': 'M_Consumers.add_Nuts_Num(): Estimated', 'nuts_id_2': 'M_Consumers.add_Nuts_Num(): Estimated'};{}
Prod75;Prod75;['EntsoG_Map_Prod_75'];['Prod_75'];32.68294;30.5551;XX;None;{'exact': 3, 'nuts_id_3': 'XX', 'nuts_id_1': 'XX', 'nuts_id_2': 'XX'};{'exact': 0, 'nuts_id_3': 100, 'nuts_id_1': 100, 'nuts_id_2': 100};{'exact': 'make_Attrib(const)', 'nuts_id_3': 'M_Consumers.add_Nuts_Num(): Estimated', 'nuts_id_1': 'M_Consumers.add_Nuts_Num(): Estimated', 'nuts_id_2': 'M_Consumers.add_Nuts_Num(): Estimated'};{}
Prod76;Prod76;['EntsoG_Map_Prod_76'];['Prod_76'];43.89683;29.82418;XX;None;{'exact': 3, 'nuts_id_3': 'XX', 'nuts_id_1': 'XX', 'nuts_id_2': 'XX'};{'exact': 0, 'nuts_id_3': 100, 'nuts_id_1': 100, 'nuts_id_2': 100};{'exact': 'make_Attrib(const)', 'nuts_id_3': 'M_Consumers.add_Nuts_Num(): Estimated', 'nuts_id_1': 'M_Consumers.add_Nuts_Num(): Estimated', 'nuts_id_2': 'M_Consumers.add_Nuts_Num(): Estimated'};{}
Prod77;Prod77;['EntsoG_Map_Prod_77'];['Prod_77'];43.98256;30.0326;XX;None;{'exact': 3, 'nuts_id_3': 'XX', 'nuts_id_1': 'XX', 'nuts_id_2': 'XX'};{'exact': 0, 'nuts_id_3': 100, 'nuts_id_1': 100, 'nuts_id_2': 100};{'exact': 'make_Attrib(const)', 'nuts_id_3': 'M_Consumers.add_Nuts_Num(): Estimated', 'nuts_id_1': 'M_Consumers.add_Nuts_Num(): Estimated', 'nuts_id_2': 'M_Consumers.add_Nuts_Num(): Estimated'};{}
Prod78;Prod78;['EntsoG_Map_Prod_78'];['Prod_78'];53.42418000000001;1.36824;XX;None;{'exact': 3, 'nuts_id_3': 'UKH16', 'nuts_id_1': 'UKH', 'nuts_id_2': 'UKH1'};{'exact': 0, 'nuts_id_3': 0, 'nuts_id_1': 0, 'nuts_id_2': 0};{'exact': 'make_Attrib(const)', 'nuts_id_3': 'M_Consumers.add_Nuts_Num()', 'nuts_id_1': 'M_Consumers.add_Nuts_Num()', 'nuts_id_2': 'M_Consumers.add_Nuts_Num()'};{}
Prod79;Prod79;['EntsoG_Map_Prod_79'];['Prod_79'];53.40756;1.43508;XX;None;{'exact': 3, 'nuts_id_3': 'UKH16', 'nuts_id_1': 'UKH', 'nuts_id_2': 'UKH1'};{'exact': 0, 'nuts_id_3': 0, 'nuts_id_1': 0, 'nuts_id_2': 0};{'exact': 'make_Attrib(const)', 'nuts_id_3': 'M_Consumers.add_Nuts_Num()', 'nuts_id_1': 'M_Consumers.add_Nuts_Num()', 'nuts_id_2': 'M_Consumers.add_Nuts_Num()'};{}
Prod80;Prod80;['EntsoG_Map_Prod_80'];['Prod_80'];60.444030000000005;2.96875;XX;None;{'exact': 3, 'nuts_id_3': 'XX', 'nuts_id_1': 'XX', 'nuts_id_2': 'XX'};{'exact': 0, 'nuts_id_3': 100, 'nuts_id_1': 100, 'nuts_id_2': 100};{'exact': 'make_Attrib(const)', 'nuts_id_3': 'M_Consumers.add_Nuts_Num(): Estimated', 'nuts_id_1': 'M_Consumers.add_Nuts_Num(): Estimated', 'nuts_id_2': 'M_Consumers.add_Nuts_Num(): Estimated'};{}
Prod81;Prod81;['EntsoG_Map_Prod_81'];['Prod_81'];59.18114;2.2213;XX;None;{'exact': 3, 'nuts_id_3': 'XX', 'nuts_id_1': 'XX', 'nuts_id_2': 'XX'};{'exact': 0, 'nuts_id_3': 100, 'nuts_id_1': 100, 'nuts_id_2': 100};{'exact': 'make_Attrib(const)', 'nuts_id_3': 'M_Consumers.add_Nuts_Num(): Estimated', 'nuts_id_1': 'M_Consumers.add_Nuts_Num(): Estimated', 'nuts_id_2': 'M_Consumers.add_Nuts_Num(): Estimated'};{}
Prod82;Prod82;['EntsoG_Map_Prod_82'];['Prod_82'];59.192080000000004;2.50608;XX;None;{'exact': 3, 'nuts_id_3': 'XX', 'nuts_id_1': 'XX', 'nuts_id_2': 'XX'};{'exact': 0, 'nuts_id_3': 100, 'nuts_id_1': 100, 'nuts_id_2': 100};{'exact': 'make_Attrib(const)', 'nuts_id_3': 'M_Consumers.add_Nuts_Num(): Estimated', 'nuts_id_1': 'M_Consumers.add_Nuts_Num(): Estimated', 'nuts_id_2': 'M_Consumers.add_Nuts_Num(): Estimated'};{}
Prod83;Prod83;['EntsoG_Map_Prod_83'];['Prod_83'];58.8782;2.7101599999999997;XX;None;{'exact': 3, 'nuts_id_3': 'XX', 'nuts_id_1': 'XX', 'nuts_id_2': 'XX'};{'exact': 0, 'nuts_id_3': 100, 'nuts_id_1': 100, 'nuts_id_2': 100};{'exact': 'make_Attrib(const)', 'nuts_id_3': 'M_Consumers.add_Nuts_Num(): Estimated', 'nuts_id_1': 'M_Consumers.add_Nuts_Num(): Estimated', 'nuts_id_2': 'M_Consumers.add_Nuts_Num(): Estimated'};{}
Prod84;Prod84;['EntsoG_Map_Prod_84'];['Prod_84'];65.03563;6.899380000000001;XX;None;{'exact': 3, 'nuts_id_3': 'XX', 'nuts_id_1': 'XX', 'nuts_id_2': 'XX'};{'exact': 0, 'nuts_id_3': 100, 'nuts_id_1': 100, 'nuts_id_2': 100};{'exact': 'make_Attrib(const)', 'nuts_id_3': 'M_Consumers.add_Nuts_Num(): Estimated', 'nuts_id_1': 'M_Consumers.add_Nuts_Num(): Estimated', 'nuts_id_2': 'M_Consumers.add_Nuts_Num(): Estimated'};{}
Prod85;Prod85;['EntsoG_Map_Prod_85'];['Prod_85'];60.23457;3.30784;XX;None;{'exact': 3, 'nuts_id_3': 'XX', 'nuts_id_1': 'XX', 'nuts_id_2': 'XX'};{'exact': 0, 'nuts_id_3': 100, 'nuts_id_1': 100, 'nuts_id_2': 100};{'exact': 'make_Attrib(const)', 'nuts_id_3': 'M_Consumers.add_Nuts_Num(): Estimated', 'nuts_id_1': 'M_Consumers.add_Nuts_Num(): Estimated', 'nuts_id_2': 'M_Consumers.add_Nuts_Num(): Estimated'};{}
Prod86;Prod86;['EntsoG_Map_Prod_86'];['Prod_86'];60.29139;3.5137699999999996;XX;None;{'exact': 3, 'nuts_id_3': 'XX', 'nuts_id_1': 'XX', 'nuts_id_2': 'XX'};{'exact': 0, 'nuts_id_3': 100, 'nuts_id_1': 100, 'nuts_id_2': 100};{'exact': 'make_Attrib(const)', 'nuts_id_3': 'M_Consumers.add_Nuts_Num(): Estimated', 'nuts_id_1': 'M_Consumers.add_Nuts_Num(): Estimated', 'nuts_id_2': 'M_Consumers.add_Nuts_Num(): Estimated'};{}
Prod87;Prod87;['EntsoG_Map_Prod_87'];['Prod_87'];63.316669999999995;5.37545;XX;None;{'exact': 3, 'nuts_id_3': 'XX', 'nuts_id_1': 'XX', 'nuts_id_2': 'XX'};{'exact': 0, 'nuts_id_3': 100, 'nuts_id_1': 100, 'nuts_id_2': 100};{'exact': 'make_Attrib(const)', 'nuts_id_3': 'M_Consumers.add_Nuts_Num(): Estimated', 'nuts_id_1': 'M_Consumers.add_Nuts_Num(): Estimated', 'nuts_id_2': 'M_Consumers.add_Nuts_Num(): Estimated'};{}
Prod88;Prod88;['EntsoG_Map_Prod_88'];['Prod_88'];64.43615;7.26474;XX;None;{'exact': 3, 'nuts_id_3': 'XX', 'nuts_id_1': 'XX', 'nuts_id_2': 'XX'};{'exact': 0, 'nuts_id_3': 100, 'nuts_id_1': 100, 'nuts_id_2': 100};{'exact': 'make_Attrib(const)', 'nuts_id_3': 'M_Consumers.add_Nuts_Num(): Estimated', 'nuts_id_1': 'M_Consumers.add_Nuts_Num(): Estimated', 'nuts_id_2': 'M_Consumers.add_Nuts_Num(): Estimated'};{}
Prod89;Prod89;['EntsoG_Map_Prod_89'];['Prod_89'];32.021370000000005;32.86071;XX;None;{'exact': 3, 'nuts_id_3': 'XX', 'nuts_id_1': 'XX', 'nuts_id_2': 'XX'};{'exact': 0, 'nuts_id_3': 100, 'nuts_id_1': 100, 'nuts_id_2': 100};{'exact': 'make_Attrib(const)', 'nuts_id_3': 'M_Consumers.add_Nuts_Num(): Estimated', 'nuts_id_1': 'M_Consumers.add_Nuts_Num(): Estimated', 'nuts_id_2': 'M_Consumers.add_Nuts_Num(): Estimated'};{}
Prod90;Prod90;['EntsoG_Map_Prod_90'];['Prod_90'];60.603;2.72095;XX;None;{'exact': 3, 'nuts_id_3': 'XX', 'nuts_id_1': 'XX', 'nuts_id_2': 'XX'};{'exact': 0, 'nuts_id_3': 100, 'nuts_id_1': 100, 'nuts_id_2': 100};{'exact': 'make_Attrib(const)', 'nuts_id_3': 'M_Consumers.add_Nuts_Num(): Estimated', 'nuts_id_1': 'M_Consumers.add_Nuts_Num(): Estimated', 'nuts_id_2': 'M_Consumers.add_Nuts_Num(): Estimated'};{}
Prod91;Prod91;['EntsoG_Map_Prod_91'];['Prod_91'];60.84458000000001;2.0908700000000002;XX;None;{'exact': 3, 'nuts_id_3': 'XX', 'nuts_id_1': 'XX', 'nuts_id_2': 'XX'};{'exact': 0, 'nuts_id_3': 100, 'nuts_id_1': 100, 'nuts_id_2': 100};{'exact': 'make_Attrib(const)', 'nuts_id_3': 'M_Consumers.add_Nuts_Num(): Estimated', 'nuts_id_1': 'M_Consumers.add_Nuts_Num(): Estimated', 'nuts_id_2': 'M_Consumers.add_Nuts_Num(): Estimated'};{}
Prod92;Prod92;['EntsoG_Map_Prod_92'];['Prod_92'];60.40215;3.21188;XX;None;{'exact': 3, 'nuts_id_3': 'XX', 'nuts_id_1': 'XX', 'nuts_id_2': 'XX'};{'exact': 0, 'nuts_id_3': 100, 'nuts_id_1': 100, 'nuts_id_2': 100};{'exact': 'make_Attrib(const)', 'nuts_id_3': 'M_Consumers.add_Nuts_Num(): Estimated', 'nuts_id_1': 'M_Consumers.add_Nuts_Num(): Estimated', 'nuts_id_2': 'M_Consumers.add_Nuts_Num(): Estimated'};{}
Prod93;Prod93;['EntsoG_Map_Prod_93'];['Prod_93'];60.713359999999994;2.60443;XX;None;{'exact': 3, 'nuts_id_3': 'XX', 'nuts_id_1': 'XX', 'nuts_id_2': 'XX'};{'exact': 0, 'nuts_id_3': 100, 'nuts_id_1': 100, 'nuts_id_2': 100};{'exact': 'make_Attrib(const)', 'nuts_id_3': 'M_Consumers.add_Nuts_Num(): Estimated', 'nuts_id_1': 'M_Consumers.add_Nuts_Num(): Estimated', 'nuts_id_2': 'M_Consumers.add_Nuts_Num(): Estimated'};{}
Prod94;Prod94;['EntsoG_Map_Prod_94'];['Prod_94'];61.23191;2.66443;XX;None;{'exact': 3, 'nuts_id_3': 'XX', 'nuts_id_1': 'XX', 'nuts_id_2': 'XX'};{'exact': 0, 'nuts_id_3': 100, 'nuts_id_1': 100, 'nuts_id_2': 100};{'exact': 'make_Attrib(const)', 'nuts_id_3': 'M_Consumers.add_Nuts_Num(): Estimated', 'nuts_id_1': 'M_Consumers.add_Nuts_Num(): Estimated', 'nuts_id_2': 'M_Consumers.add_Nuts_Num(): Estimated'};{}
Prod95;Prod95;['EntsoG_Map_Prod_95'];['Prod_95'];57.68124;1.92746;XX;None;{'exact': 3, 'nuts_id_3': 'XX', 'nuts_id_1': 'XX', 'nuts_id_2': 'XX'};{'exact': 0, 'nuts_id_3': 100, 'nuts_id_1': 100, 'nuts_id_2': 100};{'exact': 'make_Attrib(const)', 'nuts_id_3': 'M_Consumers.add_Nuts_Num(): Estimated', 'nuts_id_1': 'M_Consumers.add_Nuts_Num(): Estimated', 'nuts_id_2': 'M_Consumers.add_Nuts_Num(): Estimated'};{}
Prod96;Prod96;['EntsoG_Map_Prod_96'];['Prod_96'];58.650859999999994;2.70398;XX;None;{'exact': 3, 'nuts_id_3': 'XX', 'nuts_id_1': 'XX', 'nuts_id_2': 'XX'};{'exact': 0, 'nuts_id_3': 100, 'nuts_id_1': 100, 'nuts_id_2': 100};{'exact': 'make_Attrib(const)', 'nuts_id_3': 'M_Consumers.add_Nuts_Num(): Estimated', 'nuts_id_1': 'M_Consumers.add_Nuts_Num(): Estimated', 'nuts_id_2': 'M_Consumers.add_Nuts_Num(): Estimated'};{}
Prod97;Prod97;['EntsoG_Map_Prod_97'];['Prod_97'];58.07062;2.5827299999999997;XX;None;{'exact': 3, 'nuts_id_3': 'XX', 'nuts_id_1': 'XX', 'nuts_id_2': 'XX'};{'exact': 0, 'nuts_id_3': 100, 'nuts_id_1': 100, 'nuts_id_2': 100};{'exact': 'make_Attrib(const)', 'nuts_id_3': 'M_Consumers.add_Nuts_Num(): Estimated', 'nuts_id_1': 'M_Consumers.add_Nuts_Num(): Estimated', 'nuts_id_2': 'M_Consumers.add_Nuts_Num(): Estimated'};{}
Prod98;Prod98;['EntsoG_Map_Prod_98'];['Prod_98'];58.162769999999995;2.0746700000000002;XX;None;{'exact': 3, 'nuts_id_3': 'XX', 'nuts_id_1': 'XX', 'nuts_id_2': 'XX'};{'exact': 0, 'nuts_id_3': 100, 'nuts_id_1': 100, 'nuts_id_2': 100};{'exact': 'make_Attrib(const)', 'nuts_id_3': 'M_Consumers.add_Nuts_Num(): Estimated', 'nuts_id_1': 'M_Consumers.add_Nuts_Num(): Estimated', 'nuts_id_2': 'M_Consumers.add_Nuts_Num(): Estimated'};{}
Prod99;Prod99;['EntsoG_Map_Prod_99'];['Prod_99'];58.556740000000005;2.52914;XX;None;{'exact': 3, 'nuts_id_3': 'XX', 'nuts_id_1': 'XX', 'nuts_id_2': 'XX'};{'exact': 0, 'nuts_id_3': 100, 'nuts_id_1': 100, 'nuts_id_2': 100};{'exact': 'make_Attrib(const)', 'nuts_id_3': 'M_Consumers.add_Nuts_Num(): Estimated', 'nuts_id_1': 'M_Consumers.add_Nuts_Num(): Estimated', 'nuts_id_2': 'M_Consumers.add_Nuts_Num(): Estimated'};{}
Prod100;Prod100;['EntsoG_Map_Prod_100'];['Prod_100'];60.077980000000004;2.38341;XX;None;{'exact': 3, 'nuts_id_3': 'XX', 'nuts_id_1': 'XX', 'nuts_id_2': 'XX'};{'exact': 0, 'nuts_id_3': 100, 'nuts_id_1': 100, 'nuts_id_2': 100};{'exact': 'make_Attrib(const)', 'nuts_id_3': 'M_Consumers.add_Nuts_Num(): Estimated', 'nuts_id_1': 'M_Consumers.add_Nuts_Num(): Estimated', 'nuts_id_2': 'M_Consumers.add_Nuts_Num(): Estimated'};{}
Prod101;Prod101;['EntsoG_Map_Prod_101'];['Prod_101'];60.720330000000004;2.2161;XX;None;{'exact': 3, 'nuts_id_3': 'XX', 'nuts_id_1': 'XX', 'nuts_id_2': 'XX'};{'exact': 0, 'nuts_id_3': 100, 'nuts_id_1': 100, 'nuts_id_2': 100};{'exact': 'make_Attrib(const)', 'nuts_id_3': 'M_Consumers.add_Nuts_Num(): Estimated', 'nuts_id_1': 'M_Consumers.add_Nuts_Num(): Estimated', 'nuts_id_2': 'M_Consumers.add_Nuts_Num(): Estimated'};{}
Prod102;Prod102;['EntsoG_Map_Prod_102'];['Prod_102'];60.683859999999996;2.90682;XX;None;{'exact': 3, 'nuts_id_3': 'XX', 'nuts_id_1': 'XX', 'nuts_id_2': 'XX'};{'exact': 0, 'nuts_id_3': 100, 'nuts_id_1': 100, 'nuts_id_2': 100};{'exact': 'make_Attrib(const)', 'nuts_id_3': 'M_Consumers.add_Nuts_Num(): Estimated', 'nuts_id_1': 'M_Consumers.add_Nuts_Num(): Estimated', 'nuts_id_2': 'M_Consumers.add_Nuts_Num(): Estimated'};{}
