id;name;source_id;node_id;lat;long;country_code;comment;param;uncertainty;method;tags
Stor_EU0;Stor_EU0;['EntsoG_Map_Stor_EU_0'];['Stor_EU_0'];38.14563;33.78761;TR;None;{'exact': 3, 'nuts_id_3': 'TR712', 'nuts_id_1': 'TR7', 'nuts_id_2': 'TR71'};{'exact': 0, 'nuts_id_3': 0, 'nuts_id_1': 0, 'nuts_id_2': 0};{'exact': 'make_Attrib(const)', 'nuts_id_3': 'M_Consumers.add_Nuts_Num()', 'nuts_id_1': 'M_Consumers.add_Nuts_Num()', 'nuts_id_2': 'M_Consumers.add_Nuts_Num()'};{}
Stor_EU1;Stor_EU1;['EntsoG_Map_Stor_EU_1'];['Stor_EU_1'];54.95985;-5.98993;GB;None;{'exact': 3, 'nuts_id_3': 'UKN15', 'nuts_id_1': 'UKN', 'nuts_id_2': 'UKN0'};{'exact': 0, 'nuts_id_3': 0, 'nuts_id_1': 0, 'nuts_id_2': 0};{'exact': 'make_Attrib(const)', 'nuts_id_3': 'M_Consumers.add_Nuts_Num()', 'nuts_id_1': 'M_Consumers.add_Nuts_Num()', 'nuts_id_2': 'M_Consumers.add_Nuts_Num()'};{}
Stor_EU2;Stor_EU2;['EntsoG_Map_Stor_EU_2'];['Stor_EU_2'];37.14077;-6.38328;ES;None;{'exact': 3, 'nuts_id_3': 'ES615', 'nuts_id_1': 'ES6', 'nuts_id_2': 'ES61'};{'exact': 0, 'nuts_id_3': 0, 'nuts_id_1': 0, 'nuts_id_2': 0};{'exact': 'make_Attrib(const)', 'nuts_id_3': 'M_Consumers.add_Nuts_Num()', 'nuts_id_1': 'M_Consumers.add_Nuts_Num()', 'nuts_id_2': 'M_Consumers.add_Nuts_Num()'};{}
Stor_EU3;Stor_EU3;['EntsoG_Map_Stor_EU_3'];['Stor_EU_3'];57.10719;24.81943;LV;None;{'exact': 3, 'nuts_id_3': 'LV007', 'nuts_id_1': 'LV0', 'nuts_id_2': 'LV00'};{'exact': 0, 'nuts_id_3': 0, 'nuts_id_1': 0, 'nuts_id_2': 0};{'exact': 'make_Attrib(const)', 'nuts_id_3': 'M_Consumers.add_Nuts_Num()', 'nuts_id_1': 'M_Consumers.add_Nuts_Num()', 'nuts_id_2': 'M_Consumers.add_Nuts_Num()'};{}
Stor_EU5;Stor_EU5;['EntsoG_Map_Stor_EU_5'];['Stor_EU_5'];40.47974;0.6717;XX;None;{'exact': 3, 'nuts_id_3': 'ES514', 'nuts_id_1': 'ES5', 'nuts_id_2': 'ES51'};{'exact': 0, 'nuts_id_3': 0, 'nuts_id_1': 0, 'nuts_id_2': 0};{'exact': 'make_Attrib(const)', 'nuts_id_3': 'M_Consumers.add_Nuts_Num()', 'nuts_id_1': 'M_Consumers.add_Nuts_Num()', 'nuts_id_2': 'M_Consumers.add_Nuts_Num()'};{}
Stor_EU6;Stor_EU6;['EntsoG_Map_Stor_EU_6'];['Stor_EU_6'];55.50316;11.634730000000001;DK;None;{'exact': 3, 'nuts_id_3': 'DK022', 'nuts_id_1': 'DK0', 'nuts_id_2': 'DK02'};{'exact': 0, 'nuts_id_3': 0, 'nuts_id_1': 0, 'nuts_id_2': 0};{'exact': 'make_Attrib(const)', 'nuts_id_3': 'M_Consumers.add_Nuts_Num()', 'nuts_id_1': 'M_Consumers.add_Nuts_Num()', 'nuts_id_2': 'M_Consumers.add_Nuts_Num()'};{}
Stor_EU7;Stor_EU7;['EntsoG_Map_Stor_EU_7'];['Stor_EU_7'];49.9639;22.39591;PL;None;{'exact': 3, 'nuts_id_3': 'PL822', 'nuts_id_1': 'PL8', 'nuts_id_2': 'PL82'};{'exact': 0, 'nuts_id_3': 0, 'nuts_id_1': 0, 'nuts_id_2': 0};{'exact': 'make_Attrib(const)', 'nuts_id_3': 'M_Consumers.add_Nuts_Num()', 'nuts_id_1': 'M_Consumers.add_Nuts_Num()', 'nuts_id_2': 'M_Consumers.add_Nuts_Num()'};{}
Stor_EU8;Stor_EU8;['EntsoG_Map_Stor_EU_8'];['Stor_EU_8'];49.61439;22.06671;PL;None;{'exact': 3, 'nuts_id_3': 'PL821', 'nuts_id_1': 'PL8', 'nuts_id_2': 'PL82'};{'exact': 0, 'nuts_id_3': 0, 'nuts_id_1': 0, 'nuts_id_2': 0};{'exact': 'make_Attrib(const)', 'nuts_id_3': 'M_Consumers.add_Nuts_Num()', 'nuts_id_1': 'M_Consumers.add_Nuts_Num()', 'nuts_id_2': 'M_Consumers.add_Nuts_Num()'};{}
Stor_EU9;Stor_EU9;['EntsoG_Map_Stor_EU_9'];['Stor_EU_9'];43.76063;-2.4575299999999998;XX;None;{'exact': 3, 'nuts_id_3': 'ES212', 'nuts_id_1': 'ES2', 'nuts_id_2': 'ES21'};{'exact': 0, 'nuts_id_3': 0, 'nuts_id_1': 0, 'nuts_id_2': 0};{'exact': 'make_Attrib(const)', 'nuts_id_3': 'M_Consumers.add_Nuts_Num()', 'nuts_id_1': 'M_Consumers.add_Nuts_Num()', 'nuts_id_2': 'M_Consumers.add_Nuts_Num()'};{}
Stor_EU10;Stor_EU10;['EntsoG_Map_Stor_EU_10'];['Stor_EU_10'];43.842940000000006;5.80321;FR;None;{'exact': 3, 'nuts_id_3': 'FRL01', 'nuts_id_1': 'FRL', 'nuts_id_2': 'FRL0'};{'exact': 0, 'nuts_id_3': 0, 'nuts_id_1': 0, 'nuts_id_2': 0};{'exact': 'make_Attrib(const)', 'nuts_id_3': 'M_Consumers.add_Nuts_Num()', 'nuts_id_1': 'M_Consumers.add_Nuts_Num()', 'nuts_id_2': 'M_Consumers.add_Nuts_Num()'};{}
Stor_EU11;Stor_EU11;['EntsoG_Map_Stor_EU_11'];['Stor_EU_11'];45.64225;20.59131;RS;None;{'exact': 3, 'nuts_id_3': 'RS126', 'nuts_id_1': 'RS1', 'nuts_id_2': 'RS12'};{'exact': 0, 'nuts_id_3': 0, 'nuts_id_1': 0, 'nuts_id_2': 0};{'exact': 'make_Attrib(const)', 'nuts_id_3': 'M_Consumers.add_Nuts_Num()', 'nuts_id_1': 'M_Consumers.add_Nuts_Num()', 'nuts_id_2': 'M_Consumers.add_Nuts_Num()'};{}
Stor_EU12;Stor_EU12;['EntsoG_Map_Stor_EU_12'];['Stor_EU_12'];43.384009999999996;23.66518;BG;None;{'exact': 3, 'nuts_id_3': 'BG313', 'nuts_id_1': 'BG3', 'nuts_id_2': 'BG31'};{'exact': 0, 'nuts_id_3': 0, 'nuts_id_1': 0, 'nuts_id_2': 0};{'exact': 'make_Attrib(const)', 'nuts_id_3': 'M_Consumers.add_Nuts_Num()', 'nuts_id_1': 'M_Consumers.add_Nuts_Num()', 'nuts_id_2': 'M_Consumers.add_Nuts_Num()'};{}
Stor_EU13;Stor_EU13;['EntsoG_Map_Stor_EU_13'];['Stor_EU_13'];46.309259999999995;20.28837;HU;None;{'exact': 3, 'nuts_id_3': 'HU333', 'nuts_id_1': 'HU3', 'nuts_id_2': 'HU33'};{'exact': 0, 'nuts_id_3': 0, 'nuts_id_1': 0, 'nuts_id_2': 0};{'exact': 'make_Attrib(const)', 'nuts_id_3': 'M_Consumers.add_Nuts_Num()', 'nuts_id_1': 'M_Consumers.add_Nuts_Num()', 'nuts_id_2': 'M_Consumers.add_Nuts_Num()'};{}
Stor_EU14;Stor_EU14;['EntsoG_Map_Stor_EU_14'];['Stor_EU_14'];46.31072;19.427970000000002;HU;None;{'exact': 3, 'nuts_id_3': 'HU331', 'nuts_id_1': 'HU3', 'nuts_id_2': 'HU33'};{'exact': 0, 'nuts_id_3': 0, 'nuts_id_1': 0, 'nuts_id_2': 0};{'exact': 'make_Attrib(const)', 'nuts_id_3': 'M_Consumers.add_Nuts_Num()', 'nuts_id_1': 'M_Consumers.add_Nuts_Num()', 'nuts_id_2': 'M_Consumers.add_Nuts_Num()'};{}
Stor_EU15;Stor_EU15;['EntsoG_Map_Stor_EU_15'];['Stor_EU_15'];43.78588;0.04986;FR;None;{'exact': 3, 'nuts_id_3': 'FRJ24', 'nuts_id_1': 'FRJ', 'nuts_id_2': 'FRJ2'};{'exact': 0, 'nuts_id_3': 0, 'nuts_id_1': 0, 'nuts_id_2': 0};{'exact': 'make_Attrib(const)', 'nuts_id_3': 'M_Consumers.add_Nuts_Num()', 'nuts_id_1': 'M_Consumers.add_Nuts_Num()', 'nuts_id_2': 'M_Consumers.add_Nuts_Num()'};{}
Stor_EU16;Stor_EU16;['EntsoG_Map_Stor_EU_16'];['Stor_EU_16'];53.9767;-2.9529;XX;None;{'exact': 3, 'nuts_id_3': 'UKD44', 'nuts_id_1': 'UKD', 'nuts_id_2': 'UKD4'};{'exact': 0, 'nuts_id_3': 0, 'nuts_id_1': 0, 'nuts_id_2': 0};{'exact': 'make_Attrib(const)', 'nuts_id_3': 'M_Consumers.add_Nuts_Num()', 'nuts_id_1': 'M_Consumers.add_Nuts_Num()', 'nuts_id_2': 'M_Consumers.add_Nuts_Num()'};{}
Stor_EU17;Stor_EU17;['EntsoG_Map_Stor_EU_17'];['Stor_EU_17'];52.78045;18.33411;PL;None;{'exact': 3, 'nuts_id_3': 'PL617', 'nuts_id_1': 'PL6', 'nuts_id_2': 'PL61'};{'exact': 0, 'nuts_id_3': 0, 'nuts_id_1': 0, 'nuts_id_2': 0};{'exact': 'make_Attrib(const)', 'nuts_id_3': 'M_Consumers.add_Nuts_Num()', 'nuts_id_1': 'M_Consumers.add_Nuts_Num()', 'nuts_id_2': 'M_Consumers.add_Nuts_Num()'};{}
Stor_EU18;Stor_EU18;['EntsoG_Map_Stor_EU_18'];['Stor_EU_18'];46.646679999999996;20.38494;HU;None;{'exact': 3, 'nuts_id_3': 'HU333', 'nuts_id_1': 'HU3', 'nuts_id_2': 'HU33'};{'exact': 0, 'nuts_id_3': 0, 'nuts_id_1': 0, 'nuts_id_2': 0};{'exact': 'make_Attrib(const)', 'nuts_id_3': 'M_Consumers.add_Nuts_Num()', 'nuts_id_1': 'M_Consumers.add_Nuts_Num()', 'nuts_id_2': 'M_Consumers.add_Nuts_Num()'};{}
Stor_EU19;Stor_EU19;['EntsoG_Map_Stor_EU_19'];['Stor_EU_19'];48.628859999999996;22.165570000000002;SK;None;{'exact': 3, 'nuts_id_3': 'SK042', 'nuts_id_1': 'SK0', 'nuts_id_2': 'SK04'};{'exact': 0, 'nuts_id_3': 0, 'nuts_id_1': 0, 'nuts_id_2': 0};{'exact': 'make_Attrib(const)', 'nuts_id_3': 'M_Consumers.add_Nuts_Num()', 'nuts_id_1': 'M_Consumers.add_Nuts_Num()', 'nuts_id_2': 'M_Consumers.add_Nuts_Num()'};{}
Stor_EU20;Stor_EU20;['EntsoG_Map_Stor_EU_20'];['Stor_EU_20'];40.02604;-8.81991;PT;None;{'exact': 3, 'nuts_id_3': 'PT16E', 'nuts_id_1': 'PT1', 'nuts_id_2': 'PT16'};{'exact': 0, 'nuts_id_3': 0, 'nuts_id_1': 0, 'nuts_id_2': 0};{'exact': 'make_Attrib(const)', 'nuts_id_3': 'M_Consumers.add_Nuts_Num()', 'nuts_id_1': 'M_Consumers.add_Nuts_Num()', 'nuts_id_2': 'M_Consumers.add_Nuts_Num()'};{}
Stor_EU21;Stor_EU21;['EntsoG_Map_Stor_EU_21'];['Stor_EU_21'];42.653240000000004;-0.39093;ES;None;{'exact': 3, 'nuts_id_3': 'ES241', 'nuts_id_1': 'ES2', 'nuts_id_2': 'ES24'};{'exact': 0, 'nuts_id_3': 0, 'nuts_id_1': 0, 'nuts_id_2': 0};{'exact': 'make_Attrib(const)', 'nuts_id_3': 'M_Consumers.add_Nuts_Num()', 'nuts_id_1': 'M_Consumers.add_Nuts_Num()', 'nuts_id_2': 'M_Consumers.add_Nuts_Num()'};{}
Stor_EU22;Stor_EU22;['EntsoG_Map_Stor_EU_22'];['Stor_EU_22'];40.87749;24.50704;XX;None;{'exact': 3, 'nuts_id_3': 'EL515', 'nuts_id_1': 'EL5', 'nuts_id_2': 'EL51'};{'exact': 0, 'nuts_id_3': 0, 'nuts_id_1': 0, 'nuts_id_2': 0};{'exact': 'make_Attrib(const)', 'nuts_id_3': 'M_Consumers.add_Nuts_Num()', 'nuts_id_1': 'M_Consumers.add_Nuts_Num()', 'nuts_id_2': 'M_Consumers.add_Nuts_Num()'};{}
Stor_EU23;Stor_EU23;['EntsoG_Map_Stor_EU_23'];['Stor_EU_23'];44.88793;26.793429999999997;RO;None;{'exact': 3, 'nuts_id_3': 'RO222', 'nuts_id_1': 'RO2', 'nuts_id_2': 'RO22'};{'exact': 0, 'nuts_id_3': 0, 'nuts_id_1': 0, 'nuts_id_2': 0};{'exact': 'make_Attrib(const)', 'nuts_id_3': 'M_Consumers.add_Nuts_Num()', 'nuts_id_1': 'M_Consumers.add_Nuts_Num()', 'nuts_id_2': 'M_Consumers.add_Nuts_Num()'};{}
Stor_EU24;Stor_EU24;['EntsoG_Map_Stor_EU_24'];['Stor_EU_24'];44.48203;26.552220000000002;RO;None;{'exact': 3, 'nuts_id_3': 'RO312', 'nuts_id_1': 'RO3', 'nuts_id_2': 'RO31'};{'exact': 0, 'nuts_id_3': 0, 'nuts_id_1': 0, 'nuts_id_2': 0};{'exact': 'make_Attrib(const)', 'nuts_id_3': 'M_Consumers.add_Nuts_Num()', 'nuts_id_1': 'M_Consumers.add_Nuts_Num()', 'nuts_id_2': 'M_Consumers.add_Nuts_Num()'};{}
Stor_EU25;Stor_EU25;['EntsoG_Map_Stor_EU_25'];['Stor_EU_25'];55.478019999999994;11.49651;DK;None;{'exact': 3, 'nuts_id_3': 'DK022', 'nuts_id_1': 'DK0', 'nuts_id_2': 'DK02'};{'exact': 0, 'nuts_id_3': 0, 'nuts_id_1': 0, 'nuts_id_2': 0};{'exact': 'make_Attrib(const)', 'nuts_id_3': 'M_Consumers.add_Nuts_Num()', 'nuts_id_1': 'M_Consumers.add_Nuts_Num()', 'nuts_id_2': 'M_Consumers.add_Nuts_Num()'};{}
Stor_EU26;Stor_EU26;['EntsoG_Map_Stor_EU_26'];['Stor_EU_26'];54.018190000000004;15.891370000000002;PL;None;{'exact': 3, 'nuts_id_3': 'PL426', 'nuts_id_1': 'PL4', 'nuts_id_2': 'PL42'};{'exact': 0, 'nuts_id_3': 0, 'nuts_id_1': 0, 'nuts_id_2': 0};{'exact': 'make_Attrib(const)', 'nuts_id_3': 'M_Consumers.add_Nuts_Num()', 'nuts_id_1': 'M_Consumers.add_Nuts_Num()', 'nuts_id_2': 'M_Consumers.add_Nuts_Num()'};{}
Stor_EU27;Stor_EU27;['EntsoG_Map_Stor_EU_27'];['Stor_EU_27'];42.5918;13.79522;IT;None;{'exact': 3, 'nuts_id_3': 'ITF12', 'nuts_id_1': 'ITF', 'nuts_id_2': 'ITF1'};{'exact': 0, 'nuts_id_3': 0, 'nuts_id_1': 0, 'nuts_id_2': 0};{'exact': 'make_Attrib(const)', 'nuts_id_3': 'M_Consumers.add_Nuts_Num()', 'nuts_id_1': 'M_Consumers.add_Nuts_Num()', 'nuts_id_2': 'M_Consumers.add_Nuts_Num()'};{}
Stor_EU28;Stor_EU28;['EntsoG_Map_Stor_EU_28'];['Stor_EU_28'];46.833709999999996;24.899810000000002;RO;None;{'exact': 3, 'nuts_id_3': 'RO125', 'nuts_id_1': 'RO1', 'nuts_id_2': 'RO12'};{'exact': 0, 'nuts_id_3': 0, 'nuts_id_1': 0, 'nuts_id_2': 0};{'exact': 'make_Attrib(const)', 'nuts_id_3': 'M_Consumers.add_Nuts_Num()', 'nuts_id_1': 'M_Consumers.add_Nuts_Num()', 'nuts_id_2': 'M_Consumers.add_Nuts_Num()'};{}
Stor_EU29;Stor_EU29;['EntsoG_Map_Stor_EU_29'];['Stor_EU_29'];50.12238;21.5266;PL;None;{'exact': 3, 'nuts_id_3': 'PL824', 'nuts_id_1': 'PL8', 'nuts_id_2': 'PL82'};{'exact': 0, 'nuts_id_3': 0, 'nuts_id_1': 0, 'nuts_id_2': 0};{'exact': 'make_Attrib(const)', 'nuts_id_3': 'M_Consumers.add_Nuts_Num()', 'nuts_id_1': 'M_Consumers.add_Nuts_Num()', 'nuts_id_2': 'M_Consumers.add_Nuts_Num()'};{}
Stor_EU30;Stor_EU30;['EntsoG_Map_Stor_EU_30'];['Stor_EU_30'];48.537079999999996;16.48225;AT;None;{'exact': 3, 'nuts_id_3': 'AT125', 'nuts_id_1': 'AT1', 'nuts_id_2': 'AT12'};{'exact': 0, 'nuts_id_3': 0, 'nuts_id_1': 0, 'nuts_id_2': 0};{'exact': 'make_Attrib(const)', 'nuts_id_3': 'M_Consumers.add_Nuts_Num()', 'nuts_id_1': 'M_Consumers.add_Nuts_Num()', 'nuts_id_2': 'M_Consumers.add_Nuts_Num()'};{}
Stor_EU31;Stor_EU31;['EntsoG_Map_Stor_EU_31'];['Stor_EU_31'];41.872659999999996;14.434320000000001;IT;None;{'exact': 3, 'nuts_id_3': 'ITF14', 'nuts_id_1': 'ITF', 'nuts_id_2': 'ITF1'};{'exact': 0, 'nuts_id_3': 0, 'nuts_id_1': 0, 'nuts_id_2': 0};{'exact': 'make_Attrib(const)', 'nuts_id_3': 'M_Consumers.add_Nuts_Num()', 'nuts_id_1': 'M_Consumers.add_Nuts_Num()', 'nuts_id_2': 'M_Consumers.add_Nuts_Num()'};{}
Stor_EU32;Stor_EU32;['EntsoG_Map_Stor_EU_32'];['Stor_EU_32'];49.76256;11.61403;DE;None;{'exact': 3, 'nuts_id_3': 'DE246', 'nuts_id_1': 'DE2', 'nuts_id_2': 'DE24'};{'exact': 0, 'nuts_id_3': 0, 'nuts_id_1': 0, 'nuts_id_2': 0};{'exact': 'make_Attrib(const)', 'nuts_id_3': 'M_Consumers.add_Nuts_Num()', 'nuts_id_1': 'M_Consumers.add_Nuts_Num()', 'nuts_id_2': 'M_Consumers.add_Nuts_Num()'};{}
Stor_EU33;Stor_EU33;['EntsoG_Map_Stor_EU_33'];['Stor_EU_33'];45.16355;5.05467;FR;None;{'exact': 3, 'nuts_id_3': 'FRK23', 'nuts_id_1': 'FRK', 'nuts_id_2': 'FRK2'};{'exact': 0, 'nuts_id_3': 0, 'nuts_id_1': 0, 'nuts_id_2': 0};{'exact': 'make_Attrib(const)', 'nuts_id_3': 'M_Consumers.add_Nuts_Num()', 'nuts_id_1': 'M_Consumers.add_Nuts_Num()', 'nuts_id_2': 'M_Consumers.add_Nuts_Num()'};{}
Stor_EU34;Stor_EU34;['EntsoG_Map_Stor_EU_34'];['Stor_EU_34'];53.55815;-0.9040600000000001;GB;None;{'exact': 3, 'nuts_id_3': 'UKE31', 'nuts_id_1': 'UKE', 'nuts_id_2': 'UKE3'};{'exact': 0, 'nuts_id_3': 0, 'nuts_id_1': 0, 'nuts_id_2': 0};{'exact': 'make_Attrib(const)', 'nuts_id_3': 'M_Consumers.add_Nuts_Num()', 'nuts_id_1': 'M_Consumers.add_Nuts_Num()', 'nuts_id_2': 'M_Consumers.add_Nuts_Num()'};{}
Stor_EU35;Stor_EU35;['EntsoG_Map_Stor_EU_35'];['Stor_EU_35'];53.663090000000004;1.27678;XX;None;{'exact': 3, 'nuts_id_3': 'XX', 'nuts_id_1': 'XX', 'nuts_id_2': 'XX'};{'exact': 0, 'nuts_id_3': 100, 'nuts_id_1': 100, 'nuts_id_2': 100};{'exact': 'make_Attrib(const)', 'nuts_id_3': 'M_Consumers.add_Nuts_Num(): Estimated', 'nuts_id_1': 'M_Consumers.add_Nuts_Num(): Estimated', 'nuts_id_2': 'M_Consumers.add_Nuts_Num(): Estimated'};{}
Stor_EU36;Stor_EU36;['EntsoG_Map_Stor_EU_36'];['Stor_EU_36'];48.72703;6.3476;FR;None;{'exact': 3, 'nuts_id_3': 'FRF31', 'nuts_id_1': 'FRF', 'nuts_id_2': 'FRF3'};{'exact': 0, 'nuts_id_3': 0, 'nuts_id_1': 0, 'nuts_id_2': 0};{'exact': 'make_Attrib(const)', 'nuts_id_3': 'M_Consumers.add_Nuts_Num()', 'nuts_id_1': 'M_Consumers.add_Nuts_Num()', 'nuts_id_2': 'M_Consumers.add_Nuts_Num()'};{}
Stor_EU37;Stor_EU37;['EntsoG_Map_Stor_EU_37'];['Stor_EU_37'];52.32295;13.3959;DE;None;{'exact': 3, 'nuts_id_3': 'DE40H', 'nuts_id_1': 'DE4', 'nuts_id_2': 'DE40'};{'exact': 0, 'nuts_id_3': 0, 'nuts_id_1': 0, 'nuts_id_2': 0};{'exact': 'make_Attrib(const)', 'nuts_id_3': 'M_Consumers.add_Nuts_Num()', 'nuts_id_1': 'M_Consumers.add_Nuts_Num()', 'nuts_id_2': 'M_Consumers.add_Nuts_Num()'};{}
Stor_EU38;Stor_EU38;['EntsoG_Map_Stor_EU_38'];['Stor_EU_38'];51.66025;11.88526;DE;None;{'exact': 3, 'nuts_id_3': 'DEE0B', 'nuts_id_1': 'DEE', 'nuts_id_2': 'DEE0'};{'exact': 0, 'nuts_id_3': 0, 'nuts_id_1': 0, 'nuts_id_2': 0};{'exact': 'make_Attrib(const)', 'nuts_id_3': 'M_Consumers.add_Nuts_Num()', 'nuts_id_1': 'M_Consumers.add_Nuts_Num()', 'nuts_id_2': 'M_Consumers.add_Nuts_Num()'};{}
Stor_EU39;Stor_EU39;['EntsoG_Map_Stor_EU_39'];['Stor_EU_39'];51.4637;-7.7363100000000005;XX;None;{'exact': 3, 'nuts_id_3': 'IE053', 'nuts_id_1': 'IE0', 'nuts_id_2': 'IE05'};{'exact': 0, 'nuts_id_3': 0, 'nuts_id_1': 0, 'nuts_id_2': 0};{'exact': 'make_Attrib(const)', 'nuts_id_3': 'M_Consumers.add_Nuts_Num()', 'nuts_id_1': 'M_Consumers.add_Nuts_Num()', 'nuts_id_2': 'M_Consumers.add_Nuts_Num()'};{}
Stor_EU40;Stor_EU40;['EntsoG_Map_Stor_EU_40'];['Stor_EU_40'];47.47489;21.3574;HU;None;{'exact': 3, 'nuts_id_3': 'HU321', 'nuts_id_1': 'HU3', 'nuts_id_2': 'HU32'};{'exact': 0, 'nuts_id_3': 0, 'nuts_id_1': 0, 'nuts_id_2': 0};{'exact': 'make_Attrib(const)', 'nuts_id_3': 'M_Consumers.add_Nuts_Num()', 'nuts_id_1': 'M_Consumers.add_Nuts_Num()', 'nuts_id_2': 'M_Consumers.add_Nuts_Num()'};{}
Stor_EU41;Stor_EU41;['EntsoG_Map_Stor_EU_41'];['Stor_EU_41'];45.61313;9.21701;IT;None;{'exact': 3, 'nuts_id_3': 'ITC4D', 'nuts_id_1': 'ITC', 'nuts_id_2': 'ITC4'};{'exact': 0, 'nuts_id_3': 0, 'nuts_id_1': 0, 'nuts_id_2': 0};{'exact': 'make_Attrib(const)', 'nuts_id_3': 'M_Consumers.add_Nuts_Num()', 'nuts_id_1': 'M_Consumers.add_Nuts_Num()', 'nuts_id_2': 'M_Consumers.add_Nuts_Num()'};{}
Stor_EU42;Stor_EU42;['EntsoG_Map_Stor_EU_42'];['Stor_EU_42'];48.64204;6.36474;FR;None;{'exact': 3, 'nuts_id_3': 'FRF31', 'nuts_id_1': 'FRF', 'nuts_id_2': 'FRF3'};{'exact': 0, 'nuts_id_3': 0, 'nuts_id_1': 0, 'nuts_id_2': 0};{'exact': 'make_Attrib(const)', 'nuts_id_3': 'M_Consumers.add_Nuts_Num()', 'nuts_id_1': 'M_Consumers.add_Nuts_Num()', 'nuts_id_2': 'M_Consumers.add_Nuts_Num()'};{}
Stor_EU43;Stor_EU43;['EntsoG_Map_Stor_EU_43'];['Stor_EU_43'];48.85437;4.236330000000001;FR;None;{'exact': 3, 'nuts_id_3': 'FRF23', 'nuts_id_1': 'FRF', 'nuts_id_2': 'FRF2'};{'exact': 0, 'nuts_id_3': 0, 'nuts_id_1': 0, 'nuts_id_2': 0};{'exact': 'make_Attrib(const)', 'nuts_id_3': 'M_Consumers.add_Nuts_Num()', 'nuts_id_1': 'M_Consumers.add_Nuts_Num()', 'nuts_id_2': 'M_Consumers.add_Nuts_Num()'};{}
Stor_EU44;Stor_EU44;['EntsoG_Map_Stor_EU_44'];['Stor_EU_44'];47.85435;9.34496;DE;None;{'exact': 3, 'nuts_id_3': 'DE149', 'nuts_id_1': 'DE1', 'nuts_id_2': 'DE14'};{'exact': 0, 'nuts_id_3': 0, 'nuts_id_1': 0, 'nuts_id_2': 0};{'exact': 'make_Attrib(const)', 'nuts_id_3': 'M_Consumers.add_Nuts_Num()', 'nuts_id_1': 'M_Consumers.add_Nuts_Num()', 'nuts_id_2': 'M_Consumers.add_Nuts_Num()'};{}
Stor_EU45;Stor_EU45;['EntsoG_Map_Stor_EU_45'];['Stor_EU_45'];44.92597;26.00406;RO;None;{'exact': 3, 'nuts_id_3': 'RO316', 'nuts_id_1': 'RO3', 'nuts_id_2': 'RO31'};{'exact': 0, 'nuts_id_3': 0, 'nuts_id_1': 0, 'nuts_id_2': 0};{'exact': 'make_Attrib(const)', 'nuts_id_3': 'M_Consumers.add_Nuts_Num()', 'nuts_id_1': 'M_Consumers.add_Nuts_Num()', 'nuts_id_2': 'M_Consumers.add_Nuts_Num()'};{}
Stor_EU46;Stor_EU46;['EntsoG_Map_Stor_EU_46'];['Stor_EU_46'];53.98818000000001;13.653170000000001;DE;None;{'exact': 3, 'nuts_id_3': 'DE80N', 'nuts_id_1': 'DE8', 'nuts_id_2': 'DE80'};{'exact': 0, 'nuts_id_3': 0, 'nuts_id_1': 0, 'nuts_id_2': 0};{'exact': 'make_Attrib(const)', 'nuts_id_3': 'M_Consumers.add_Nuts_Num()', 'nuts_id_1': 'M_Consumers.add_Nuts_Num()', 'nuts_id_2': 'M_Consumers.add_Nuts_Num()'};{}
Stor_EU47;Stor_EU47;['EntsoG_Map_Stor_EU_47'];['Stor_EU_47'];56.86019;13.11851;SE;None;{'exact': 3, 'nuts_id_3': 'SE231', 'nuts_id_1': 'SE2', 'nuts_id_2': 'SE23'};{'exact': 0, 'nuts_id_3': 0, 'nuts_id_1': 0, 'nuts_id_2': 0};{'exact': 'make_Attrib(const)', 'nuts_id_3': 'M_Consumers.add_Nuts_Num()', 'nuts_id_1': 'M_Consumers.add_Nuts_Num()', 'nuts_id_2': 'M_Consumers.add_Nuts_Num()'};{}
Stor_EU48;Stor_EU48;['EntsoG_Map_Stor_EU_48'];['Stor_EU_48'];47.60429;1.53722;FR;None;{'exact': 3, 'nuts_id_3': 'FRB05', 'nuts_id_1': 'FRB', 'nuts_id_2': 'FRB0'};{'exact': 0, 'nuts_id_3': 0, 'nuts_id_1': 0, 'nuts_id_2': 0};{'exact': 'make_Attrib(const)', 'nuts_id_3': 'M_Consumers.add_Nuts_Num()', 'nuts_id_1': 'M_Consumers.add_Nuts_Num()', 'nuts_id_2': 'M_Consumers.add_Nuts_Num()'};{}
Stor_EU49;Stor_EU49;['EntsoG_Map_Stor_EU_49'];['Stor_EU_49'];46.79635;17.023239999999998;HU;None;{'exact': 3, 'nuts_id_3': 'HU223', 'nuts_id_1': 'HU2', 'nuts_id_2': 'HU22'};{'exact': 0, 'nuts_id_3': 0, 'nuts_id_1': 0, 'nuts_id_2': 0};{'exact': 'make_Attrib(const)', 'nuts_id_3': 'M_Consumers.add_Nuts_Num()', 'nuts_id_1': 'M_Consumers.add_Nuts_Num()', 'nuts_id_2': 'M_Consumers.add_Nuts_Num()'};{}
Stor_EU50;Stor_EU50;['EntsoG_Map_Stor_EU_50'];['Stor_EU_50'];50.22925;20.88329;PL;None;{'exact': 3, 'nuts_id_3': 'PL217', 'nuts_id_1': 'PL2', 'nuts_id_2': 'PL21'};{'exact': 0, 'nuts_id_3': 0, 'nuts_id_1': 0, 'nuts_id_2': 0};{'exact': 'make_Attrib(const)', 'nuts_id_3': 'M_Consumers.add_Nuts_Num()', 'nuts_id_1': 'M_Consumers.add_Nuts_Num()', 'nuts_id_2': 'M_Consumers.add_Nuts_Num()'};{}
Stor_EU51;Stor_EU51;['EntsoG_Map_Stor_EU_51'];['Stor_EU_51'];40.82605;-2.71513;ES;None;{'exact': 3, 'nuts_id_3': 'ES424', 'nuts_id_1': 'ES4', 'nuts_id_2': 'ES42'};{'exact': 0, 'nuts_id_3': 0, 'nuts_id_1': 0, 'nuts_id_2': 0};{'exact': 'make_Attrib(const)', 'nuts_id_3': 'M_Consumers.add_Nuts_Num()', 'nuts_id_1': 'M_Consumers.add_Nuts_Num()', 'nuts_id_2': 'M_Consumers.add_Nuts_Num()'};{}
Stor_EU52;Stor_EU52;['EntsoG_Map_Stor_EU_52'];['Stor_EU_52'];47.3768;1.1342700000000001;FR;None;{'exact': 3, 'nuts_id_3': 'FRB05', 'nuts_id_1': 'FRB', 'nuts_id_2': 'FRB0'};{'exact': 0, 'nuts_id_3': 0, 'nuts_id_1': 0, 'nuts_id_2': 0};{'exact': 'make_Attrib(const)', 'nuts_id_3': 'M_Consumers.add_Nuts_Num()', 'nuts_id_1': 'M_Consumers.add_Nuts_Num()', 'nuts_id_2': 'M_Consumers.add_Nuts_Num()'};{}
Stor_EU53;Stor_EU53;['EntsoG_Map_Stor_EU_53'];['Stor_EU_53'];46.34839;5.26221;FR;None;{'exact': 3, 'nuts_id_3': 'FRK21', 'nuts_id_1': 'FRK', 'nuts_id_2': 'FRK2'};{'exact': 0, 'nuts_id_3': 0, 'nuts_id_1': 0, 'nuts_id_2': 0};{'exact': 'make_Attrib(const)', 'nuts_id_3': 'M_Consumers.add_Nuts_Num()', 'nuts_id_1': 'M_Consumers.add_Nuts_Num()', 'nuts_id_2': 'M_Consumers.add_Nuts_Num()'};{}
Stor_EU54;Stor_EU54;['EntsoG_Map_Stor_EU_54'];['Stor_EU_54'];48.1124;12.17954;DE;None;{'exact': 3, 'nuts_id_3': 'DE21G', 'nuts_id_1': 'DE2', 'nuts_id_2': 'DE21'};{'exact': 0, 'nuts_id_3': 0, 'nuts_id_1': 0, 'nuts_id_2': 0};{'exact': 'make_Attrib(const)', 'nuts_id_3': 'M_Consumers.add_Nuts_Num()', 'nuts_id_1': 'M_Consumers.add_Nuts_Num()', 'nuts_id_2': 'M_Consumers.add_Nuts_Num()'};{}
Stor_EU55;Stor_EU55;['EntsoG_Map_Stor_EU_55'];['Stor_EU_55'];45.31925;9.83422;IT;None;{'exact': 3, 'nuts_id_3': 'ITC4A', 'nuts_id_1': 'ITC', 'nuts_id_2': 'ITC4'};{'exact': 0, 'nuts_id_3': 0, 'nuts_id_1': 0, 'nuts_id_2': 0};{'exact': 'make_Attrib(const)', 'nuts_id_3': 'M_Consumers.add_Nuts_Num()', 'nuts_id_1': 'M_Consumers.add_Nuts_Num()', 'nuts_id_2': 'M_Consumers.add_Nuts_Num()'};{}
Stor_EU56;Stor_EU56;['EntsoG_Map_Stor_EU_56'];['Stor_EU_56'];44.41352;11.895010000000001;IT;None;{'exact': 3, 'nuts_id_3': 'ITH57', 'nuts_id_1': 'ITH', 'nuts_id_2': 'ITH5'};{'exact': 0, 'nuts_id_3': 0, 'nuts_id_1': 0, 'nuts_id_2': 0};{'exact': 'make_Attrib(const)', 'nuts_id_3': 'M_Consumers.add_Nuts_Num()', 'nuts_id_1': 'M_Consumers.add_Nuts_Num()', 'nuts_id_2': 'M_Consumers.add_Nuts_Num()'};{}
Stor_EU57;Stor_EU57;['EntsoG_Map_Stor_EU_57'];['Stor_EU_57'];51.391259999999996;-0.81412;GB;None;{'exact': 3, 'nuts_id_3': 'UKJ11', 'nuts_id_1': 'UKJ', 'nuts_id_2': 'UKJ1'};{'exact': 0, 'nuts_id_3': 0, 'nuts_id_1': 0, 'nuts_id_2': 0};{'exact': 'make_Attrib(const)', 'nuts_id_3': 'M_Consumers.add_Nuts_Num()', 'nuts_id_1': 'M_Consumers.add_Nuts_Num()', 'nuts_id_2': 'M_Consumers.add_Nuts_Num()'};{}
Stor_EU58;Stor_EU58;['EntsoG_Map_Stor_EU_58'];['Stor_EU_58'];53.93068;-0.03492;XX;None;{'exact': 3, 'nuts_id_3': 'UKE12', 'nuts_id_1': 'UKE', 'nuts_id_2': 'UKE1'};{'exact': 0, 'nuts_id_3': 0, 'nuts_id_1': 0, 'nuts_id_2': 0};{'exact': 'make_Attrib(const)', 'nuts_id_3': 'M_Consumers.add_Nuts_Num()', 'nuts_id_1': 'M_Consumers.add_Nuts_Num()', 'nuts_id_2': 'M_Consumers.add_Nuts_Num()'};{}
Stor_EU59;Stor_EU59;['EntsoG_Map_Stor_EU_59'];['Stor_EU_59'];52.68776999999999;4.9644900000000005;NL;None;{'exact': 3, 'nuts_id_3': 'NL321', 'nuts_id_1': 'NL3', 'nuts_id_2': 'NL32'};{'exact': 0, 'nuts_id_3': 0, 'nuts_id_1': 0, 'nuts_id_2': 0};{'exact': 'make_Attrib(const)', 'nuts_id_3': 'M_Consumers.add_Nuts_Num()', 'nuts_id_1': 'M_Consumers.add_Nuts_Num()', 'nuts_id_2': 'M_Consumers.add_Nuts_Num()'};{}
Stor_EU60;Stor_EU60;['EntsoG_Map_Stor_EU_60'];['Stor_EU_60'];53.31018;6.32105;NL;None;{'exact': 3, 'nuts_id_3': 'NL113', 'nuts_id_1': 'NL1', 'nuts_id_2': 'NL11'};{'exact': 0, 'nuts_id_3': 0, 'nuts_id_1': 0, 'nuts_id_2': 0};{'exact': 'make_Attrib(const)', 'nuts_id_3': 'M_Consumers.add_Nuts_Num()', 'nuts_id_1': 'M_Consumers.add_Nuts_Num()', 'nuts_id_2': 'M_Consumers.add_Nuts_Num()'};{}
Stor_EU61;Stor_EU61;['EntsoG_Map_Stor_EU_61'];['Stor_EU_61'];56.60631;9.473130000000001;DK;None;{'exact': 3, 'nuts_id_3': 'DK041', 'nuts_id_1': 'DK0', 'nuts_id_2': 'DK04'};{'exact': 0, 'nuts_id_3': 0, 'nuts_id_1': 0, 'nuts_id_2': 0};{'exact': 'make_Attrib(const)', 'nuts_id_3': 'M_Consumers.add_Nuts_Num()', 'nuts_id_1': 'M_Consumers.add_Nuts_Num()', 'nuts_id_2': 'M_Consumers.add_Nuts_Num()'};{}
Stor_EU62;Stor_EU62;['EntsoG_Map_Stor_EU_62'];['Stor_EU_62'];55.56961;11.537469999999999;DK;None;{'exact': 3, 'nuts_id_3': 'DK022', 'nuts_id_1': 'DK0', 'nuts_id_2': 'DK02'};{'exact': 0, 'nuts_id_3': 0, 'nuts_id_1': 0, 'nuts_id_2': 0};{'exact': 'make_Attrib(const)', 'nuts_id_3': 'M_Consumers.add_Nuts_Num()', 'nuts_id_1': 'M_Consumers.add_Nuts_Num()', 'nuts_id_2': 'M_Consumers.add_Nuts_Num()'};{}
Stor_EU63;Stor_EU63;['EntsoG_Map_Stor_EU_63'];['Stor_EU_63'];52.1023;13.139489999999999;DE;None;{'exact': 3, 'nuts_id_3': 'DE40H', 'nuts_id_1': 'DE4', 'nuts_id_2': 'DE40'};{'exact': 0, 'nuts_id_3': 0, 'nuts_id_1': 0, 'nuts_id_2': 0};{'exact': 'make_Attrib(const)', 'nuts_id_3': 'M_Consumers.add_Nuts_Num()', 'nuts_id_1': 'M_Consumers.add_Nuts_Num()', 'nuts_id_2': 'M_Consumers.add_Nuts_Num()'};{}
Stor_EU64;Stor_EU64;['EntsoG_Map_Stor_EU_64'];['Stor_EU_64'];45.52352;16.55789;HR;None;{'exact': 3, 'nuts_id_3': 'HR04E', 'nuts_id_1': 'HR0', 'nuts_id_2': 'HR04'};{'exact': 0, 'nuts_id_3': 0, 'nuts_id_1': 0, 'nuts_id_2': 0};{'exact': 'make_Attrib(const)', 'nuts_id_3': 'M_Consumers.add_Nuts_Num()', 'nuts_id_1': 'M_Consumers.add_Nuts_Num()', 'nuts_id_2': 'M_Consumers.add_Nuts_Num()'};{}
Stor_EU65;Stor_EU65;['EntsoG_Map_Stor_EU_65'];['Stor_EU_65'];52.08289;16.45532;PL;None;{'exact': 3, 'nuts_id_3': 'PL417', 'nuts_id_1': 'PL4', 'nuts_id_2': 'PL41'};{'exact': 0, 'nuts_id_3': 0, 'nuts_id_1': 0, 'nuts_id_2': 0};{'exact': 'make_Attrib(const)', 'nuts_id_3': 'M_Consumers.add_Nuts_Num()', 'nuts_id_1': 'M_Consumers.add_Nuts_Num()', 'nuts_id_2': 'M_Consumers.add_Nuts_Num()'};{}
Stor_EU66;Stor_EU66;['EntsoG_Map_Stor_EU_66'];['Stor_EU_66'];51.15356;11.021239999999999;DE;None;{'exact': 3, 'nuts_id_3': 'DEG0D', 'nuts_id_1': 'DEG', 'nuts_id_2': 'DEG0'};{'exact': 0, 'nuts_id_3': 0, 'nuts_id_1': 0, 'nuts_id_2': 0};{'exact': 'make_Attrib(const)', 'nuts_id_3': 'M_Consumers.add_Nuts_Num()', 'nuts_id_1': 'M_Consumers.add_Nuts_Num()', 'nuts_id_2': 'M_Consumers.add_Nuts_Num()'};{}
Stor_EU67;Stor_EU67;['EntsoG_Map_Stor_EU_67'];['Stor_EU_67'];51.376940000000005;11.75692;DE;None;{'exact': 3, 'nuts_id_3': 'DEE0B', 'nuts_id_1': 'DEE', 'nuts_id_2': 'DEE0'};{'exact': 0, 'nuts_id_3': 0, 'nuts_id_1': 0, 'nuts_id_2': 0};{'exact': 'make_Attrib(const)', 'nuts_id_3': 'M_Consumers.add_Nuts_Num()', 'nuts_id_1': 'M_Consumers.add_Nuts_Num()', 'nuts_id_2': 'M_Consumers.add_Nuts_Num()'};{}
Stor_EU68;Stor_EU68;['EntsoG_Map_Stor_EU_68'];['Stor_EU_68'];49.175509999999996;1.43866;FR;None;{'exact': 3, 'nuts_id_3': 'FRD21', 'nuts_id_1': 'FRD', 'nuts_id_2': 'FRD2'};{'exact': 0, 'nuts_id_3': 0, 'nuts_id_1': 0, 'nuts_id_2': 0};{'exact': 'make_Attrib(const)', 'nuts_id_3': 'M_Consumers.add_Nuts_Num()', 'nuts_id_1': 'M_Consumers.add_Nuts_Num()', 'nuts_id_2': 'M_Consumers.add_Nuts_Num()'};{}
Stor_EU69;Stor_EU69;['EntsoG_Map_Stor_EU_69'];['Stor_EU_69'];46.686370000000004;24.23556;RO;None;{'exact': 3, 'nuts_id_3': 'RO125', 'nuts_id_1': 'RO1', 'nuts_id_2': 'RO12'};{'exact': 0, 'nuts_id_3': 0, 'nuts_id_1': 0, 'nuts_id_2': 0};{'exact': 'make_Attrib(const)', 'nuts_id_3': 'M_Consumers.add_Nuts_Num()', 'nuts_id_1': 'M_Consumers.add_Nuts_Num()', 'nuts_id_2': 'M_Consumers.add_Nuts_Num()'};{}
Stor_EU70;Stor_EU70;['EntsoG_Map_Stor_EU_70'];['Stor_EU_70'];49.58023;18.55723;CZ;None;{'exact': 3, 'nuts_id_3': 'CZ080', 'nuts_id_1': 'CZ0', 'nuts_id_2': 'CZ08'};{'exact': 0, 'nuts_id_3': 0, 'nuts_id_1': 0, 'nuts_id_2': 0};{'exact': 'make_Attrib(const)', 'nuts_id_3': 'M_Consumers.add_Nuts_Num()', 'nuts_id_1': 'M_Consumers.add_Nuts_Num()', 'nuts_id_2': 'M_Consumers.add_Nuts_Num()'};{}
Stor_EU71;Stor_EU71;['EntsoG_Map_Stor_EU_71'];['Stor_EU_71'];47.9555;14.412629999999998;AT;None;{'exact': 3, 'nuts_id_3': 'AT314', 'nuts_id_1': 'AT3', 'nuts_id_2': 'AT31'};{'exact': 0, 'nuts_id_3': 0, 'nuts_id_1': 0, 'nuts_id_2': 0};{'exact': 'make_Attrib(const)', 'nuts_id_3': 'M_Consumers.add_Nuts_Num()', 'nuts_id_1': 'M_Consumers.add_Nuts_Num()', 'nuts_id_2': 'M_Consumers.add_Nuts_Num()'};{}
Stor_EU72;Stor_EU72;['EntsoG_Map_Stor_EU_72'];['Stor_EU_72'];48.129529999999995;13.960479999999999;AT;None;{'exact': 3, 'nuts_id_3': 'AT312', 'nuts_id_1': 'AT3', 'nuts_id_2': 'AT31'};{'exact': 0, 'nuts_id_3': 0, 'nuts_id_1': 0, 'nuts_id_2': 0};{'exact': 'make_Attrib(const)', 'nuts_id_3': 'M_Consumers.add_Nuts_Num()', 'nuts_id_1': 'M_Consumers.add_Nuts_Num()', 'nuts_id_2': 'M_Consumers.add_Nuts_Num()'};{}
Stor_EU73;Stor_EU73;['EntsoG_Map_Stor_EU_73'];['Stor_EU_73'];53.43269;8.01308;DE;None;{'exact': 3, 'nuts_id_3': 'DE94A', 'nuts_id_1': 'DE9', 'nuts_id_2': 'DE94'};{'exact': 0, 'nuts_id_3': 0, 'nuts_id_1': 0, 'nuts_id_2': 0};{'exact': 'make_Attrib(const)', 'nuts_id_3': 'M_Consumers.add_Nuts_Num()', 'nuts_id_1': 'M_Consumers.add_Nuts_Num()', 'nuts_id_2': 'M_Consumers.add_Nuts_Num()'};{}
Stor_EU74;Stor_EU74;['EntsoG_Map_Stor_EU_74'];['Stor_EU_74'];52.938880000000005;6.419980000000001;NL;None;{'exact': 3, 'nuts_id_3': 'NL131', 'nuts_id_1': 'NL1', 'nuts_id_2': 'NL13'};{'exact': 0, 'nuts_id_3': 0, 'nuts_id_1': 0, 'nuts_id_2': 0};{'exact': 'make_Attrib(const)', 'nuts_id_3': 'M_Consumers.add_Nuts_Num()', 'nuts_id_1': 'M_Consumers.add_Nuts_Num()', 'nuts_id_2': 'M_Consumers.add_Nuts_Num()'};{}
Stor_EU75;Stor_EU75;['EntsoG_Map_Stor_EU_75'];['Stor_EU_75'];49.72278;2.73952;FR;None;{'exact': 3, 'nuts_id_3': 'FRE23', 'nuts_id_1': 'FRE', 'nuts_id_2': 'FRE2'};{'exact': 0, 'nuts_id_3': 0, 'nuts_id_1': 0, 'nuts_id_2': 0};{'exact': 'make_Attrib(const)', 'nuts_id_3': 'M_Consumers.add_Nuts_Num()', 'nuts_id_1': 'M_Consumers.add_Nuts_Num()', 'nuts_id_2': 'M_Consumers.add_Nuts_Num()'};{}
Stor_EU76;Stor_EU76;['EntsoG_Map_Stor_EU_76'];['Stor_EU_76'];49.19267;3.20566;FR;None;{'exact': 3, 'nuts_id_3': 'FRE21', 'nuts_id_1': 'FRE', 'nuts_id_2': 'FRE2'};{'exact': 0, 'nuts_id_3': 0, 'nuts_id_1': 0, 'nuts_id_2': 0};{'exact': 'make_Attrib(const)', 'nuts_id_3': 'M_Consumers.add_Nuts_Num()', 'nuts_id_1': 'M_Consumers.add_Nuts_Num()', 'nuts_id_2': 'M_Consumers.add_Nuts_Num()'};{}
Stor_EU77;Stor_EU77;['EntsoG_Map_Stor_EU_77'];['Stor_EU_77'];49.40305;8.67442;DE;None;{'exact': 3, 'nuts_id_3': 'DE125', 'nuts_id_1': 'DE1', 'nuts_id_2': 'DE12'};{'exact': 0, 'nuts_id_3': 0, 'nuts_id_1': 0, 'nuts_id_2': 0};{'exact': 'make_Attrib(const)', 'nuts_id_3': 'M_Consumers.add_Nuts_Num()', 'nuts_id_1': 'M_Consumers.add_Nuts_Num()', 'nuts_id_2': 'M_Consumers.add_Nuts_Num()'};{}
Stor_EU78;Stor_EU78;['EntsoG_Map_Stor_EU_78'];['Stor_EU_78'];49.65787;8.2912;DE;None;{'exact': 3, 'nuts_id_3': 'DEB39', 'nuts_id_1': 'DEB', 'nuts_id_2': 'DEB3'};{'exact': 0, 'nuts_id_3': 0, 'nuts_id_1': 0, 'nuts_id_2': 0};{'exact': 'make_Attrib(const)', 'nuts_id_3': 'M_Consumers.add_Nuts_Num()', 'nuts_id_1': 'M_Consumers.add_Nuts_Num()', 'nuts_id_2': 'M_Consumers.add_Nuts_Num()'};{}
Stor_EU79;Stor_EU79;['EntsoG_Map_Stor_EU_79'];['Stor_EU_79'];44.34539;24.44268;RO;None;{'exact': 3, 'nuts_id_3': 'RO414', 'nuts_id_1': 'RO4', 'nuts_id_2': 'RO41'};{'exact': 0, 'nuts_id_3': 0, 'nuts_id_1': 0, 'nuts_id_2': 0};{'exact': 'make_Attrib(const)', 'nuts_id_3': 'M_Consumers.add_Nuts_Num()', 'nuts_id_1': 'M_Consumers.add_Nuts_Num()', 'nuts_id_2': 'M_Consumers.add_Nuts_Num()'};{}
Stor_EU80;Stor_EU80;['EntsoG_Map_Stor_EU_80'];['Stor_EU_80'];49.65542;14.12229;CZ;None;{'exact': 3, 'nuts_id_3': 'CZ020', 'nuts_id_1': 'CZ0', 'nuts_id_2': 'CZ02'};{'exact': 0, 'nuts_id_3': 0, 'nuts_id_1': 0, 'nuts_id_2': 0};{'exact': 'make_Attrib(const)', 'nuts_id_3': 'M_Consumers.add_Nuts_Num()', 'nuts_id_1': 'M_Consumers.add_Nuts_Num()', 'nuts_id_2': 'M_Consumers.add_Nuts_Num()'};{}
Stor_EU81;Stor_EU81;['EntsoG_Map_Stor_EU_81'];['Stor_EU_81'];49.0167;16.82913;CZ;None;{'exact': 3, 'nuts_id_3': 'CZ064', 'nuts_id_1': 'CZ0', 'nuts_id_2': 'CZ06'};{'exact': 0, 'nuts_id_3': 0, 'nuts_id_1': 0, 'nuts_id_2': 0};{'exact': 'make_Attrib(const)', 'nuts_id_3': 'M_Consumers.add_Nuts_Num()', 'nuts_id_1': 'M_Consumers.add_Nuts_Num()', 'nuts_id_2': 'M_Consumers.add_Nuts_Num()'};{}
Stor_EU82;Stor_EU82;['EntsoG_Map_Stor_EU_82'];['Stor_EU_82'];48.09012;13.47831;AT;None;{'exact': 3, 'nuts_id_3': 'AT315', 'nuts_id_1': 'AT3', 'nuts_id_2': 'AT31'};{'exact': 0, 'nuts_id_3': 0, 'nuts_id_1': 0, 'nuts_id_2': 0};{'exact': 'make_Attrib(const)', 'nuts_id_3': 'M_Consumers.add_Nuts_Num()', 'nuts_id_1': 'M_Consumers.add_Nuts_Num()', 'nuts_id_2': 'M_Consumers.add_Nuts_Num()'};{}
Stor_EU83;Stor_EU83;['EntsoG_Map_Stor_EU_83'];['Stor_EU_83'];47.983059999999995;12.515789999999999;DE;None;{'exact': 3, 'nuts_id_3': 'DE21M', 'nuts_id_1': 'DE2', 'nuts_id_2': 'DE21'};{'exact': 0, 'nuts_id_3': 0, 'nuts_id_1': 0, 'nuts_id_2': 0};{'exact': 'make_Attrib(const)', 'nuts_id_3': 'M_Consumers.add_Nuts_Num()', 'nuts_id_1': 'M_Consumers.add_Nuts_Num()', 'nuts_id_2': 'M_Consumers.add_Nuts_Num()'};{}
Stor_EU84;Stor_EU84;['EntsoG_Map_Stor_EU_84'];['Stor_EU_84'];44.55531;11.509730000000001;IT;None;{'exact': 3, 'nuts_id_3': 'ITH55', 'nuts_id_1': 'ITH', 'nuts_id_2': 'ITH5'};{'exact': 0, 'nuts_id_3': 0, 'nuts_id_1': 0, 'nuts_id_2': 0};{'exact': 'make_Attrib(const)', 'nuts_id_3': 'M_Consumers.add_Nuts_Num()', 'nuts_id_1': 'M_Consumers.add_Nuts_Num()', 'nuts_id_2': 'M_Consumers.add_Nuts_Num()'};{}
Stor_EU85;Stor_EU85;['EntsoG_Map_Stor_EU_85'];['Stor_EU_85'];50.110170000000004;8.62309;DE;None;{'exact': 3, 'nuts_id_3': 'DE712', 'nuts_id_1': 'DE7', 'nuts_id_2': 'DE71'};{'exact': 0, 'nuts_id_3': 0, 'nuts_id_1': 0, 'nuts_id_2': 0};{'exact': 'make_Attrib(const)', 'nuts_id_3': 'M_Consumers.add_Nuts_Num()', 'nuts_id_1': 'M_Consumers.add_Nuts_Num()', 'nuts_id_2': 'M_Consumers.add_Nuts_Num()'};{}
Stor_EU86;Stor_EU86;['EntsoG_Map_Stor_EU_86'];['Stor_EU_86'];49.4121;1.7550299999999999;FR;None;{'exact': 3, 'nuts_id_3': 'FRE22', 'nuts_id_1': 'FRE', 'nuts_id_2': 'FRE2'};{'exact': 0, 'nuts_id_3': 0, 'nuts_id_1': 0, 'nuts_id_2': 0};{'exact': 'make_Attrib(const)', 'nuts_id_3': 'M_Consumers.add_Nuts_Num()', 'nuts_id_1': 'M_Consumers.add_Nuts_Num()', 'nuts_id_2': 'M_Consumers.add_Nuts_Num()'};{}
Stor_EU87;Stor_EU87;['EntsoG_Map_Stor_EU_87'];['Stor_EU_87'];49.879329999999996;8.62416;DE;None;{'exact': 3, 'nuts_id_3': 'DE711', 'nuts_id_1': 'DE7', 'nuts_id_2': 'DE71'};{'exact': 0, 'nuts_id_3': 0, 'nuts_id_1': 0, 'nuts_id_2': 0};{'exact': 'make_Attrib(const)', 'nuts_id_3': 'M_Consumers.add_Nuts_Num()', 'nuts_id_1': 'M_Consumers.add_Nuts_Num()', 'nuts_id_2': 'M_Consumers.add_Nuts_Num()'};{}
Stor_EU88;Stor_EU88;['EntsoG_Map_Stor_EU_88'];['Stor_EU_88'];52.50606;6.86959;DE;None;{'exact': 3, 'nuts_id_3': 'DE94B', 'nuts_id_1': 'DE9', 'nuts_id_2': 'DE94'};{'exact': 0, 'nuts_id_3': 0, 'nuts_id_1': 0, 'nuts_id_2': 0};{'exact': 'make_Attrib(const)', 'nuts_id_3': 'M_Consumers.add_Nuts_Num()', 'nuts_id_1': 'M_Consumers.add_Nuts_Num()', 'nuts_id_2': 'M_Consumers.add_Nuts_Num()'};{}
Stor_EU89;Stor_EU89;['EntsoG_Map_Stor_EU_89'];['Stor_EU_89'];54.210409999999996;10.21815;DE;None;{'exact': 3, 'nuts_id_3': 'DEF0A', 'nuts_id_1': 'DEF', 'nuts_id_2': 'DEF0'};{'exact': 0, 'nuts_id_3': 0, 'nuts_id_1': 0, 'nuts_id_2': 0};{'exact': 'make_Attrib(const)', 'nuts_id_3': 'M_Consumers.add_Nuts_Num()', 'nuts_id_1': 'M_Consumers.add_Nuts_Num()', 'nuts_id_2': 'M_Consumers.add_Nuts_Num()'};{}
Stor_EU90;Stor_EU90;['EntsoG_Map_Stor_EU_90'];['Stor_EU_90'];51.487770000000005;17.25388;PL;None;{'exact': 3, 'nuts_id_3': 'PL518', 'nuts_id_1': 'PL5', 'nuts_id_2': 'PL51'};{'exact': 0, 'nuts_id_3': 0, 'nuts_id_1': 0, 'nuts_id_2': 0};{'exact': 'make_Attrib(const)', 'nuts_id_3': 'M_Consumers.add_Nuts_Num()', 'nuts_id_1': 'M_Consumers.add_Nuts_Num()', 'nuts_id_2': 'M_Consumers.add_Nuts_Num()'};{}
Stor_EU91;Stor_EU91;['EntsoG_Map_Stor_EU_91'];['Stor_EU_91'];48.89952;17.28864;CZ;None;{'exact': 3, 'nuts_id_3': 'CZ064', 'nuts_id_1': 'CZ0', 'nuts_id_2': 'CZ06'};{'exact': 0, 'nuts_id_3': 0, 'nuts_id_1': 0, 'nuts_id_2': 0};{'exact': 'make_Attrib(const)', 'nuts_id_3': 'M_Consumers.add_Nuts_Num()', 'nuts_id_1': 'M_Consumers.add_Nuts_Num()', 'nuts_id_2': 'M_Consumers.add_Nuts_Num()'};{}
Stor_EU92;Stor_EU92;['EntsoG_Map_Stor_EU_92'];['Stor_EU_92'];52.22558;14.402629999999998;DE;None;{'exact': 3, 'nuts_id_3': 'DE40C', 'nuts_id_1': 'DE4', 'nuts_id_2': 'DE40'};{'exact': 0, 'nuts_id_3': 0, 'nuts_id_1': 0, 'nuts_id_2': 0};{'exact': 'make_Attrib(const)', 'nuts_id_3': 'M_Consumers.add_Nuts_Num()', 'nuts_id_1': 'M_Consumers.add_Nuts_Num()', 'nuts_id_2': 'M_Consumers.add_Nuts_Num()'};{}
Stor_EU93;Stor_EU93;['EntsoG_Map_Stor_EU_93'];['Stor_EU_93'];52.218;9.45474;DE;None;{'exact': 3, 'nuts_id_3': 'DE923', 'nuts_id_1': 'DE9', 'nuts_id_2': 'DE92'};{'exact': 0, 'nuts_id_3': 0, 'nuts_id_1': 0, 'nuts_id_2': 0};{'exact': 'make_Attrib(const)', 'nuts_id_3': 'M_Consumers.add_Nuts_Num()', 'nuts_id_1': 'M_Consumers.add_Nuts_Num()', 'nuts_id_2': 'M_Consumers.add_Nuts_Num()'};{}
Stor_EU94;Stor_EU94;['EntsoG_Map_Stor_EU_94'];['Stor_EU_94'];46.13071;24.13195;RO;None;{'exact': 3, 'nuts_id_3': 'RO126', 'nuts_id_1': 'RO1', 'nuts_id_2': 'RO12'};{'exact': 0, 'nuts_id_3': 0, 'nuts_id_1': 0, 'nuts_id_2': 0};{'exact': 'make_Attrib(const)', 'nuts_id_3': 'M_Consumers.add_Nuts_Num()', 'nuts_id_1': 'M_Consumers.add_Nuts_Num()', 'nuts_id_2': 'M_Consumers.add_Nuts_Num()'};{}
Stor_EU95;Stor_EU95;['EntsoG_Map_Stor_EU_95'];['Stor_EU_95'];48.85212;16.58535;CZ;None;{'exact': 3, 'nuts_id_3': 'CZ064', 'nuts_id_1': 'CZ0', 'nuts_id_2': 'CZ06'};{'exact': 0, 'nuts_id_3': 0, 'nuts_id_1': 0, 'nuts_id_2': 0};{'exact': 'make_Attrib(const)', 'nuts_id_3': 'M_Consumers.add_Nuts_Num()', 'nuts_id_1': 'M_Consumers.add_Nuts_Num()', 'nuts_id_2': 'M_Consumers.add_Nuts_Num()'};{}
Stor_EU96;Stor_EU96;['EntsoG_Map_Stor_EU_96'];['Stor_EU_96'];48.262840000000004;12.59326;DE;None;{'exact': 3, 'nuts_id_3': 'DE214', 'nuts_id_1': 'DE2', 'nuts_id_2': 'DE21'};{'exact': 0, 'nuts_id_3': 0, 'nuts_id_1': 0, 'nuts_id_2': 0};{'exact': 'make_Attrib(const)', 'nuts_id_3': 'M_Consumers.add_Nuts_Num()', 'nuts_id_1': 'M_Consumers.add_Nuts_Num()', 'nuts_id_2': 'M_Consumers.add_Nuts_Num()'};{}
Stor_EU97;Stor_EU97;['EntsoG_Map_Stor_EU_97'];['Stor_EU_97'];48.00955;13.194320000000001;AT;None;{'exact': 3, 'nuts_id_3': 'AT311', 'nuts_id_1': 'AT3', 'nuts_id_2': 'AT31'};{'exact': 0, 'nuts_id_3': 0, 'nuts_id_1': 0, 'nuts_id_2': 0};{'exact': 'make_Attrib(const)', 'nuts_id_3': 'M_Consumers.add_Nuts_Num()', 'nuts_id_1': 'M_Consumers.add_Nuts_Num()', 'nuts_id_2': 'M_Consumers.add_Nuts_Num()'};{}
Stor_EU98;Stor_EU98;['EntsoG_Map_Stor_EU_98'];['Stor_EU_98'];45.9021;12.13837;IT;None;{'exact': 3, 'nuts_id_3': 'ITH34', 'nuts_id_1': 'ITH', 'nuts_id_2': 'ITH3'};{'exact': 0, 'nuts_id_3': 0, 'nuts_id_1': 0, 'nuts_id_2': 0};{'exact': 'make_Attrib(const)', 'nuts_id_3': 'M_Consumers.add_Nuts_Num()', 'nuts_id_1': 'M_Consumers.add_Nuts_Num()', 'nuts_id_2': 'M_Consumers.add_Nuts_Num()'};{}
Stor_EU99;Stor_EU99;['EntsoG_Map_Stor_EU_99'];['Stor_EU_99'];53.25603;7.546410000000001;DE;None;{'exact': 3, 'nuts_id_3': 'DE94C', 'nuts_id_1': 'DE9', 'nuts_id_2': 'DE94'};{'exact': 0, 'nuts_id_3': 0, 'nuts_id_1': 0, 'nuts_id_2': 0};{'exact': 'make_Attrib(const)', 'nuts_id_3': 'M_Consumers.add_Nuts_Num()', 'nuts_id_1': 'M_Consumers.add_Nuts_Num()', 'nuts_id_2': 'M_Consumers.add_Nuts_Num()'};{}
Stor_EU100;Stor_EU100;['EntsoG_Map_Stor_EU_100'];['Stor_EU_100'];53.557430000000004;7.7265;DE;None;{'exact': 3, 'nuts_id_3': 'DE94H', 'nuts_id_1': 'DE9', 'nuts_id_2': 'DE94'};{'exact': 0, 'nuts_id_3': 0, 'nuts_id_1': 0, 'nuts_id_2': 0};{'exact': 'make_Attrib(const)', 'nuts_id_3': 'M_Consumers.add_Nuts_Num()', 'nuts_id_1': 'M_Consumers.add_Nuts_Num()', 'nuts_id_2': 'M_Consumers.add_Nuts_Num()'};{}
Stor_EU101;Stor_EU101;['EntsoG_Map_Stor_EU_101'];['Stor_EU_101'];53.54575;7.34161;DE;None;{'exact': 3, 'nuts_id_3': 'DE947', 'nuts_id_1': 'DE9', 'nuts_id_2': 'DE94'};{'exact': 0, 'nuts_id_3': 0, 'nuts_id_1': 0, 'nuts_id_2': 0};{'exact': 'make_Attrib(const)', 'nuts_id_3': 'M_Consumers.add_Nuts_Num()', 'nuts_id_1': 'M_Consumers.add_Nuts_Num()', 'nuts_id_2': 'M_Consumers.add_Nuts_Num()'};{}
Stor_EU102;Stor_EU102;['EntsoG_Map_Stor_EU_102'];['Stor_EU_102'];51.44303;4.712330000000001;BE;None;{'exact': 3, 'nuts_id_3': 'BE213', 'nuts_id_1': 'BE2', 'nuts_id_2': 'BE21'};{'exact': 0, 'nuts_id_3': 0, 'nuts_id_1': 0, 'nuts_id_2': 0};{'exact': 'make_Attrib(const)', 'nuts_id_3': 'M_Consumers.add_Nuts_Num()', 'nuts_id_1': 'M_Consumers.add_Nuts_Num()', 'nuts_id_2': 'M_Consumers.add_Nuts_Num()'};{}
Stor_EU103;Stor_EU103;['EntsoG_Map_Stor_EU_103'];['Stor_EU_103'];48.98462;1.99435;FR;None;{'exact': 3, 'nuts_id_3': 'FR103', 'nuts_id_1': 'FR1', 'nuts_id_2': 'FR10'};{'exact': 0, 'nuts_id_3': 0, 'nuts_id_1': 0, 'nuts_id_2': 0};{'exact': 'make_Attrib(const)', 'nuts_id_3': 'M_Consumers.add_Nuts_Num()', 'nuts_id_1': 'M_Consumers.add_Nuts_Num()', 'nuts_id_2': 'M_Consumers.add_Nuts_Num()'};{}
Stor_EU104;Stor_EU104;['EntsoG_Map_Stor_EU_104'];['Stor_EU_104'];49.45565;8.55176;DE;None;{'exact': 3, 'nuts_id_3': 'DE126', 'nuts_id_1': 'DE1', 'nuts_id_2': 'DE12'};{'exact': 0, 'nuts_id_3': 0, 'nuts_id_1': 0, 'nuts_id_2': 0};{'exact': 'make_Attrib(const)', 'nuts_id_3': 'M_Consumers.add_Nuts_Num()', 'nuts_id_1': 'M_Consumers.add_Nuts_Num()', 'nuts_id_2': 'M_Consumers.add_Nuts_Num()'};{}
Stor_EU105;Stor_EU105;['EntsoG_Map_Stor_EU_105'];['Stor_EU_105'];53.005030000000005;17.397779999999997;PL;None;{'exact': 3, 'nuts_id_3': 'PL617', 'nuts_id_1': 'PL6', 'nuts_id_2': 'PL61'};{'exact': 0, 'nuts_id_3': 0, 'nuts_id_1': 0, 'nuts_id_2': 0};{'exact': 'make_Attrib(const)', 'nuts_id_3': 'M_Consumers.add_Nuts_Num()', 'nuts_id_1': 'M_Consumers.add_Nuts_Num()', 'nuts_id_2': 'M_Consumers.add_Nuts_Num()'};{}
Stor_EU106;Stor_EU106;['EntsoG_Map_Stor_EU_106'];['Stor_EU_106'];49.37995;17.42586;CZ;None;{'exact': 3, 'nuts_id_3': 'CZ071', 'nuts_id_1': 'CZ0', 'nuts_id_2': 'CZ07'};{'exact': 0, 'nuts_id_3': 0, 'nuts_id_1': 0, 'nuts_id_2': 0};{'exact': 'make_Attrib(const)', 'nuts_id_3': 'M_Consumers.add_Nuts_Num()', 'nuts_id_1': 'M_Consumers.add_Nuts_Num()', 'nuts_id_2': 'M_Consumers.add_Nuts_Num()'};{}
Stor_EU107;Stor_EU107;['EntsoG_Map_Stor_EU_107'];['Stor_EU_107'];49.75043;11.48091;DE;None;{'exact': 3, 'nuts_id_3': 'DE246', 'nuts_id_1': 'DE2', 'nuts_id_2': 'DE24'};{'exact': 0, 'nuts_id_3': 0, 'nuts_id_1': 0, 'nuts_id_2': 0};{'exact': 'make_Attrib(const)', 'nuts_id_3': 'M_Consumers.add_Nuts_Num()', 'nuts_id_1': 'M_Consumers.add_Nuts_Num()', 'nuts_id_2': 'M_Consumers.add_Nuts_Num()'};{}
Stor_EU108;Stor_EU108;['EntsoG_Map_Stor_EU_108'];['Stor_EU_108'];48.07632;12.95932;AT;None;{'exact': 3, 'nuts_id_3': 'AT311', 'nuts_id_1': 'AT3', 'nuts_id_2': 'AT31'};{'exact': 0, 'nuts_id_3': 0, 'nuts_id_1': 0, 'nuts_id_2': 0};{'exact': 'make_Attrib(const)', 'nuts_id_3': 'M_Consumers.add_Nuts_Num()', 'nuts_id_1': 'M_Consumers.add_Nuts_Num()', 'nuts_id_2': 'M_Consumers.add_Nuts_Num()'};{}
Stor_EU109;Stor_EU109;['EntsoG_Map_Stor_EU_109'];['Stor_EU_109'];52.63669;7.07883;DE;None;{'exact': 3, 'nuts_id_3': 'DE949', 'nuts_id_1': 'DE9', 'nuts_id_2': 'DE94'};{'exact': 0, 'nuts_id_3': 0, 'nuts_id_1': 0, 'nuts_id_2': 0};{'exact': 'make_Attrib(const)', 'nuts_id_3': 'M_Consumers.add_Nuts_Num()', 'nuts_id_1': 'M_Consumers.add_Nuts_Num()', 'nuts_id_2': 'M_Consumers.add_Nuts_Num()'};{}
Stor_EU110;Stor_EU110;['EntsoG_Map_Stor_EU_110'];['Stor_EU_110'];52.631159999999994;8.38918;DE;None;{'exact': 3, 'nuts_id_3': 'DE922', 'nuts_id_1': 'DE9', 'nuts_id_2': 'DE92'};{'exact': 0, 'nuts_id_3': 0, 'nuts_id_1': 0, 'nuts_id_2': 0};{'exact': 'make_Attrib(const)', 'nuts_id_3': 'M_Consumers.add_Nuts_Num()', 'nuts_id_1': 'M_Consumers.add_Nuts_Num()', 'nuts_id_2': 'M_Consumers.add_Nuts_Num()'};{}
Stor_EU111;Stor_EU111;['EntsoG_Map_Stor_EU_111'];['Stor_EU_111'];49.89209;8.49083;DE;None;{'exact': 3, 'nuts_id_3': 'DE717', 'nuts_id_1': 'DE7', 'nuts_id_2': 'DE71'};{'exact': 0, 'nuts_id_3': 0, 'nuts_id_1': 0, 'nuts_id_2': 0};{'exact': 'make_Attrib(const)', 'nuts_id_3': 'M_Consumers.add_Nuts_Num()', 'nuts_id_1': 'M_Consumers.add_Nuts_Num()', 'nuts_id_2': 'M_Consumers.add_Nuts_Num()'};{}
Stor_EU112;Stor_EU112;['EntsoG_Map_Stor_EU_112'];['Stor_EU_112'];51.767140000000005;6.47329;DE;None;{'exact': 3, 'nuts_id_3': 'DEA1B', 'nuts_id_1': 'DEA', 'nuts_id_2': 'DEA1'};{'exact': 0, 'nuts_id_3': 0, 'nuts_id_1': 0, 'nuts_id_2': 0};{'exact': 'make_Attrib(const)', 'nuts_id_3': 'M_Consumers.add_Nuts_Num()', 'nuts_id_1': 'M_Consumers.add_Nuts_Num()', 'nuts_id_2': 'M_Consumers.add_Nuts_Num()'};{}
Stor_EU113;Stor_EU113;['EntsoG_Map_Stor_EU_113'];['Stor_EU_113'];54.13831999999999;10.29434;DE;None;{'exact': 3, 'nuts_id_3': 'DEF0A', 'nuts_id_1': 'DEF', 'nuts_id_2': 'DEF0'};{'exact': 0, 'nuts_id_3': 0, 'nuts_id_1': 0, 'nuts_id_2': 0};{'exact': 'make_Attrib(const)', 'nuts_id_3': 'M_Consumers.add_Nuts_Num()', 'nuts_id_1': 'M_Consumers.add_Nuts_Num()', 'nuts_id_2': 'M_Consumers.add_Nuts_Num()'};{}
Stor_EU114;Stor_EU114;['EntsoG_Map_Stor_EU_114'];['Stor_EU_114'];51.83897;11.531460000000001;DE;None;{'exact': 3, 'nuts_id_3': 'DEE0C', 'nuts_id_1': 'DEE', 'nuts_id_2': 'DEE0'};{'exact': 0, 'nuts_id_3': 0, 'nuts_id_1': 0, 'nuts_id_2': 0};{'exact': 'make_Attrib(const)', 'nuts_id_3': 'M_Consumers.add_Nuts_Num()', 'nuts_id_1': 'M_Consumers.add_Nuts_Num()', 'nuts_id_2': 'M_Consumers.add_Nuts_Num()'};{}
Stor_EU115;Stor_EU115;['EntsoG_Map_Stor_EU_115'];['Stor_EU_115'];52.36592;10.15975;DE;None;{'exact': 3, 'nuts_id_3': 'DE91A', 'nuts_id_1': 'DE9', 'nuts_id_2': 'DE91'};{'exact': 0, 'nuts_id_3': 0, 'nuts_id_1': 0, 'nuts_id_2': 0};{'exact': 'make_Attrib(const)', 'nuts_id_3': 'M_Consumers.add_Nuts_Num()', 'nuts_id_1': 'M_Consumers.add_Nuts_Num()', 'nuts_id_2': 'M_Consumers.add_Nuts_Num()'};{}
Stor_EU116;Stor_EU116;['EntsoG_Map_Stor_EU_116'];['Stor_EU_116'];48.41022;17.100720000000003;SK;None;{'exact': 3, 'nuts_id_3': 'SK010', 'nuts_id_1': 'SK0', 'nuts_id_2': 'SK01'};{'exact': 0, 'nuts_id_3': 0, 'nuts_id_1': 0, 'nuts_id_2': 0};{'exact': 'make_Attrib(const)', 'nuts_id_3': 'M_Consumers.add_Nuts_Num()', 'nuts_id_1': 'M_Consumers.add_Nuts_Num()', 'nuts_id_2': 'M_Consumers.add_Nuts_Num()'};{}
Stor_EU117;Stor_EU117;['EntsoG_Map_Stor_EU_117'];['Stor_EU_117'];53.050430000000006;7.06435;NL;None;{'exact': 3, 'nuts_id_3': 'NL111', 'nuts_id_1': 'NL1', 'nuts_id_2': 'NL11'};{'exact': 0, 'nuts_id_3': 0, 'nuts_id_1': 0, 'nuts_id_2': 0};{'exact': 'make_Attrib(const)', 'nuts_id_3': 'M_Consumers.add_Nuts_Num()', 'nuts_id_1': 'M_Consumers.add_Nuts_Num()', 'nuts_id_2': 'M_Consumers.add_Nuts_Num()'};{}
Stor_EU118;Stor_EU118;['EntsoG_Map_Stor_EU_118'];['Stor_EU_118'];52.11298;7.06947;DE;None;{'exact': 3, 'nuts_id_3': 'DEA34', 'nuts_id_1': 'DEA', 'nuts_id_2': 'DEA3'};{'exact': 0, 'nuts_id_3': 0, 'nuts_id_1': 0, 'nuts_id_2': 0};{'exact': 'make_Attrib(const)', 'nuts_id_3': 'M_Consumers.add_Nuts_Num()', 'nuts_id_1': 'M_Consumers.add_Nuts_Num()', 'nuts_id_2': 'M_Consumers.add_Nuts_Num()'};{}
Stor_EU119;Stor_EU119;['EntsoG_Map_Stor_EU_119'];['Stor_EU_119'];53.49851999999999;11.46359;DE;None;{'exact': 3, 'nuts_id_3': 'DE80O', 'nuts_id_1': 'DE8', 'nuts_id_2': 'DE80'};{'exact': 0, 'nuts_id_3': 0, 'nuts_id_1': 0, 'nuts_id_2': 0};{'exact': 'make_Attrib(const)', 'nuts_id_3': 'M_Consumers.add_Nuts_Num()', 'nuts_id_1': 'M_Consumers.add_Nuts_Num()', 'nuts_id_2': 'M_Consumers.add_Nuts_Num()'};{}
Stor_EU120;Stor_EU120;['EntsoG_Map_Stor_EU_120'];['Stor_EU_120'];53.34245;-2.15181;GB;None;{'exact': 3, 'nuts_id_3': 'UKD35', 'nuts_id_1': 'UKD', 'nuts_id_2': 'UKD3'};{'exact': 0, 'nuts_id_3': 0, 'nuts_id_1': 0, 'nuts_id_2': 0};{'exact': 'make_Attrib(const)', 'nuts_id_3': 'M_Consumers.add_Nuts_Num()', 'nuts_id_1': 'M_Consumers.add_Nuts_Num()', 'nuts_id_2': 'M_Consumers.add_Nuts_Num()'};{}
Stor_EU121;Stor_EU121;['EntsoG_Map_Stor_EU_121'];['Stor_EU_121'];49.57026;8.3078;DE;None;{'exact': 3, 'nuts_id_3': 'DEB3I', 'nuts_id_1': 'DEB', 'nuts_id_2': 'DEB3'};{'exact': 0, 'nuts_id_3': 0, 'nuts_id_1': 0, 'nuts_id_2': 0};{'exact': 'make_Attrib(const)', 'nuts_id_3': 'M_Consumers.add_Nuts_Num()', 'nuts_id_1': 'M_Consumers.add_Nuts_Num()', 'nuts_id_2': 'M_Consumers.add_Nuts_Num()'};{}
Stor_EU122;Stor_EU122;['EntsoG_Map_Stor_EU_122'];['Stor_EU_122'];51.38217;4.8177900000000005;BE;None;{'exact': 3, 'nuts_id_3': 'BE213', 'nuts_id_1': 'BE2', 'nuts_id_2': 'BE21'};{'exact': 0, 'nuts_id_3': 0, 'nuts_id_1': 0, 'nuts_id_2': 0};{'exact': 'make_Attrib(const)', 'nuts_id_3': 'M_Consumers.add_Nuts_Num()', 'nuts_id_1': 'M_Consumers.add_Nuts_Num()', 'nuts_id_2': 'M_Consumers.add_Nuts_Num()'};{}
Stor_EU123;Stor_EU123;['EntsoG_Map_Stor_EU_123'];['Stor_EU_123'];48.913140000000006;1.97175;FR;None;{'exact': 3, 'nuts_id_3': 'FR103', 'nuts_id_1': 'FR1', 'nuts_id_2': 'FR10'};{'exact': 0, 'nuts_id_3': 0, 'nuts_id_1': 0, 'nuts_id_2': 0};{'exact': 'make_Attrib(const)', 'nuts_id_3': 'M_Consumers.add_Nuts_Num()', 'nuts_id_1': 'M_Consumers.add_Nuts_Num()', 'nuts_id_2': 'M_Consumers.add_Nuts_Num()'};{}
Stor_EU124;Stor_EU124;['EntsoG_Map_Stor_EU_124'];['Stor_EU_124'];53.4514;9.644219999999999;DE;None;{'exact': 3, 'nuts_id_3': 'DE939', 'nuts_id_1': 'DE9', 'nuts_id_2': 'DE93'};{'exact': 0, 'nuts_id_3': 0, 'nuts_id_1': 0, 'nuts_id_2': 0};{'exact': 'make_Attrib(const)', 'nuts_id_3': 'M_Consumers.add_Nuts_Num()', 'nuts_id_1': 'M_Consumers.add_Nuts_Num()', 'nuts_id_2': 'M_Consumers.add_Nuts_Num()'};{}
Stor_EU125;Stor_EU125;['EntsoG_Map_Stor_EU_125'];['Stor_EU_125'];53.19676;10.71039;DE;None;{'exact': 3, 'nuts_id_3': 'DE935', 'nuts_id_1': 'DE9', 'nuts_id_2': 'DE93'};{'exact': 0, 'nuts_id_3': 0, 'nuts_id_1': 0, 'nuts_id_2': 0};{'exact': 'make_Attrib(const)', 'nuts_id_3': 'M_Consumers.add_Nuts_Num()', 'nuts_id_1': 'M_Consumers.add_Nuts_Num()', 'nuts_id_2': 'M_Consumers.add_Nuts_Num()'};{}
Stor_EU126;Stor_EU126;['EntsoG_Map_Stor_EU_126'];['Stor_EU_126'];52.63758000000001;11.52978;DE;None;{'exact': 3, 'nuts_id_3': 'DEE0D', 'nuts_id_1': 'DEE', 'nuts_id_2': 'DEE0'};{'exact': 0, 'nuts_id_3': 0, 'nuts_id_1': 0, 'nuts_id_2': 0};{'exact': 'make_Attrib(const)', 'nuts_id_3': 'M_Consumers.add_Nuts_Num()', 'nuts_id_1': 'M_Consumers.add_Nuts_Num()', 'nuts_id_2': 'M_Consumers.add_Nuts_Num()'};{}
Stor_EU127;Stor_EU127;['EntsoG_Map_Stor_EU_127'];['Stor_EU_127'];53.282019999999996;8.85211;DE;None;{'exact': 3, 'nuts_id_3': 'DE936', 'nuts_id_1': 'DE9', 'nuts_id_2': 'DE93'};{'exact': 0, 'nuts_id_3': 0, 'nuts_id_1': 0, 'nuts_id_2': 0};{'exact': 'make_Attrib(const)', 'nuts_id_3': 'M_Consumers.add_Nuts_Num()', 'nuts_id_1': 'M_Consumers.add_Nuts_Num()', 'nuts_id_2': 'M_Consumers.add_Nuts_Num()'};{}
Stor_NonEU0;Stor_NonEU0;['EntsoG_Map_Stor_NonEU_0'];['Stor_NonEU_0'];54.77215;20.23035;RU;None;{'exact': 3, 'nuts_id_3': 'RU', 'nuts_id_1': 'RU', 'nuts_id_2': 'RU'};{'exact': 0, 'nuts_id_3': 100, 'nuts_id_1': 100, 'nuts_id_2': 100};{'exact': 'make_Attrib(const)', 'nuts_id_3': 'M_Consumers.add_Nuts_Num(): Estimated', 'nuts_id_1': 'M_Consumers.add_Nuts_Num(): Estimated', 'nuts_id_2': 'M_Consumers.add_Nuts_Num(): Estimated'};{}
Stor_NonEU1;Stor_NonEU1;['EntsoG_Map_Stor_NonEU_1'];['Stor_NonEU_1'];59.724709999999995;30.94571;RU;None;{'exact': 3, 'nuts_id_3': 'RU', 'nuts_id_1': 'RU', 'nuts_id_2': 'RU'};{'exact': 0, 'nuts_id_3': 100, 'nuts_id_1': 100, 'nuts_id_2': 100};{'exact': 'make_Attrib(const)', 'nuts_id_3': 'M_Consumers.add_Nuts_Num(): Estimated', 'nuts_id_1': 'M_Consumers.add_Nuts_Num(): Estimated', 'nuts_id_2': 'M_Consumers.add_Nuts_Num(): Estimated'};{}
Stor_NonEU2;Stor_NonEU2;['EntsoG_Map_Stor_NonEU_2'];['Stor_NonEU_2'];59.757769999999994;30.809520000000003;RU;None;{'exact': 3, 'nuts_id_3': 'RU', 'nuts_id_1': 'RU', 'nuts_id_2': 'RU'};{'exact': 0, 'nuts_id_3': 100, 'nuts_id_1': 100, 'nuts_id_2': 100};{'exact': 'make_Attrib(const)', 'nuts_id_3': 'M_Consumers.add_Nuts_Num(): Estimated', 'nuts_id_1': 'M_Consumers.add_Nuts_Num(): Estimated', 'nuts_id_2': 'M_Consumers.add_Nuts_Num(): Estimated'};{}
Stor_NonEU3;Stor_NonEU3;['EntsoG_Map_Stor_NonEU_3'];['Stor_NonEU_3'];50.19153;55.715869999999995;XX;None;{'exact': 3, 'nuts_id_3': 'XX', 'nuts_id_1': 'XX', 'nuts_id_2': 'XX'};{'exact': 0, 'nuts_id_3': 100, 'nuts_id_1': 100, 'nuts_id_2': 100};{'exact': 'make_Attrib(const)', 'nuts_id_3': 'M_Consumers.add_Nuts_Num(): Estimated', 'nuts_id_1': 'M_Consumers.add_Nuts_Num(): Estimated', 'nuts_id_2': 'M_Consumers.add_Nuts_Num(): Estimated'};{}
Stor_NonEU4;Stor_NonEU4;['EntsoG_Map_Stor_NonEU_4'];['Stor_NonEU_4'];39.52194;45.414190000000005;AM;None;{'exact': 3, 'nuts_id_3': 'AM', 'nuts_id_1': 'AM', 'nuts_id_2': 'AM'};{'exact': 0, 'nuts_id_3': 100, 'nuts_id_1': 100, 'nuts_id_2': 100};{'exact': 'make_Attrib(const)', 'nuts_id_3': 'M_Consumers.add_Nuts_Num(): Estimated', 'nuts_id_1': 'M_Consumers.add_Nuts_Num(): Estimated', 'nuts_id_2': 'M_Consumers.add_Nuts_Num(): Estimated'};{}
Stor_NonEU5;Stor_NonEU5;['EntsoG_Map_Stor_NonEU_5'];['Stor_NonEU_5'];36.95709;35.07482;TR;None;{'exact': 3, 'nuts_id_3': 'TR622', 'nuts_id_1': 'TR6', 'nuts_id_2': 'TR62'};{'exact': 0, 'nuts_id_3': 0, 'nuts_id_1': 0, 'nuts_id_2': 0};{'exact': 'make_Attrib(const)', 'nuts_id_3': 'M_Consumers.add_Nuts_Num()', 'nuts_id_1': 'M_Consumers.add_Nuts_Num()', 'nuts_id_2': 'M_Consumers.add_Nuts_Num()'};{}
Stor_NonEU6;Stor_NonEU6;['EntsoG_Map_Stor_NonEU_6'];['Stor_NonEU_6'];49.27587;35.671;UA;None;{'exact': 3, 'nuts_id_3': 'UA', 'nuts_id_1': 'UA', 'nuts_id_2': 'UA'};{'exact': 0, 'nuts_id_3': 100, 'nuts_id_1': 100, 'nuts_id_2': 100};{'exact': 'make_Attrib(const)', 'nuts_id_3': 'M_Consumers.add_Nuts_Num(): Estimated', 'nuts_id_1': 'M_Consumers.add_Nuts_Num(): Estimated', 'nuts_id_2': 'M_Consumers.add_Nuts_Num(): Estimated'};{}
Stor_NonEU7;Stor_NonEU7;['EntsoG_Map_Stor_NonEU_7'];['Stor_NonEU_7'];38.28867;33.77513;TR;None;{'exact': 3, 'nuts_id_3': 'TR712', 'nuts_id_1': 'TR7', 'nuts_id_2': 'TR71'};{'exact': 0, 'nuts_id_3': 0, 'nuts_id_1': 0, 'nuts_id_2': 0};{'exact': 'make_Attrib(const)', 'nuts_id_3': 'M_Consumers.add_Nuts_Num()', 'nuts_id_1': 'M_Consumers.add_Nuts_Num()', 'nuts_id_2': 'M_Consumers.add_Nuts_Num()'};{}
Stor_NonEU8;Stor_NonEU8;['EntsoG_Map_Stor_NonEU_8'];['Stor_NonEU_8'];41.94777;49.32137;XX;None;{'exact': 3, 'nuts_id_3': 'XX', 'nuts_id_1': 'XX', 'nuts_id_2': 'XX'};{'exact': 0, 'nuts_id_3': 100, 'nuts_id_1': 100, 'nuts_id_2': 100};{'exact': 'make_Attrib(const)', 'nuts_id_3': 'M_Consumers.add_Nuts_Num(): Estimated', 'nuts_id_1': 'M_Consumers.add_Nuts_Num(): Estimated', 'nuts_id_2': 'M_Consumers.add_Nuts_Num(): Estimated'};{}
Stor_NonEU9;Stor_NonEU9;['EntsoG_Map_Stor_NonEU_9'];['Stor_NonEU_9'];50.95624;31.945690000000003;UA;None;{'exact': 3, 'nuts_id_3': 'UA', 'nuts_id_1': 'UA', 'nuts_id_2': 'UA'};{'exact': 0, 'nuts_id_3': 100, 'nuts_id_1': 100, 'nuts_id_2': 100};{'exact': 'make_Attrib(const)', 'nuts_id_3': 'M_Consumers.add_Nuts_Num(): Estimated', 'nuts_id_1': 'M_Consumers.add_Nuts_Num(): Estimated', 'nuts_id_2': 'M_Consumers.add_Nuts_Num(): Estimated'};{}
Stor_NonEU10;Stor_NonEU10;['EntsoG_Map_Stor_NonEU_10'];['Stor_NonEU_10'];56.2249;40.0022;RU;None;{'exact': 3, 'nuts_id_3': 'RU', 'nuts_id_1': 'RU', 'nuts_id_2': 'RU'};{'exact': 0, 'nuts_id_3': 100, 'nuts_id_1': 100, 'nuts_id_2': 100};{'exact': 'make_Attrib(const)', 'nuts_id_3': 'M_Consumers.add_Nuts_Num(): Estimated', 'nuts_id_1': 'M_Consumers.add_Nuts_Num(): Estimated', 'nuts_id_2': 'M_Consumers.add_Nuts_Num(): Estimated'};{}
Stor_NonEU11;Stor_NonEU11;['EntsoG_Map_Stor_NonEU_11'];['Stor_NonEU_11'];65.83499;54.47609;RU;None;{'exact': 3, 'nuts_id_3': 'RU', 'nuts_id_1': 'RU', 'nuts_id_2': 'RU'};{'exact': 0, 'nuts_id_3': 100, 'nuts_id_1': 100, 'nuts_id_2': 100};{'exact': 'make_Attrib(const)', 'nuts_id_3': 'M_Consumers.add_Nuts_Num(): Estimated', 'nuts_id_1': 'M_Consumers.add_Nuts_Num(): Estimated', 'nuts_id_2': 'M_Consumers.add_Nuts_Num(): Estimated'};{}
Stor_NonEU12;Stor_NonEU12;['EntsoG_Map_Stor_NonEU_12'];['Stor_NonEU_12'];63.31536;48.654309999999995;RU;None;{'exact': 3, 'nuts_id_3': 'RU', 'nuts_id_1': 'RU', 'nuts_id_2': 'RU'};{'exact': 0, 'nuts_id_3': 100, 'nuts_id_1': 100, 'nuts_id_2': 100};{'exact': 'make_Attrib(const)', 'nuts_id_3': 'M_Consumers.add_Nuts_Num(): Estimated', 'nuts_id_1': 'M_Consumers.add_Nuts_Num(): Estimated', 'nuts_id_2': 'M_Consumers.add_Nuts_Num(): Estimated'};{}
Stor_NonEU13;Stor_NonEU13;['EntsoG_Map_Stor_NonEU_13'];['Stor_NonEU_13'];53.628530000000005;28.76305;BY;None;{'exact': 3, 'nuts_id_3': 'BY', 'nuts_id_1': 'BY', 'nuts_id_2': 'BY'};{'exact': 0, 'nuts_id_3': 100, 'nuts_id_1': 100, 'nuts_id_2': 100};{'exact': 'make_Attrib(const)', 'nuts_id_3': 'M_Consumers.add_Nuts_Num(): Estimated', 'nuts_id_1': 'M_Consumers.add_Nuts_Num(): Estimated', 'nuts_id_2': 'M_Consumers.add_Nuts_Num(): Estimated'};{}
Stor_NonEU14;Stor_NonEU14;['EntsoG_Map_Stor_NonEU_14'];['Stor_NonEU_14'];59.32309;30.52154;RU;None;{'exact': 3, 'nuts_id_3': 'RU', 'nuts_id_1': 'RU', 'nuts_id_2': 'RU'};{'exact': 0, 'nuts_id_3': 100, 'nuts_id_1': 100, 'nuts_id_2': 100};{'exact': 'make_Attrib(const)', 'nuts_id_3': 'M_Consumers.add_Nuts_Num(): Estimated', 'nuts_id_1': 'M_Consumers.add_Nuts_Num(): Estimated', 'nuts_id_2': 'M_Consumers.add_Nuts_Num(): Estimated'};{}
Stor_NonEU15;Stor_NonEU15;['EntsoG_Map_Stor_NonEU_15'];['Stor_NonEU_15'];54.58964;34.659459999999996;RU;None;{'exact': 3, 'nuts_id_3': 'RU', 'nuts_id_1': 'RU', 'nuts_id_2': 'RU'};{'exact': 0, 'nuts_id_3': 100, 'nuts_id_1': 100, 'nuts_id_2': 100};{'exact': 'make_Attrib(const)', 'nuts_id_3': 'M_Consumers.add_Nuts_Num(): Estimated', 'nuts_id_1': 'M_Consumers.add_Nuts_Num(): Estimated', 'nuts_id_2': 'M_Consumers.add_Nuts_Num(): Estimated'};{}
Stor_NonEU16;Stor_NonEU16;['EntsoG_Map_Stor_NonEU_16'];['Stor_NonEU_16'];49.01873;39.16077;UA;None;{'exact': 3, 'nuts_id_3': 'UA', 'nuts_id_1': 'UA', 'nuts_id_2': 'UA'};{'exact': 0, 'nuts_id_3': 100, 'nuts_id_1': 100, 'nuts_id_2': 100};{'exact': 'make_Attrib(const)', 'nuts_id_3': 'M_Consumers.add_Nuts_Num(): Estimated', 'nuts_id_1': 'M_Consumers.add_Nuts_Num(): Estimated', 'nuts_id_2': 'M_Consumers.add_Nuts_Num(): Estimated'};{}
Stor_NonEU17;Stor_NonEU17;['EntsoG_Map_Stor_NonEU_17'];['Stor_NonEU_17'];45.48388;33.11412;UA;None;{'exact': 3, 'nuts_id_3': 'UA', 'nuts_id_1': 'UA', 'nuts_id_2': 'UA'};{'exact': 0, 'nuts_id_3': 100, 'nuts_id_1': 100, 'nuts_id_2': 100};{'exact': 'make_Attrib(const)', 'nuts_id_3': 'M_Consumers.add_Nuts_Num(): Estimated', 'nuts_id_1': 'M_Consumers.add_Nuts_Num(): Estimated', 'nuts_id_2': 'M_Consumers.add_Nuts_Num(): Estimated'};{}
Stor_NonEU18;Stor_NonEU18;['EntsoG_Map_Stor_NonEU_18'];['Stor_NonEU_18'];54.38221;36.37638;RU;None;{'exact': 3, 'nuts_id_3': 'RU', 'nuts_id_1': 'RU', 'nuts_id_2': 'RU'};{'exact': 0, 'nuts_id_3': 100, 'nuts_id_1': 100, 'nuts_id_2': 100};{'exact': 'make_Attrib(const)', 'nuts_id_3': 'M_Consumers.add_Nuts_Num(): Estimated', 'nuts_id_1': 'M_Consumers.add_Nuts_Num(): Estimated', 'nuts_id_2': 'M_Consumers.add_Nuts_Num(): Estimated'};{}
Stor_NonEU19;Stor_NonEU19;['EntsoG_Map_Stor_NonEU_19'];['Stor_NonEU_19'];58.064080000000004;47.72723;RU;None;{'exact': 3, 'nuts_id_3': 'RU', 'nuts_id_1': 'RU', 'nuts_id_2': 'RU'};{'exact': 0, 'nuts_id_3': 100, 'nuts_id_1': 100, 'nuts_id_2': 100};{'exact': 'make_Attrib(const)', 'nuts_id_3': 'M_Consumers.add_Nuts_Num(): Estimated', 'nuts_id_1': 'M_Consumers.add_Nuts_Num(): Estimated', 'nuts_id_2': 'M_Consumers.add_Nuts_Num(): Estimated'};{}
Stor_NonEU20;Stor_NonEU20;['EntsoG_Map_Stor_NonEU_20'];['Stor_NonEU_20'];65.76238000000001;54.388000000000005;RU;None;{'exact': 3, 'nuts_id_3': 'RU', 'nuts_id_1': 'RU', 'nuts_id_2': 'RU'};{'exact': 0, 'nuts_id_3': 100, 'nuts_id_1': 100, 'nuts_id_2': 100};{'exact': 'make_Attrib(const)', 'nuts_id_3': 'M_Consumers.add_Nuts_Num(): Estimated', 'nuts_id_1': 'M_Consumers.add_Nuts_Num(): Estimated', 'nuts_id_2': 'M_Consumers.add_Nuts_Num(): Estimated'};{}
Stor_NonEU21;Stor_NonEU21;['EntsoG_Map_Stor_NonEU_21'];['Stor_NonEU_21'];68.38473;51.51682;RU;None;{'exact': 3, 'nuts_id_3': 'RU', 'nuts_id_1': 'RU', 'nuts_id_2': 'RU'};{'exact': 0, 'nuts_id_3': 100, 'nuts_id_1': 100, 'nuts_id_2': 100};{'exact': 'make_Attrib(const)', 'nuts_id_3': 'M_Consumers.add_Nuts_Num(): Estimated', 'nuts_id_1': 'M_Consumers.add_Nuts_Num(): Estimated', 'nuts_id_2': 'M_Consumers.add_Nuts_Num(): Estimated'};{}
Stor_NonEU22;Stor_NonEU22;['EntsoG_Map_Stor_NonEU_22'];['Stor_NonEU_22'];54.7822;50.797509999999996;RU;None;{'exact': 3, 'nuts_id_3': 'RU', 'nuts_id_1': 'RU', 'nuts_id_2': 'RU'};{'exact': 0, 'nuts_id_3': 100, 'nuts_id_1': 100, 'nuts_id_2': 100};{'exact': 'make_Attrib(const)', 'nuts_id_3': 'M_Consumers.add_Nuts_Num(): Estimated', 'nuts_id_1': 'M_Consumers.add_Nuts_Num(): Estimated', 'nuts_id_2': 'M_Consumers.add_Nuts_Num(): Estimated'};{}
Stor_NonEU23;Stor_NonEU23;['EntsoG_Map_Stor_NonEU_23'];['Stor_NonEU_23'];49.05363;42.987390000000005;RU;None;{'exact': 3, 'nuts_id_3': 'RU', 'nuts_id_1': 'RU', 'nuts_id_2': 'RU'};{'exact': 0, 'nuts_id_3': 100, 'nuts_id_1': 100, 'nuts_id_2': 100};{'exact': 'make_Attrib(const)', 'nuts_id_3': 'M_Consumers.add_Nuts_Num(): Estimated', 'nuts_id_1': 'M_Consumers.add_Nuts_Num(): Estimated', 'nuts_id_2': 'M_Consumers.add_Nuts_Num(): Estimated'};{}
Stor_NonEU24;Stor_NonEU24;['EntsoG_Map_Stor_NonEU_24'];['Stor_NonEU_24'];51.288000000000004;31.2498;UA;None;{'exact': 3, 'nuts_id_3': 'UA', 'nuts_id_1': 'UA', 'nuts_id_2': 'UA'};{'exact': 0, 'nuts_id_3': 100, 'nuts_id_1': 100, 'nuts_id_2': 100};{'exact': 'make_Attrib(const)', 'nuts_id_3': 'M_Consumers.add_Nuts_Num(): Estimated', 'nuts_id_1': 'M_Consumers.add_Nuts_Num(): Estimated', 'nuts_id_2': 'M_Consumers.add_Nuts_Num(): Estimated'};{}
Stor_NonEU25;Stor_NonEU25;['EntsoG_Map_Stor_NonEU_25'];['Stor_NonEU_25'];54.47909;34.54748;RU;None;{'exact': 3, 'nuts_id_3': 'RU', 'nuts_id_1': 'RU', 'nuts_id_2': 'RU'};{'exact': 0, 'nuts_id_3': 100, 'nuts_id_1': 100, 'nuts_id_2': 100};{'exact': 'make_Attrib(const)', 'nuts_id_3': 'M_Consumers.add_Nuts_Num(): Estimated', 'nuts_id_1': 'M_Consumers.add_Nuts_Num(): Estimated', 'nuts_id_2': 'M_Consumers.add_Nuts_Num(): Estimated'};{}
Stor_NonEU26;Stor_NonEU26;['EntsoG_Map_Stor_NonEU_26'];['Stor_NonEU_26'];49.9463;34.08409;UA;None;{'exact': 3, 'nuts_id_3': 'UA', 'nuts_id_1': 'UA', 'nuts_id_2': 'UA'};{'exact': 0, 'nuts_id_3': 100, 'nuts_id_1': 100, 'nuts_id_2': 100};{'exact': 'make_Attrib(const)', 'nuts_id_3': 'M_Consumers.add_Nuts_Num(): Estimated', 'nuts_id_1': 'M_Consumers.add_Nuts_Num(): Estimated', 'nuts_id_2': 'M_Consumers.add_Nuts_Num(): Estimated'};{}
Stor_NonEU27;Stor_NonEU27;['EntsoG_Map_Stor_NonEU_27'];['Stor_NonEU_27'];45.01162;39.20045;RU;None;{'exact': 3, 'nuts_id_3': 'RU', 'nuts_id_1': 'RU', 'nuts_id_2': 'RU'};{'exact': 0, 'nuts_id_3': 100, 'nuts_id_1': 100, 'nuts_id_2': 100};{'exact': 'make_Attrib(const)', 'nuts_id_3': 'M_Consumers.add_Nuts_Num(): Estimated', 'nuts_id_1': 'M_Consumers.add_Nuts_Num(): Estimated', 'nuts_id_2': 'M_Consumers.add_Nuts_Num(): Estimated'};{}
Stor_NonEU28;Stor_NonEU28;['EntsoG_Map_Stor_NonEU_28'];['Stor_NonEU_28'];47.0225;39.00977;XX;None;{'exact': 3, 'nuts_id_3': 'XX', 'nuts_id_1': 'XX', 'nuts_id_2': 'XX'};{'exact': 0, 'nuts_id_3': 100, 'nuts_id_1': 100, 'nuts_id_2': 100};{'exact': 'make_Attrib(const)', 'nuts_id_3': 'M_Consumers.add_Nuts_Num(): Estimated', 'nuts_id_1': 'M_Consumers.add_Nuts_Num(): Estimated', 'nuts_id_2': 'M_Consumers.add_Nuts_Num(): Estimated'};{}
Stor_NonEU29;Stor_NonEU29;['EntsoG_Map_Stor_NonEU_29'];['Stor_NonEU_29'];52.16725;43.26423;RU;None;{'exact': 3, 'nuts_id_3': 'RU', 'nuts_id_1': 'RU', 'nuts_id_2': 'RU'};{'exact': 0, 'nuts_id_3': 100, 'nuts_id_1': 100, 'nuts_id_2': 100};{'exact': 'make_Attrib(const)', 'nuts_id_3': 'M_Consumers.add_Nuts_Num(): Estimated', 'nuts_id_1': 'M_Consumers.add_Nuts_Num(): Estimated', 'nuts_id_2': 'M_Consumers.add_Nuts_Num(): Estimated'};{}
Stor_NonEU30;Stor_NonEU30;['EntsoG_Map_Stor_NonEU_30'];['Stor_NonEU_30'];49.006209999999996;24.873639999999998;UA;None;{'exact': 3, 'nuts_id_3': 'UA', 'nuts_id_1': 'UA', 'nuts_id_2': 'UA'};{'exact': 0, 'nuts_id_3': 100, 'nuts_id_1': 100, 'nuts_id_2': 100};{'exact': 'make_Attrib(const)', 'nuts_id_3': 'M_Consumers.add_Nuts_Num(): Estimated', 'nuts_id_1': 'M_Consumers.add_Nuts_Num(): Estimated', 'nuts_id_2': 'M_Consumers.add_Nuts_Num(): Estimated'};{}
Stor_NonEU31;Stor_NonEU31;['EntsoG_Map_Stor_NonEU_31'];['Stor_NonEU_31'];45.30251;39.473859999999995;RU;None;{'exact': 3, 'nuts_id_3': 'RU', 'nuts_id_1': 'RU', 'nuts_id_2': 'RU'};{'exact': 0, 'nuts_id_3': 100, 'nuts_id_1': 100, 'nuts_id_2': 100};{'exact': 'make_Attrib(const)', 'nuts_id_3': 'M_Consumers.add_Nuts_Num(): Estimated', 'nuts_id_1': 'M_Consumers.add_Nuts_Num(): Estimated', 'nuts_id_2': 'M_Consumers.add_Nuts_Num(): Estimated'};{}
Stor_NonEU32;Stor_NonEU32;['EntsoG_Map_Stor_NonEU_32'];['Stor_NonEU_32'];49.03775;34.83299;UA;None;{'exact': 3, 'nuts_id_3': 'UA', 'nuts_id_1': 'UA', 'nuts_id_2': 'UA'};{'exact': 0, 'nuts_id_3': 100, 'nuts_id_1': 100, 'nuts_id_2': 100};{'exact': 'make_Attrib(const)', 'nuts_id_3': 'M_Consumers.add_Nuts_Num(): Estimated', 'nuts_id_1': 'M_Consumers.add_Nuts_Num(): Estimated', 'nuts_id_2': 'M_Consumers.add_Nuts_Num(): Estimated'};{}
Stor_NonEU33;Stor_NonEU33;['EntsoG_Map_Stor_NonEU_33'];['Stor_NonEU_33'];59.63338;30.89459;RU;None;{'exact': 3, 'nuts_id_3': 'RU', 'nuts_id_1': 'RU', 'nuts_id_2': 'RU'};{'exact': 0, 'nuts_id_3': 100, 'nuts_id_1': 100, 'nuts_id_2': 100};{'exact': 'make_Attrib(const)', 'nuts_id_3': 'M_Consumers.add_Nuts_Num(): Estimated', 'nuts_id_1': 'M_Consumers.add_Nuts_Num(): Estimated', 'nuts_id_2': 'M_Consumers.add_Nuts_Num(): Estimated'};{}
Stor_NonEU34;Stor_NonEU34;['EntsoG_Map_Stor_NonEU_34'];['Stor_NonEU_34'];54.65354;38.95593;RU;None;{'exact': 3, 'nuts_id_3': 'RU', 'nuts_id_1': 'RU', 'nuts_id_2': 'RU'};{'exact': 0, 'nuts_id_3': 100, 'nuts_id_1': 100, 'nuts_id_2': 100};{'exact': 'make_Attrib(const)', 'nuts_id_3': 'M_Consumers.add_Nuts_Num(): Estimated', 'nuts_id_1': 'M_Consumers.add_Nuts_Num(): Estimated', 'nuts_id_2': 'M_Consumers.add_Nuts_Num(): Estimated'};{}
Stor_NonEU35;Stor_NonEU35;['EntsoG_Map_Stor_NonEU_35'];['Stor_NonEU_35'];52.17315;44.08238;RU;None;{'exact': 3, 'nuts_id_3': 'RU', 'nuts_id_1': 'RU', 'nuts_id_2': 'RU'};{'exact': 0, 'nuts_id_3': 100, 'nuts_id_1': 100, 'nuts_id_2': 100};{'exact': 'make_Attrib(const)', 'nuts_id_3': 'M_Consumers.add_Nuts_Num(): Estimated', 'nuts_id_1': 'M_Consumers.add_Nuts_Num(): Estimated', 'nuts_id_2': 'M_Consumers.add_Nuts_Num(): Estimated'};{}
Stor_NonEU36;Stor_NonEU36;['EntsoG_Map_Stor_NonEU_36'];['Stor_NonEU_36'];56.061890000000005;36.87982;RU;None;{'exact': 3, 'nuts_id_3': 'RU', 'nuts_id_1': 'RU', 'nuts_id_2': 'RU'};{'exact': 0, 'nuts_id_3': 100, 'nuts_id_1': 100, 'nuts_id_2': 100};{'exact': 'make_Attrib(const)', 'nuts_id_3': 'M_Consumers.add_Nuts_Num(): Estimated', 'nuts_id_1': 'M_Consumers.add_Nuts_Num(): Estimated', 'nuts_id_2': 'M_Consumers.add_Nuts_Num(): Estimated'};{}
Stor_NonEU37;Stor_NonEU37;['EntsoG_Map_Stor_NonEU_37'];['Stor_NonEU_37'];52.24837;23.595679999999998;BY;None;{'exact': 3, 'nuts_id_3': 'BY', 'nuts_id_1': 'BY', 'nuts_id_2': 'BY'};{'exact': 0, 'nuts_id_3': 100, 'nuts_id_1': 100, 'nuts_id_2': 100};{'exact': 'make_Attrib(const)', 'nuts_id_3': 'M_Consumers.add_Nuts_Num(): Estimated', 'nuts_id_1': 'M_Consumers.add_Nuts_Num(): Estimated', 'nuts_id_2': 'M_Consumers.add_Nuts_Num(): Estimated'};{}
Stor_NonEU38;Stor_NonEU38;['EntsoG_Map_Stor_NonEU_38'];['Stor_NonEU_38'];49.690129999999996;23.92699;UA;None;{'exact': 3, 'nuts_id_3': 'UA', 'nuts_id_1': 'UA', 'nuts_id_2': 'UA'};{'exact': 0, 'nuts_id_3': 100, 'nuts_id_1': 100, 'nuts_id_2': 100};{'exact': 'make_Attrib(const)', 'nuts_id_3': 'M_Consumers.add_Nuts_Num(): Estimated', 'nuts_id_1': 'M_Consumers.add_Nuts_Num(): Estimated', 'nuts_id_2': 'M_Consumers.add_Nuts_Num(): Estimated'};{}
Stor_NonEU39;Stor_NonEU39;['EntsoG_Map_Stor_NonEU_39'];['Stor_NonEU_39'];40.82737;28.433000000000003;XX;None;{'exact': 3, 'nuts_id_3': 'TR100', 'nuts_id_1': 'TR1', 'nuts_id_2': 'TR10'};{'exact': 0, 'nuts_id_3': 0, 'nuts_id_1': 0, 'nuts_id_2': 0};{'exact': 'make_Attrib(const)', 'nuts_id_3': 'M_Consumers.add_Nuts_Num()', 'nuts_id_1': 'M_Consumers.add_Nuts_Num()', 'nuts_id_2': 'M_Consumers.add_Nuts_Num()'};{}
Stor_NonEU40;Stor_NonEU40;['EntsoG_Map_Stor_NonEU_40'];['Stor_NonEU_40'];52.29442;45.51439;RU;None;{'exact': 3, 'nuts_id_3': 'RU', 'nuts_id_1': 'RU', 'nuts_id_2': 'RU'};{'exact': 0, 'nuts_id_3': 100, 'nuts_id_1': 100, 'nuts_id_2': 100};{'exact': 'make_Attrib(const)', 'nuts_id_3': 'M_Consumers.add_Nuts_Num(): Estimated', 'nuts_id_1': 'M_Consumers.add_Nuts_Num(): Estimated', 'nuts_id_2': 'M_Consumers.add_Nuts_Num(): Estimated'};{}
Stor_NonEU41;Stor_NonEU41;['EntsoG_Map_Stor_NonEU_41'];['Stor_NonEU_41'];54.53;50.597120000000004;RU;None;{'exact': 3, 'nuts_id_3': 'RU', 'nuts_id_1': 'RU', 'nuts_id_2': 'RU'};{'exact': 0, 'nuts_id_3': 100, 'nuts_id_1': 100, 'nuts_id_2': 100};{'exact': 'make_Attrib(const)', 'nuts_id_3': 'M_Consumers.add_Nuts_Num(): Estimated', 'nuts_id_1': 'M_Consumers.add_Nuts_Num(): Estimated', 'nuts_id_2': 'M_Consumers.add_Nuts_Num(): Estimated'};{}
Stor_NonEU42;Stor_NonEU42;['EntsoG_Map_Stor_NonEU_42'];['Stor_NonEU_42'];52.709790000000005;44.52191;RU;None;{'exact': 3, 'nuts_id_3': 'RU', 'nuts_id_1': 'RU', 'nuts_id_2': 'RU'};{'exact': 0, 'nuts_id_3': 100, 'nuts_id_1': 100, 'nuts_id_2': 100};{'exact': 'make_Attrib(const)', 'nuts_id_3': 'M_Consumers.add_Nuts_Num(): Estimated', 'nuts_id_1': 'M_Consumers.add_Nuts_Num(): Estimated', 'nuts_id_2': 'M_Consumers.add_Nuts_Num(): Estimated'};{}
Stor_NonEU43;Stor_NonEU43;['EntsoG_Map_Stor_NonEU_43'];['Stor_NonEU_43'];54.62316;47.75092;RU;None;{'exact': 3, 'nuts_id_3': 'RU', 'nuts_id_1': 'RU', 'nuts_id_2': 'RU'};{'exact': 0, 'nuts_id_3': 100, 'nuts_id_1': 100, 'nuts_id_2': 100};{'exact': 'make_Attrib(const)', 'nuts_id_3': 'M_Consumers.add_Nuts_Num(): Estimated', 'nuts_id_1': 'M_Consumers.add_Nuts_Num(): Estimated', 'nuts_id_2': 'M_Consumers.add_Nuts_Num(): Estimated'};{}
Stor_NonEU44;Stor_NonEU44;['EntsoG_Map_Stor_NonEU_44'];['Stor_NonEU_44'];49.40278;38.10315;UA;None;{'exact': 3, 'nuts_id_3': 'UA', 'nuts_id_1': 'UA', 'nuts_id_2': 'UA'};{'exact': 0, 'nuts_id_3': 100, 'nuts_id_1': 100, 'nuts_id_2': 100};{'exact': 'make_Attrib(const)', 'nuts_id_3': 'M_Consumers.add_Nuts_Num(): Estimated', 'nuts_id_1': 'M_Consumers.add_Nuts_Num(): Estimated', 'nuts_id_2': 'M_Consumers.add_Nuts_Num(): Estimated'};{}
Stor_NonEU45;Stor_NonEU45;['EntsoG_Map_Stor_NonEU_45'];['Stor_NonEU_45'];54.368430000000004;46.92544;RU;None;{'exact': 3, 'nuts_id_3': 'RU', 'nuts_id_1': 'RU', 'nuts_id_2': 'RU'};{'exact': 0, 'nuts_id_3': 100, 'nuts_id_1': 100, 'nuts_id_2': 100};{'exact': 'make_Attrib(const)', 'nuts_id_3': 'M_Consumers.add_Nuts_Num(): Estimated', 'nuts_id_1': 'M_Consumers.add_Nuts_Num(): Estimated', 'nuts_id_2': 'M_Consumers.add_Nuts_Num(): Estimated'};{}
Stor_NonEU46;Stor_NonEU46;['EntsoG_Map_Stor_NonEU_46'];['Stor_NonEU_46'];54.80624;39.191629999999996;RU;None;{'exact': 3, 'nuts_id_3': 'RU', 'nuts_id_1': 'RU', 'nuts_id_2': 'RU'};{'exact': 0, 'nuts_id_3': 100, 'nuts_id_1': 100, 'nuts_id_2': 100};{'exact': 'make_Attrib(const)', 'nuts_id_3': 'M_Consumers.add_Nuts_Num(): Estimated', 'nuts_id_1': 'M_Consumers.add_Nuts_Num(): Estimated', 'nuts_id_2': 'M_Consumers.add_Nuts_Num(): Estimated'};{}
Stor_NonEU47;Stor_NonEU47;['EntsoG_Map_Stor_NonEU_47'];['Stor_NonEU_47'];54.364090000000004;47.49324;RU;None;{'exact': 3, 'nuts_id_3': 'RU', 'nuts_id_1': 'RU', 'nuts_id_2': 'RU'};{'exact': 0, 'nuts_id_3': 100, 'nuts_id_1': 100, 'nuts_id_2': 100};{'exact': 'make_Attrib(const)', 'nuts_id_3': 'M_Consumers.add_Nuts_Num(): Estimated', 'nuts_id_1': 'M_Consumers.add_Nuts_Num(): Estimated', 'nuts_id_2': 'M_Consumers.add_Nuts_Num(): Estimated'};{}
Stor_NonEU48;Stor_NonEU48;['EntsoG_Map_Stor_NonEU_48'];['Stor_NonEU_48'];54.096680000000006;47.14293;RU;None;{'exact': 3, 'nuts_id_3': 'RU', 'nuts_id_1': 'RU', 'nuts_id_2': 'RU'};{'exact': 0, 'nuts_id_3': 100, 'nuts_id_1': 100, 'nuts_id_2': 100};{'exact': 'make_Attrib(const)', 'nuts_id_3': 'M_Consumers.add_Nuts_Num(): Estimated', 'nuts_id_1': 'M_Consumers.add_Nuts_Num(): Estimated', 'nuts_id_2': 'M_Consumers.add_Nuts_Num(): Estimated'};{}
Stor_NonEU49;Stor_NonEU49;['EntsoG_Map_Stor_NonEU_49'];['Stor_NonEU_49'];49.47534;24.61274;UA;None;{'exact': 3, 'nuts_id_3': 'UA', 'nuts_id_1': 'UA', 'nuts_id_2': 'UA'};{'exact': 0, 'nuts_id_3': 100, 'nuts_id_1': 100, 'nuts_id_2': 100};{'exact': 'make_Attrib(const)', 'nuts_id_3': 'M_Consumers.add_Nuts_Num(): Estimated', 'nuts_id_1': 'M_Consumers.add_Nuts_Num(): Estimated', 'nuts_id_2': 'M_Consumers.add_Nuts_Num(): Estimated'};{}
