nuts3,Period 1,Period 2,Period 3,Period 4,Period 5,Period 6,Period 7,Period 8,Period 9,Period 10,Period 11,Period 12
DEF01,0.0827898311739482,0.0839174481514586,0.08332702829310837,0.08333363400319486,0.08332063567044404,0.08332702829310838,0.08332702829310837,0.08332702829310837,0.08333890412190197,0.08331553555556621,0.08332702829310837,0.08334886985794418
DEF02,0.08278983117394821,0.08391744815145859,0.08332702829310838,0.08333363400319486,0.08332063567044404,0.08332702829310838,0.0833270282931084,0.08332702829310838,0.08333890412190195,0.0833155355555662,0.08332702829310838,0.0833488698579442
DEF03,0.08278983117394821,0.08391744815145859,0.08332702829310838,0.08333363400319486,0.08332063567044405,0.08332702829310838,0.08332702829310838,0.08332702829310838,0.08333890412190197,0.08331553555556621,0.08332702829310838,0.08334886985794418
DEF04,0.0827898311739482,0.08391744815145859,0.08332702829310838,0.08333363400319485,0.08332063567044404,0.08332702829310838,0.08332702829310838,0.08332702829310838,0.08333890412190195,0.08331553555556619,0.08332702829310838,0.0833488698579442
DEC01,0.08278983117394823,0.0839174481514586,0.0833270282931084,0.08333363400319486,0.08332063567044408,0.0833270282931084,0.0833270282931084,0.0833270282931084,0.08333890412190197,0.08331553555556624,0.0833270282931084,0.08334886985794421
DEC02,0.08278983117394821,0.08391744815145859,0.08332702829310837,0.08333363400319485,0.08332063567044405,0.0833270282931084,0.0833270282931084,0.0833270282931084,0.08333890412190197,0.0833155355555662,0.08332702829310838,0.0833488698579442
DEC03,0.08278983117394821,0.08391744815145859,0.08332702829310838,0.08333363400319485,0.08332063567044405,0.08332702829310838,0.08332702829310838,0.08332702829310838,0.08333890412190195,0.08331553555556623,0.08332702829310838,0.0833488698579442
DEC04,0.08278983117394821,0.08391744815145859,0.08332702829310837,0.08333363400319486,0.08332063567044407,0.08332702829310838,0.08332702829310838,0.08332702829310837,0.08333890412190197,0.08331553555556621,0.08332702829310838,0.08334886985794418
DEC05,0.0827898311739482,0.0839174481514586,0.08332702829310837,0.08333363400319485,0.08332063567044404,0.08332702829310837,0.08332702829310837,0.08332702829310837,0.08333890412190195,0.08331553555556621,0.08332702829310837,0.08334886985794418
DEC06,0.08278983117394823,0.08391744815145859,0.08332702829310837,0.08333363400319485,0.08332063567044404,0.08332702829310838,0.08332702829310837,0.08332702829310837,0.08333890412190194,0.0833155355555662,0.08332702829310838,0.08334886985794418
DEF05,0.08278983117394824,0.0839174481514586,0.08332702829310841,0.08333363400319488,0.08332063567044407,0.0833270282931084,0.08332702829310841,0.08332702829310841,0.08333890412190198,0.08331553555556623,0.0833270282931084,0.08334886985794421
DEF06,0.08278983117394823,0.0839174481514586,0.0833270282931084,0.08333363400319486,0.08332063567044407,0.08332702829310838,0.0833270282931084,0.0833270282931084,0.08333890412190197,0.08331553555556621,0.08332702829310838,0.0833488698579442
DEF07,0.08278983117394818,0.08391744815145859,0.08332702829310835,0.08333363400319484,0.08332063567044404,0.08332702829310835,0.08332702829310838,0.08332702829310835,0.08333890412190194,0.0833155355555662,0.08332702829310835,0.08334886985794418
DEF08,0.08278983117394821,0.0839174481514586,0.0833270282931084,0.08333363400319486,0.08332063567044407,0.0833270282931084,0.0833270282931084,0.0833270282931084,0.08333890412190198,0.08331553555556621,0.0833270282931084,0.08334886985794421
DEF09,0.08278983117394821,0.08391744815145859,0.08332702829310838,0.08333363400319488,0.08332063567044404,0.0833270282931084,0.08332702829310838,0.08332702829310838,0.08333890412190195,0.08331553555556621,0.0833270282931084,0.08334886985794422
DEF0A,0.08278983117394823,0.0839174481514586,0.08332702829310838,0.08333363400319486,0.08332063567044407,0.0833270282931084,0.08332702829310838,0.08332702829310838,0.08333890412190195,0.08331553555556621,0.0833270282931084,0.0833488698579442
DEF0B,0.08278983117394821,0.08391744815145859,0.08332702829310837,0.08333363400319485,0.08332063567044404,0.08332702829310837,0.08332702829310838,0.08332702829310838,0.08333890412190195,0.08331553555556621,0.08332702829310837,0.08334886985794417
DEF0C,0.08278983117394821,0.08391744815145857,0.08332702829310837,0.08333363400319486,0.08332063567044405,0.08332702829310837,0.08332702829310838,0.08332702829310837,0.08333890412190195,0.08331553555556621,0.08332702829310837,0.08334886985794418
DEF0D,0.08278983117394821,0.08391744815145859,0.08332702829310838,0.08333363400319486,0.08332063567044407,0.08332702829310838,0.08332702829310838,0.08332702829310838,0.08333890412190195,0.08331553555556623,0.08332702829310838,0.08334886985794421
DEF0E,0.08278983117394824,0.08391744815145862,0.08332702829310841,0.08333363400319488,0.08332063567044407,0.08332702829310841,0.08332702829310841,0.08332702829310841,0.08333890412190198,0.08331553555556621,0.08332702829310841,0.08334886985794422
DEF0F,0.08278983117394821,0.08391744815145857,0.08332702829310838,0.08333363400319485,0.08332063567044405,0.08332702829310837,0.08332702829310837,0.08332702829310838,0.08333890412190194,0.0833155355555662,0.08332702829310837,0.0833488698579442
DE300,0.08278983117394821,0.0839174481514586,0.08332702829310838,0.08333363400319486,0.08332063567044405,0.08332702829310838,0.08332702829310838,0.08332702829310838,0.08333890412190197,0.08331553555556621,0.0833270282931084,0.0833488698579442
DE401,0.08278983117394823,0.0839174481514586,0.08332702829310838,0.08333363400319486,0.08332063567044405,0.0833270282931084,0.08332702829310838,0.08332702829310838,0.08333890412190197,0.08331553555556621,0.0833270282931084,0.0833488698579442
DE402,0.08278983117394821,0.0839174481514586,0.08332702829310838,0.08333363400319488,0.08332063567044405,0.0833270282931084,0.0833270282931084,0.08332702829310838,0.08333890412190197,0.08331553555556623,0.0833270282931084,0.08334886985794418
DE403,0.08278983117394821,0.0839174481514586,0.0833270282931084,0.08333363400319486,0.08332063567044405,0.08332702829310838,0.0833270282931084,0.0833270282931084,0.08333890412190197,0.0833155355555662,0.08332702829310838,0.08334886985794418
DE404,0.08278983117394824,0.08391744815145862,0.0833270282931084,0.08333363400319488,0.08332063567044407,0.0833270282931084,0.08332702829310841,0.0833270282931084,0.08333890412190198,0.08331553555556623,0.0833270282931084,0.0833488698579442
DE405,0.0827898311739482,0.08391744815145859,0.08332702829310837,0.08333363400319485,0.08332063567044405,0.0833270282931084,0.0833270282931084,0.08332702829310837,0.08333890412190195,0.0833155355555662,0.0833270282931084,0.08334886985794418
DE406,0.08278983117394821,0.08391744815145857,0.08332702829310835,0.08333363400319485,0.08332063567044404,0.08332702829310837,0.08332702829310837,0.08332702829310837,0.08333890412190195,0.0833155355555662,0.08332702829310838,0.08334886985794418
DE407,0.08278983117394823,0.0839174481514586,0.0833270282931084,0.08333363400319486,0.08332063567044407,0.0833270282931084,0.0833270282931084,0.0833270282931084,0.08333890412190197,0.08331553555556624,0.0833270282931084,0.08334886985794421
DE408,0.08278983117394821,0.08391744815145859,0.08332702829310838,0.08333363400319486,0.08332063567044405,0.08332702829310838,0.08332702829310838,0.08332702829310838,0.08333890412190195,0.08331553555556621,0.08332702829310838,0.0833488698579442
DE409,0.08278983117394823,0.0839174481514586,0.0833270282931084,0.08333363400319486,0.08332063567044407,0.0833270282931084,0.0833270282931084,0.0833270282931084,0.08333890412190197,0.08331553555556623,0.0833270282931084,0.08334886985794421
DE40A,0.0827898311739482,0.0839174481514586,0.08332702829310838,0.08333363400319485,0.08332063567044405,0.08332702829310838,0.08332702829310838,0.08332702829310838,0.08333890412190194,0.08331553555556621,0.08332702829310838,0.08334886985794421
DE40B,0.08278983117394821,0.08391744815145862,0.08332702829310838,0.08333363400319486,0.08332063567044405,0.08332702829310838,0.08332702829310841,0.08332702829310838,0.08333890412190195,0.08331553555556623,0.08332702829310838,0.0833488698579442
DE40C,0.0827898311739482,0.08391744815145857,0.0833270282931084,0.08333363400319485,0.08332063567044404,0.08332702829310838,0.08332702829310837,0.0833270282931084,0.08333890412190194,0.0833155355555662,0.08332702829310838,0.08334886985794417
DE40D,0.08278983117394821,0.0839174481514586,0.08332702829310838,0.08333363400319486,0.08332063567044404,0.08332702829310838,0.08332702829310838,0.08332702829310838,0.08333890412190195,0.08331553555556621,0.08332702829310838,0.0833488698579442
DE40E,0.08278983117394821,0.08391744815145859,0.08332702829310841,0.08333363400319486,0.08332063567044407,0.08332702829310838,0.08332702829310841,0.08332702829310838,0.08333890412190197,0.08331553555556623,0.08332702829310838,0.0833488698579442
DE40F,0.08278983117394821,0.0839174481514586,0.08332702829310838,0.08333363400319486,0.08332063567044405,0.0833270282931084,0.08332702829310838,0.08332702829310838,0.08333890412190197,0.08331553555556621,0.0833270282931084,0.08334886985794421
DE40G,0.08278983117394823,0.0839174481514586,0.08332702829310838,0.08333363400319486,0.08332063567044405,0.08332702829310838,0.0833270282931084,0.08332702829310838,0.08333890412190198,0.08331553555556621,0.08332702829310838,0.08334886985794421
DE40H,0.08278983117394823,0.0839174481514586,0.0833270282931084,0.08333363400319486,0.08332063567044405,0.08332702829310838,0.08332702829310838,0.0833270282931084,0.08333890412190197,0.08331553555556623,0.08332702829310838,0.08334886985794421
DE40I,0.08278983117394823,0.08391744815145859,0.08332702829310838,0.08333363400319486,0.08332063567044407,0.08332702829310838,0.08332702829310838,0.08332702829310838,0.08333890412190194,0.0833155355555662,0.0833270282931084,0.08334886985794421
DE803,0.08278983117394821,0.08391744815145859,0.08332702829310837,0.08333363400319485,0.08332063567044405,0.08332702829310838,0.08332702829310838,0.08332702829310837,0.08333890412190195,0.0833155355555662,0.08332702829310838,0.0833488698579442
DE804,0.08278983117394821,0.0839174481514586,0.08332702829310838,0.08333363400319485,0.08332063567044405,0.0833270282931084,0.08332702829310838,0.08332702829310837,0.08333890412190195,0.08331553555556621,0.0833270282931084,0.0833488698579442
DE80J,0.08278983117394821,0.0839174481514586,0.08332702829310838,0.08333363400319486,0.08332063567044405,0.08332702829310837,0.0833270282931084,0.08332702829310838,0.08333890412190195,0.08331553555556621,0.08332702829310837,0.0833488698579442
DE80K,0.08278983117394821,0.0839174481514586,0.08332702829310837,0.08333363400319486,0.08332063567044405,0.08332702829310837,0.0833270282931084,0.08332702829310837,0.08333890412190195,0.08331553555556621,0.08332702829310837,0.0833488698579442
DE80L,0.08278983117394821,0.0839174481514586,0.08332702829310838,0.08333363400319485,0.08332063567044405,0.08332702829310838,0.08332702829310838,0.08332702829310838,0.08333890412190197,0.08331553555556621,0.08332702829310838,0.0833488698579442
DE80M,0.08278983117394821,0.08391744815145859,0.08332702829310837,0.08333363400319485,0.08332063567044405,0.08332702829310838,0.08332702829310838,0.08332702829310838,0.08333890412190195,0.08331553555556621,0.08332702829310837,0.0833488698579442
DE80N,0.08278983117394823,0.08391744815145859,0.08332702829310837,0.08333363400319485,0.08332063567044405,0.08332702829310838,0.08332702829310837,0.08332702829310837,0.08333890412190195,0.0833155355555662,0.08332702829310838,0.0833488698579442
DE80O,0.08278983117394823,0.0839174481514586,0.08332702829310838,0.08333363400319486,0.08332063567044405,0.08332702829310838,0.0833270282931084,0.08332702829310838,0.08333890412190197,0.08331553555556623,0.08332702829310838,0.0833488698579442
DED41,0.08278983117394823,0.0839174481514586,0.0833270282931084,0.08333363400319486,0.08332063567044407,0.0833270282931084,0.0833270282931084,0.0833270282931084,0.08333890412190198,0.08331553555556623,0.0833270282931084,0.08334886985794421
DED42,0.0827898311739482,0.08391744815145859,0.08332702829310837,0.08333363400319484,0.08332063567044402,0.08332702829310838,0.08332702829310838,0.08332702829310837,0.08333890412190192,0.0833155355555662,0.08332702829310838,0.08334886985794418
DED43,0.08278983117394821,0.0839174481514586,0.0833270282931084,0.08333363400319485,0.08332063567044405,0.08332702829310838,0.0833270282931084,0.08332702829310838,0.08333890412190195,0.08331553555556621,0.08332702829310838,0.0833488698579442
DED44,0.08278983117394824,0.0839174481514586,0.0833270282931084,0.08333363400319488,0.08332063567044407,0.0833270282931084,0.0833270282931084,0.0833270282931084,0.08333890412190198,0.08331553555556623,0.0833270282931084,0.08334886985794422
DED45,0.08278983117394824,0.0839174481514586,0.0833270282931084,0.08333363400319486,0.08332063567044407,0.0833270282931084,0.08332702829310841,0.0833270282931084,0.08333890412190197,0.08331553555556621,0.0833270282931084,0.08334886985794421
DED21,0.08278983117394823,0.08391744815145862,0.08332702829310841,0.08333363400319488,0.08332063567044408,0.0833270282931084,0.08332702829310841,0.08332702829310841,0.08333890412190198,0.08331553555556623,0.0833270282931084,0.08334886985794422
DED2C,0.08278983117394821,0.0839174481514586,0.08332702829310838,0.08333363400319486,0.08332063567044407,0.0833270282931084,0.0833270282931084,0.08332702829310838,0.08333890412190197,0.08331553555556623,0.0833270282931084,0.08334886985794421
DED2D,0.08278983117394821,0.08391744815145859,0.08332702829310837,0.08333363400319485,0.08332063567044404,0.08332702829310837,0.08332702829310837,0.08332702829310837,0.08333890412190195,0.0833155355555662,0.08332702829310837,0.0833488698579442
DED2E,0.08278983117394823,0.0839174481514586,0.08332702829310838,0.08333363400319486,0.08332063567044408,0.08332702829310841,0.08332702829310838,0.08332702829310841,0.08333890412190197,0.08331553555556621,0.08332702829310841,0.0833488698579442
DED2F,0.08278983117394823,0.08391744815145863,0.0833270282931084,0.08333363400319488,0.08332063567044407,0.08332702829310841,0.0833270282931084,0.0833270282931084,0.083338904121902,0.08331553555556623,0.08332702829310841,0.08334886985794421
DED51,0.0827898311739482,0.08391744815145857,0.08332702829310837,0.08333363400319485,0.08332063567044402,0.08332702829310837,0.08332702829310835,0.08332702829310835,0.08333890412190194,0.08331553555556619,0.08332702829310837,0.08334886985794417
DED52,0.08278983117394821,0.08391744815145859,0.08332702829310838,0.08333363400319486,0.08332063567044404,0.08332702829310837,0.08332702829310838,0.08332702829310838,0.08333890412190195,0.0833155355555662,0.08332702829310837,0.08334886985794418
DED53,0.0827898311739482,0.08391744815145857,0.08332702829310837,0.08333363400319486,0.08332063567044402,0.08332702829310837,0.08332702829310837,0.08332702829310837,0.08333890412190195,0.08331553555556619,0.08332702829310837,0.08334886985794418
DEE01,0.08278983117394821,0.08391744815145859,0.08332702829310837,0.08333363400319485,0.08332063567044404,0.08332702829310837,0.08332702829310837,0.08332702829310837,0.08333890412190195,0.08331553555556621,0.08332702829310837,0.08334886985794421
DEE02,0.0827898311739482,0.08391744815145859,0.08332702829310837,0.08333363400319485,0.08332063567044404,0.08332702829310837,0.08332702829310837,0.08332702829310837,0.08333890412190195,0.08331553555556621,0.08332702829310837,0.0833488698579442
DEE03,0.08278983117394821,0.0839174481514586,0.08332702829310838,0.08333363400319486,0.08332063567044405,0.0833270282931084,0.08332702829310838,0.08332702829310838,0.08333890412190197,0.08331553555556621,0.0833270282931084,0.0833488698579442
DEE04,0.08278983117394821,0.08391744815145862,0.0833270282931084,0.08333363400319485,0.08332063567044407,0.08332702829310838,0.0833270282931084,0.0833270282931084,0.08333890412190198,0.08331553555556621,0.08332702829310838,0.0833488698579442
DEE05,0.08278983117394821,0.0839174481514586,0.08332702829310838,0.08333363400319485,0.08332063567044405,0.08332702829310838,0.08332702829310838,0.08332702829310838,0.08333890412190195,0.08331553555556621,0.08332702829310838,0.08334886985794421
DEE07,0.0827898311739482,0.08391744815145859,0.08332702829310837,0.08333363400319485,0.08332063567044404,0.08332702829310837,0.08332702829310838,0.08332702829310837,0.08333890412190195,0.0833155355555662,0.08332702829310837,0.08334886985794417
DEE08,0.08278983117394821,0.08391744815145857,0.0833270282931084,0.08333363400319485,0.08332063567044405,0.08332702829310838,0.0833270282931084,0.0833270282931084,0.08333890412190195,0.0833155355555662,0.08332702829310838,0.0833488698579442
DEE09,0.08278983117394823,0.0839174481514586,0.08332702829310838,0.08333363400319486,0.08332063567044407,0.08332702829310838,0.08332702829310838,0.08332702829310838,0.08333890412190195,0.08331553555556623,0.08332702829310838,0.0833488698579442
DEE06,0.08278983117394823,0.0839174481514586,0.08332702829310838,0.08333363400319485,0.08332063567044404,0.0833270282931084,0.0833270282931084,0.0833270282931084,0.08333890412190197,0.08331553555556621,0.0833270282931084,0.0833488698579442
DEE0A,0.08278983117394821,0.08391744815145859,0.08332702829310838,0.08333363400319486,0.08332063567044405,0.08332702829310838,0.08332702829310838,0.08332702829310838,0.08333890412190197,0.0833155355555662,0.08332702829310838,0.0833488698579442
DEE0B,0.08278983117394821,0.08391744815145859,0.08332702829310838,0.08333363400319485,0.08332063567044404,0.08332702829310838,0.08332702829310838,0.08332702829310838,0.08333890412190197,0.08331553555556621,0.08332702829310838,0.08334886985794418
DEE0C,0.0827898311739482,0.0839174481514586,0.08332702829310838,0.08333363400319486,0.08332063567044405,0.08332702829310838,0.08332702829310838,0.08332702829310837,0.08333890412190197,0.0833155355555662,0.08332702829310838,0.0833488698579442
DEE0D,0.08278983117394823,0.08391744815145857,0.08332702829310838,0.08333363400319486,0.08332063567044405,0.08332702829310838,0.0833270282931084,0.0833270282931084,0.08333890412190195,0.0833155355555662,0.08332702829310838,0.0833488698579442
DEE0E,0.08278983117394823,0.0839174481514586,0.08332702829310841,0.08333363400319486,0.08332063567044407,0.08332702829310841,0.08332702829310841,0.08332702829310841,0.08333890412190198,0.08331553555556623,0.08332702829310841,0.08334886985794421
DEG01,0.08278983117394821,0.0839174481514586,0.08332702829310837,0.08333363400319486,0.08332063567044404,0.08332702829310838,0.08332702829310838,0.08332702829310837,0.08333890412190197,0.0833155355555662,0.08332702829310838,0.0833488698579442
DEG02,0.08278983117394823,0.0839174481514586,0.08332702829310838,0.08333363400319488,0.08332063567044405,0.08332702829310838,0.08332702829310838,0.08332702829310838,0.08333890412190197,0.08331553555556623,0.08332702829310838,0.08334886985794421
DEG03,0.08278983117394824,0.0839174481514586,0.08332702829310838,0.08333363400319488,0.08332063567044407,0.08332702829310841,0.08332702829310838,0.08332702829310838,0.08333890412190197,0.08331553555556623,0.08332702829310841,0.08334886985794421
DEG04,0.0827898311739482,0.08391744815145859,0.08332702829310837,0.08333363400319485,0.08332063567044405,0.08332702829310838,0.08332702829310837,0.08332702829310837,0.08333890412190194,0.0833155355555662,0.08332702829310838,0.0833488698579442
DEG05,0.08278983117394823,0.0839174481514586,0.08332702829310838,0.08333363400319486,0.08332063567044404,0.08332702829310838,0.08332702829310838,0.08332702829310838,0.08333890412190195,0.08331553555556621,0.08332702829310838,0.08334886985794421
DEG0N,0.08278983117394821,0.08391744815145859,0.08332702829310838,0.08333363400319486,0.08332063567044405,0.08332702829310838,0.08332702829310838,0.08332702829310838,0.08333890412190197,0.08331553555556621,0.08332702829310838,0.0833488698579442
DEG06,0.08278983117394823,0.08391744815145862,0.08332702829310841,0.08333363400319489,0.0833206356704441,0.08332702829310838,0.08332702829310841,0.08332702829310841,0.08333890412190197,0.08331553555556623,0.08332702829310838,0.08334886985794421
DEG07,0.0827898311739482,0.0839174481514586,0.08332702829310838,0.08333363400319486,0.08332063567044405,0.08332702829310838,0.08332702829310838,0.08332702829310838,0.08333890412190195,0.08331553555556621,0.08332702829310838,0.0833488698579442
DEG0P,0.08278983117394821,0.0839174481514586,0.08332702829310838,0.08333363400319486,0.08332063567044407,0.0833270282931084,0.0833270282931084,0.08332702829310838,0.08333890412190197,0.08331553555556623,0.0833270282931084,0.0833488698579442
DEG09,0.0827898311739482,0.0839174481514586,0.08332702829310837,0.08333363400319486,0.08332063567044404,0.08332702829310837,0.08332702829310838,0.08332702829310837,0.08333890412190195,0.0833155355555662,0.08332702829310837,0.08334886985794418
DEG0A,0.08278983117394823,0.0839174481514586,0.08332702829310838,0.08333363400319488,0.08332063567044405,0.08332702829310838,0.08332702829310838,0.08332702829310838,0.08333890412190197,0.08331553555556621,0.08332702829310838,0.0833488698579442
DEG0B,0.0827898311739482,0.08391744815145857,0.08332702829310838,0.08333363400319485,0.08332063567044405,0.08332702829310837,0.08332702829310838,0.08332702829310838,0.08333890412190195,0.0833155355555662,0.08332702829310837,0.08334886985794418
DEG0C,0.08278983117394821,0.08391744815145859,0.08332702829310837,0.08333363400319485,0.08332063567044405,0.08332702829310838,0.08332702829310838,0.08332702829310838,0.08333890412190195,0.08331553555556619,0.08332702829310838,0.0833488698579442
DEG0D,0.0827898311739482,0.08391744815145857,0.08332702829310837,0.08333363400319485,0.08332063567044402,0.08332702829310838,0.08332702829310837,0.08332702829310837,0.08333890412190194,0.0833155355555662,0.08332702829310838,0.08334886985794417
DEG0E,0.08278983117394823,0.0839174481514586,0.08332702829310838,0.08333363400319486,0.08332063567044405,0.08332702829310838,0.08332702829310838,0.08332702829310841,0.08333890412190197,0.08331553555556621,0.08332702829310838,0.0833488698579442
DEG0F,0.08278983117394821,0.0839174481514586,0.08332702829310838,0.08333363400319486,0.08332063567044402,0.08332702829310837,0.08332702829310838,0.08332702829310838,0.08333890412190195,0.08331553555556621,0.08332702829310837,0.08334886985794421
DEG0G,0.08278983117394821,0.08391744815145859,0.08332702829310837,0.08333363400319485,0.08332063567044404,0.08332702829310837,0.08332702829310837,0.08332702829310837,0.08333890412190194,0.08331553555556621,0.08332702829310837,0.0833488698579442
DEG0H,0.08278983117394823,0.08391744815145857,0.08332702829310838,0.08333363400319485,0.08332063567044405,0.08332702829310838,0.08332702829310838,0.08332702829310838,0.08333890412190195,0.08331553555556619,0.08332702829310838,0.08334886985794418
DEG0I,0.08278983117394823,0.0839174481514586,0.0833270282931084,0.08333363400319485,0.08332063567044405,0.08332702829310838,0.0833270282931084,0.0833270282931084,0.08333890412190195,0.08331553555556621,0.08332702829310838,0.0833488698579442
DEG0J,0.08278983117394823,0.0839174481514586,0.08332702829310838,0.08333363400319488,0.08332063567044407,0.08332702829310838,0.08332702829310838,0.08332702829310838,0.08333890412190197,0.08331553555556621,0.08332702829310838,0.08334886985794421
DEG0K,0.08278983117394823,0.0839174481514586,0.08332702829310838,0.08333363400319485,0.08332063567044404,0.08332702829310838,0.08332702829310838,0.08332702829310838,0.08333890412190195,0.08331553555556623,0.08332702829310837,0.08334886985794421
DEG0L,0.08278983117394823,0.08391744815145862,0.08332702829310838,0.08333363400319485,0.08332063567044405,0.0833270282931084,0.08332702829310838,0.08332702829310838,0.08333890412190197,0.08331553555556623,0.0833270282931084,0.0833488698579442
DEG0M,0.0827898311739482,0.08391744815145859,0.08332702829310838,0.08333363400319486,0.08332063567044404,0.08332702829310837,0.08332702829310838,0.08332702829310838,0.08333890412190197,0.08331553555556621,0.08332702829310838,0.08334886985794421
DE600,0.0827898311739482,0.08391744815145857,0.08332702829310838,0.08333363400319484,0.08332063567044402,0.08332702829310835,0.08332702829310838,0.08332702829310838,0.08333890412190197,0.08331553555556621,0.08332702829310835,0.0833488698579442
DE911,0.08278983117394821,0.0839174481514586,0.08332702829310838,0.08333363400319486,0.08332063567044405,0.0833270282931084,0.0833270282931084,0.08332702829310838,0.08333890412190195,0.08331553555556621,0.0833270282931084,0.08334886985794418
DE912,0.0827898311739482,0.08391744815145859,0.08332702829310837,0.08333363400319485,0.08332063567044405,0.08332702829310837,0.08332702829310837,0.08332702829310837,0.08333890412190194,0.0833155355555662,0.08332702829310837,0.08334886985794418
DE913,0.0827898311739482,0.08391744815145857,0.08332702829310837,0.08333363400319485,0.08332063567044404,0.08332702829310837,0.08332702829310837,0.08332702829310837,0.08333890412190194,0.0833155355555662,0.08332702829310837,0.08334886985794417
DE914,0.08278983117394821,0.08391744815145859,0.08332702829310837,0.08333363400319485,0.08332063567044405,0.08332702829310837,0.08332702829310838,0.08332702829310837,0.08333890412190194,0.0833155355555662,0.08332702829310837,0.0833488698579442
DE91C,0.0827898311739482,0.0839174481514586,0.08332702829310838,0.08333363400319486,0.08332063567044404,0.08332702829310837,0.08332702829310837,0.08332702829310838,0.08333890412190195,0.0833155355555662,0.08332702829310837,0.08334886985794418
DE916,0.08278983117394821,0.0839174481514586,0.08332702829310837,0.08333363400319485,0.08332063567044405,0.08332702829310838,0.08332702829310837,0.08332702829310837,0.08333890412190195,0.08331553555556621,0.08332702829310838,0.08334886985794418
DE917,0.08278983117394821,0.0839174481514586,0.0833270282931084,0.08333363400319488,0.08332063567044405,0.08332702829310838,0.0833270282931084,0.0833270282931084,0.08333890412190197,0.08331553555556621,0.08332702829310838,0.0833488698579442
DE918,0.08278983117394821,0.0839174481514586,0.08332702829310837,0.08333363400319485,0.08332063567044404,0.0833270282931084,0.08332702829310837,0.08332702829310837,0.08333890412190197,0.08331553555556621,0.0833270282931084,0.08334886985794418
DE91A,0.08278983117394823,0.08391744815145859,0.0833270282931084,0.08333363400319486,0.08332063567044404,0.08332702829310837,0.08332702829310837,0.0833270282931084,0.08333890412190195,0.0833155355555662,0.08332702829310837,0.08334886985794418
DE91B,0.08278983117394823,0.08391744815145857,0.08332702829310838,0.08333363400319485,0.08332063567044405,0.08332702829310838,0.08332702829310838,0.08332702829310838,0.08333890412190197,0.08331553555556621,0.08332702829310838,0.0833488698579442
DE929,0.08278983117394823,0.0839174481514586,0.08332702829310838,0.08333363400319486,0.08332063567044407,0.08332702829310838,0.08332702829310838,0.08332702829310838,0.08333890412190197,0.08331553555556623,0.08332702829310838,0.08334886985794421
DE922,0.08278983117394821,0.08391744815145859,0.08332702829310838,0.08333363400319485,0.08332063567044405,0.08332702829310838,0.08332702829310838,0.08332702829310838,0.08333890412190195,0.0833155355555662,0.08332702829310838,0.08334886985794418
DE923,0.08278983117394823,0.0839174481514586,0.0833270282931084,0.08333363400319486,0.08332063567044407,0.0833270282931084,0.08332702829310838,0.0833270282931084,0.08333890412190197,0.08331553555556621,0.0833270282931084,0.0833488698579442
DE925,0.08278983117394821,0.08391744815145859,0.08332702829310838,0.08333363400319486,0.08332063567044402,0.08332702829310837,0.08332702829310838,0.08332702829310838,0.08333890412190195,0.08331553555556621,0.08332702829310837,0.08334886985794418
DE926,0.0827898311739482,0.08391744815145857,0.08332702829310838,0.08333363400319484,0.08332063567044405,0.08332702829310838,0.08332702829310838,0.08332702829310838,0.08333890412190194,0.0833155355555662,0.08332702829310838,0.08334886985794417
DE927,0.0827898311739482,0.08391744815145857,0.08332702829310837,0.08333363400319485,0.08332063567044404,0.08332702829310837,0.08332702829310835,0.08332702829310837,0.08333890412190195,0.0833155355555662,0.08332702829310837,0.08334886985794417
DE928,0.08278983117394824,0.0839174481514586,0.08332702829310838,0.08333363400319486,0.08332063567044408,0.0833270282931084,0.08332702829310838,0.08332702829310838,0.08333890412190197,0.08331553555556621,0.0833270282931084,0.08334886985794421
DE931,0.08278983117394823,0.0839174481514586,0.0833270282931084,0.08333363400319486,0.08332063567044407,0.08332702829310838,0.0833270282931084,0.0833270282931084,0.08333890412190195,0.08331553555556621,0.08332702829310838,0.08334886985794418
DE932,0.08278983117394821,0.0839174481514586,0.08332702829310838,0.08333363400319485,0.08332063567044402,0.08332702829310838,0.08332702829310837,0.08332702829310837,0.08333890412190195,0.0833155355555662,0.08332702829310838,0.08334886985794418
DE933,0.08278983117394824,0.0839174481514586,0.08332702829310841,0.08333363400319486,0.08332063567044407,0.0833270282931084,0.08332702829310841,0.08332702829310841,0.08333890412190198,0.08331553555556623,0.08332702829310838,0.08334886985794421
DE934,0.08278983117394823,0.08391744815145859,0.08332702829310838,0.08333363400319488,0.08332063567044407,0.0833270282931084,0.08332702829310838,0.08332702829310838,0.08333890412190197,0.08331553555556621,0.0833270282931084,0.0833488698579442
DE935,0.08278983117394823,0.08391744815145862,0.08332702829310841,0.08333363400319488,0.08332063567044407,0.08332702829310841,0.08332702829310841,0.08332702829310841,0.08333890412190198,0.08331553555556623,0.0833270282931084,0.08334886985794421
DE936,0.08278983117394823,0.08391744815145859,0.0833270282931084,0.08333363400319486,0.08332063567044405,0.08332702829310837,0.08332702829310838,0.08332702829310838,0.08333890412190197,0.08331553555556623,0.08332702829310837,0.0833488698579442
DE937,0.08278983117394821,0.08391744815145859,0.08332702829310838,0.08333363400319486,0.08332063567044407,0.0833270282931084,0.08332702829310838,0.08332702829310838,0.08333890412190197,0.08331553555556621,0.0833270282931084,0.08334886985794421
DE938,0.08278983117394821,0.08391744815145859,0.08332702829310837,0.08333363400319485,0.08332063567044405,0.08332702829310837,0.08332702829310837,0.08332702829310837,0.08333890412190195,0.0833155355555662,0.08332702829310837,0.0833488698579442
DE939,0.08278983117394823,0.0839174481514586,0.08332702829310838,0.08333363400319488,0.08332063567044407,0.08332702829310838,0.08332702829310838,0.0833270282931084,0.08333890412190197,0.08331553555556621,0.08332702829310838,0.0833488698579442
DE93A,0.08278983117394821,0.08391744815145859,0.08332702829310838,0.08333363400319486,0.08332063567044405,0.08332702829310837,0.08332702829310838,0.08332702829310838,0.08333890412190195,0.0833155355555662,0.08332702829310837,0.0833488698579442
DE93B,0.08278983117394823,0.08391744815145862,0.08332702829310838,0.08333363400319488,0.08332063567044407,0.0833270282931084,0.08332702829310838,0.08332702829310838,0.08333890412190197,0.08331553555556621,0.0833270282931084,0.08334886985794421
DE941,0.08278983117394821,0.08391744815145859,0.08332702829310837,0.08333363400319485,0.08332063567044404,0.08332702829310837,0.08332702829310838,0.08332702829310837,0.08333890412190194,0.0833155355555662,0.08332702829310837,0.0833488698579442
DE942,0.0827898311739482,0.08391744815145859,0.08332702829310837,0.08333363400319485,0.08332063567044405,0.08332702829310838,0.08332702829310837,0.08332702829310837,0.08333890412190195,0.0833155355555662,0.08332702829310838,0.08334886985794418
DE943,0.08278983117394823,0.08391744815145859,0.08332702829310837,0.08333363400319486,0.08332063567044405,0.08332702829310838,0.08332702829310837,0.08332702829310837,0.08333890412190197,0.0833155355555662,0.08332702829310837,0.0833488698579442
DE944,0.08278983117394821,0.0839174481514586,0.0833270282931084,0.08333363400319486,0.08332063567044405,0.08332702829310838,0.0833270282931084,0.08332702829310838,0.08333890412190197,0.08331553555556621,0.08332702829310838,0.08334886985794421
DE945,0.08278983117394823,0.0839174481514586,0.0833270282931084,0.08333363400319488,0.08332063567044405,0.08332702829310838,0.0833270282931084,0.0833270282931084,0.08333890412190195,0.08331553555556621,0.0833270282931084,0.0833488698579442
DE946,0.08278983117394821,0.0839174481514586,0.08332702829310838,0.08333363400319486,0.08332063567044405,0.08332702829310838,0.08332702829310838,0.08332702829310838,0.08333890412190197,0.08331553555556621,0.08332702829310838,0.0833488698579442
DE947,0.08278983117394821,0.08391744815145857,0.08332702829310837,0.08333363400319484,0.08332063567044405,0.08332702829310837,0.08332702829310837,0.08332702829310837,0.08333890412190194,0.08331553555556621,0.08332702829310838,0.0833488698579442
DE948,0.0827898311739482,0.08391744815145862,0.08332702829310838,0.08333363400319486,0.08332063567044404,0.08332702829310838,0.0833270282931084,0.08332702829310838,0.08333890412190197,0.08331553555556621,0.08332702829310838,0.0833488698579442
DE949,0.08278983117394823,0.0839174481514586,0.0833270282931084,0.08333363400319486,0.08332063567044405,0.0833270282931084,0.0833270282931084,0.0833270282931084,0.08333890412190198,0.08331553555556621,0.0833270282931084,0.08334886985794421
DE94A,0.08278983117394821,0.08391744815145859,0.08332702829310837,0.08333363400319484,0.08332063567044404,0.08332702829310837,0.08332702829310838,0.08332702829310838,0.08333890412190195,0.0833155355555662,0.08332702829310837,0.08334886985794418
DE94B,0.08278983117394821,0.08391744815145859,0.08332702829310838,0.08333363400319485,0.08332063567044404,0.08332702829310837,0.08332702829310838,0.08332702829310838,0.08333890412190195,0.0833155355555662,0.08332702829310837,0.08334886985794421
DE94C,0.08278983117394823,0.08391744815145859,0.08332702829310838,0.08333363400319486,0.08332063567044407,0.08332702829310838,0.08332702829310838,0.08332702829310838,0.08333890412190197,0.08331553555556623,0.08332702829310838,0.0833488698579442
DE94D,0.08278983117394821,0.08391744815145859,0.08332702829310837,0.08333363400319484,0.08332063567044405,0.08332702829310838,0.08332702829310837,0.08332702829310838,0.08333890412190195,0.08331553555556621,0.08332702829310838,0.08334886985794418
DE94E,0.08278983117394823,0.0839174481514586,0.08332702829310838,0.08333363400319488,0.08332063567044407,0.08332702829310838,0.0833270282931084,0.08332702829310838,0.08333890412190197,0.08331553555556621,0.08332702829310838,0.0833488698579442
DE94F,0.08278983117394823,0.0839174481514586,0.08332702829310838,0.08333363400319486,0.08332063567044405,0.08332702829310841,0.08332702829310838,0.08332702829310838,0.08333890412190198,0.08331553555556623,0.08332702829310841,0.08334886985794418
DE94G,0.08278983117394823,0.0839174481514586,0.0833270282931084,0.08333363400319486,0.08332063567044404,0.08332702829310838,0.0833270282931084,0.0833270282931084,0.08333890412190195,0.08331553555556621,0.08332702829310838,0.08334886985794418
DE94H,0.08278983117394823,0.08391744815145859,0.08332702829310838,0.08333363400319485,0.08332063567044405,0.08332702829310837,0.08332702829310838,0.08332702829310838,0.08333890412190195,0.08331553555556621,0.08332702829310837,0.08334886985794418
DE501,0.08278983117394821,0.0839174481514586,0.08332702829310837,0.08333363400319486,0.08332063567044405,0.08332702829310837,0.08332702829310838,0.08332702829310838,0.08333890412190194,0.08331553555556621,0.08332702829310838,0.0833488698579442
DE502,0.08278983117394823,0.0839174481514586,0.08332702829310838,0.08333363400319488,0.08332063567044405,0.08332702829310837,0.08332702829310838,0.08332702829310838,0.08333890412190197,0.08331553555556621,0.08332702829310837,0.0833488698579442
DEA11,0.08278983117394823,0.0839174481514586,0.0833270282931084,0.08333363400319485,0.08332063567044404,0.0833270282931084,0.08332702829310837,0.0833270282931084,0.08333890412190195,0.0833155355555662,0.0833270282931084,0.0833488698579442
DEA12,0.08278983117394823,0.08391744815145859,0.08332702829310838,0.08333363400319485,0.08332063567044405,0.0833270282931084,0.08332702829310838,0.08332702829310838,0.08333890412190195,0.08331553555556621,0.0833270282931084,0.08334886985794418
DEA13,0.0827898311739482,0.0839174481514586,0.08332702829310837,0.08333363400319485,0.08332063567044404,0.08332702829310837,0.08332702829310838,0.08332702829310838,0.08333890412190195,0.0833155355555662,0.08332702829310837,0.08334886985794418
DEA14,0.08278983117394821,0.0839174481514586,0.08332702829310837,0.08333363400319484,0.08332063567044405,0.08332702829310837,0.08332702829310837,0.08332702829310837,0.08333890412190194,0.08331553555556621,0.08332702829310837,0.0833488698579442
DEA15,0.08278983117394823,0.0839174481514586,0.08332702829310837,0.08333363400319485,0.08332063567044404,0.08332702829310837,0.08332702829310837,0.0833270282931084,0.08333890412190197,0.08331553555556621,0.08332702829310837,0.0833488698579442
DEA16,0.08278983117394821,0.08391744815145859,0.08332702829310837,0.08333363400319485,0.08332063567044404,0.08332702829310837,0.08332702829310838,0.08332702829310837,0.08333890412190195,0.0833155355555662,0.08332702829310837,0.0833488698579442
DEA17,0.08278983117394821,0.08391744815145859,0.08332702829310838,0.08333363400319486,0.08332063567044405,0.08332702829310837,0.0833270282931084,0.08332702829310838,0.08333890412190197,0.0833155355555662,0.08332702829310837,0.0833488698579442
DEA18,0.0827898311739482,0.08391744815145857,0.08332702829310837,0.08333363400319484,0.08332063567044402,0.08332702829310838,0.08332702829310837,0.08332702829310837,0.08333890412190194,0.0833155355555662,0.08332702829310838,0.0833488698579442
DEA19,0.08278983117394823,0.08391744815145862,0.08332702829310838,0.08333363400319485,0.08332063567044405,0.08332702829310838,0.08332702829310838,0.08332702829310838,0.08333890412190197,0.0833155355555662,0.08332702829310838,0.08334886985794418
DEA1A,0.08278983117394821,0.08391744815145862,0.0833270282931084,0.08333363400319486,0.08332063567044405,0.0833270282931084,0.0833270282931084,0.0833270282931084,0.08333890412190198,0.08331553555556621,0.0833270282931084,0.08334886985794421
DEA1B,0.08278983117394821,0.0839174481514586,0.0833270282931084,0.08333363400319485,0.08332063567044405,0.08332702829310838,0.0833270282931084,0.08332702829310838,0.08333890412190195,0.08331553555556621,0.08332702829310838,0.0833488698579442
DEA1C,0.08278983117394823,0.08391744815145862,0.0833270282931084,0.08333363400319488,0.08332063567044405,0.08332702829310838,0.0833270282931084,0.0833270282931084,0.08333890412190197,0.08331553555556621,0.08332702829310841,0.08334886985794421
DEA1D,0.0827898311739482,0.08391744815145859,0.08332702829310838,0.08333363400319485,0.08332063567044404,0.08332702829310838,0.08332702829310838,0.08332702829310838,0.08333890412190195,0.0833155355555662,0.08332702829310838,0.08334886985794418
DEA1E,0.08278983117394821,0.08391744815145859,0.08332702829310837,0.08333363400319486,0.08332063567044405,0.08332702829310838,0.08332702829310837,0.08332702829310837,0.08333890412190195,0.08331553555556621,0.08332702829310837,0.08334886985794418
DEA1F,0.08278983117394821,0.08391744815145859,0.08332702829310838,0.08333363400319486,0.08332063567044407,0.0833270282931084,0.08332702829310838,0.08332702829310838,0.08333890412190197,0.08331553555556621,0.0833270282931084,0.0833488698579442
DEA22,0.08278983117394823,0.0839174481514586,0.08332702829310838,0.08333363400319486,0.08332063567044407,0.0833270282931084,0.08332702829310838,0.08332702829310838,0.08333890412190198,0.08331553555556621,0.0833270282931084,0.08334886985794421
DEA23,0.08278983117394823,0.0839174481514586,0.08332702829310838,0.08333363400319486,0.08332063567044405,0.0833270282931084,0.08332702829310838,0.0833270282931084,0.08333890412190197,0.08331553555556621,0.0833270282931084,0.08334886985794421
DEA24,0.08278983117394821,0.08391744815145859,0.0833270282931084,0.08333363400319485,0.08332063567044405,0.08332702829310837,0.0833270282931084,0.0833270282931084,0.08333890412190195,0.08331553555556621,0.0833270282931084,0.08334886985794418
DEA2D,0.08278983117394821,0.08391744815145859,0.08332702829310838,0.08333363400319485,0.08332063567044405,0.0833270282931084,0.08332702829310838,0.08332702829310838,0.08333890412190197,0.08331553555556621,0.0833270282931084,0.08334886985794418
DEA26,0.08278983117394823,0.08391744815145862,0.0833270282931084,0.08333363400319486,0.08332063567044407,0.08332702829310838,0.0833270282931084,0.08332702829310838,0.08333890412190197,0.08331553555556623,0.08332702829310838,0.0833488698579442
DEA27,0.08278983117394821,0.08391744815145859,0.08332702829310838,0.08333363400319485,0.08332063567044402,0.08332702829310837,0.08332702829310838,0.08332702829310838,0.08333890412190194,0.08331553555556619,0.08332702829310837,0.08334886985794418
DEA28,0.08278983117394818,0.08391744815145857,0.08332702829310838,0.08333363400319485,0.08332063567044404,0.08332702829310838,0.08332702829310838,0.08332702829310838,0.08333890412190197,0.0833155355555662,0.08332702829310838,0.08334886985794417
DEA29,0.08278983117394823,0.0839174481514586,0.08332702829310838,0.08333363400319486,0.08332063567044407,0.08332702829310838,0.08332702829310838,0.08332702829310838,0.08333890412190197,0.08331553555556621,0.08332702829310838,0.0833488698579442
DEA2A,0.08278983117394821,0.08391744815145859,0.0833270282931084,0.08333363400319486,0.08332063567044407,0.0833270282931084,0.0833270282931084,0.08332702829310838,0.08333890412190197,0.08331553555556621,0.08332702829310838,0.0833488698579442
DEA2B,0.08278983117394823,0.08391744815145862,0.08332702829310838,0.08333363400319486,0.08332063567044408,0.0833270282931084,0.08332702829310838,0.0833270282931084,0.08333890412190197,0.08331553555556621,0.08332702829310838,0.08334886985794421
DEA2C,0.08278983117394821,0.08391744815145857,0.08332702829310835,0.08333363400319485,0.08332063567044404,0.08332702829310835,0.08332702829310835,0.08332702829310835,0.08333890412190194,0.0833155355555662,0.08332702829310835,0.08334886985794418
DEA31,0.08278983117394823,0.08391744815145859,0.08332702829310838,0.08333363400319486,0.08332063567044405,0.08332702829310837,0.08332702829310838,0.08332702829310838,0.08333890412190195,0.08331553555556621,0.08332702829310837,0.0833488698579442
DEA32,0.0827898311739482,0.0839174481514586,0.08332702829310837,0.08333363400319485,0.08332063567044405,0.08332702829310837,0.08332702829310837,0.08332702829310837,0.08333890412190197,0.0833155355555662,0.0833270282931084,0.0833488698579442
DEA33,0.08278983117394821,0.0839174481514586,0.08332702829310838,0.08333363400319486,0.08332063567044407,0.08332702829310838,0.0833270282931084,0.0833270282931084,0.08333890412190197,0.08331553555556621,0.08332702829310838,0.0833488698579442
DEA34,0.08278983117394823,0.08391744815145859,0.0833270282931084,0.08333363400319488,0.08332063567044405,0.0833270282931084,0.0833270282931084,0.0833270282931084,0.08333890412190197,0.08331553555556621,0.08332702829310838,0.08334886985794421
DEA35,0.08278983117394823,0.08391744815145859,0.08332702829310838,0.08333363400319488,0.08332063567044405,0.08332702829310838,0.08332702829310838,0.08332702829310838,0.08333890412190195,0.08331553555556623,0.08332702829310838,0.08334886985794421
DEA36,0.08278983117394821,0.08391744815145859,0.08332702829310837,0.08333363400319485,0.08332063567044404,0.08332702829310837,0.08332702829310837,0.08332702829310837,0.08333890412190195,0.08331553555556621,0.08332702829310837,0.0833488698579442
DEA37,0.08278983117394824,0.0839174481514586,0.0833270282931084,0.08333363400319486,0.08332063567044407,0.0833270282931084,0.0833270282931084,0.0833270282931084,0.08333890412190197,0.08331553555556624,0.0833270282931084,0.0833488698579442
DEA38,0.08278983117394821,0.0839174481514586,0.08332702829310837,0.08333363400319484,0.08332063567044404,0.08332702829310837,0.08332702829310837,0.08332702829310837,0.08333890412190194,0.08331553555556619,0.08332702829310837,0.0833488698579442
DEA41,0.08278983117394823,0.0839174481514586,0.0833270282931084,0.08333363400319488,0.08332063567044407,0.08332702829310838,0.0833270282931084,0.0833270282931084,0.08333890412190195,0.08331553555556621,0.08332702829310838,0.0833488698579442
DEA42,0.08278983117394821,0.08391744815145857,0.0833270282931084,0.08333363400319486,0.08332063567044404,0.08332702829310838,0.0833270282931084,0.0833270282931084,0.08333890412190195,0.0833155355555662,0.08332702829310838,0.08334886985794418
DEA43,0.08278983117394821,0.08391744815145857,0.08332702829310837,0.08333363400319485,0.08332063567044405,0.08332702829310838,0.08332702829310837,0.08332702829310837,0.08333890412190197,0.08331553555556621,0.08332702829310838,0.0833488698579442
DEA44,0.0827898311739482,0.0839174481514586,0.08332702829310838,0.08333363400319484,0.08332063567044404,0.08332702829310837,0.08332702829310837,0.08332702829310838,0.08333890412190194,0.08331553555556619,0.08332702829310837,0.0833488698579442
DEA45,0.08278983117394821,0.0839174481514586,0.08332702829310837,0.08333363400319488,0.08332063567044404,0.08332702829310838,0.08332702829310838,0.08332702829310837,0.08333890412190195,0.0833155355555662,0.08332702829310838,0.0833488698579442
DEA46,0.08278983117394823,0.08391744815145859,0.08332702829310838,0.08333363400319485,0.08332063567044407,0.0833270282931084,0.08332702829310838,0.08332702829310838,0.08333890412190195,0.08331553555556621,0.0833270282931084,0.0833488698579442
DEA47,0.08278983117394823,0.0839174481514586,0.08332702829310838,0.08333363400319485,0.08332063567044405,0.08332702829310838,0.08332702829310835,0.0833270282931084,0.08333890412190195,0.08331553555556621,0.08332702829310838,0.08334886985794418
DEA51,0.08278983117394821,0.08391744815145857,0.08332702829310837,0.08333363400319486,0.08332063567044407,0.0833270282931084,0.08332702829310837,0.08332702829310838,0.08333890412190197,0.0833155355555662,0.0833270282931084,0.0833488698579442
DEA52,0.08278983117394821,0.08391744815145859,0.08332702829310838,0.08333363400319485,0.08332063567044404,0.08332702829310837,0.08332702829310838,0.08332702829310838,0.08333890412190195,0.08331553555556619,0.08332702829310837,0.0833488698579442
DEA53,0.08278983117394821,0.08391744815145859,0.08332702829310837,0.08333363400319485,0.08332063567044404,0.08332702829310835,0.08332702829310837,0.08332702829310837,0.08333890412190195,0.08331553555556621,0.08332702829310835,0.08334886985794418
DEA54,0.08278983117394818,0.08391744815145856,0.08332702829310835,0.08333363400319484,0.08332063567044402,0.08332702829310837,0.08332702829310837,0.08332702829310835,0.08333890412190194,0.08331553555556619,0.08332702829310837,0.08334886985794417
DEA55,0.08278983117394821,0.0839174481514586,0.0833270282931084,0.08333363400319486,0.08332063567044405,0.08332702829310838,0.08332702829310838,0.08332702829310838,0.08333890412190197,0.08331553555556621,0.08332702829310838,0.0833488698579442
DEA56,0.08278983117394823,0.08391744815145859,0.08332702829310838,0.08333363400319486,0.08332063567044405,0.08332702829310838,0.0833270282931084,0.08332702829310838,0.08333890412190197,0.08331553555556621,0.08332702829310838,0.0833488698579442
DEA57,0.08278983117394821,0.08391744815145859,0.08332702829310838,0.08333363400319485,0.08332063567044404,0.08332702829310838,0.08332702829310838,0.08332702829310838,0.08333890412190195,0.0833155355555662,0.08332702829310838,0.0833488698579442
DEA58,0.08278983117394824,0.0839174481514586,0.0833270282931084,0.08333363400319488,0.08332063567044408,0.0833270282931084,0.0833270282931084,0.0833270282931084,0.08333890412190198,0.08331553555556624,0.0833270282931084,0.08334886985794421
DEA59,0.08278983117394823,0.0839174481514586,0.08332702829310838,0.08333363400319488,0.08332063567044405,0.08332702829310838,0.08332702829310841,0.08332702829310838,0.08333890412190197,0.08331553555556623,0.08332702829310838,0.08334886985794421
DEA5A,0.08278983117394821,0.0839174481514586,0.08332702829310837,0.08333363400319485,0.08332063567044405,0.08332702829310838,0.08332702829310838,0.08332702829310838,0.08333890412190197,0.08331553555556621,0.08332702829310838,0.0833488698579442
DEA5B,0.08278983117394821,0.08391744815145859,0.08332702829310838,0.08333363400319485,0.08332063567044402,0.08332702829310837,0.08332702829310838,0.08332702829310838,0.08333890412190195,0.0833155355555662,0.08332702829310837,0.08334886985794418
DEA5C,0.0827898311739482,0.08391744815145859,0.08332702829310838,0.08333363400319485,0.08332063567044404,0.08332702829310837,0.08332702829310838,0.08332702829310838,0.08333890412190194,0.08331553555556619,0.08332702829310837,0.08334886985794417
DE711,0.08278983117394823,0.08391744815145857,0.08332702829310837,0.08333363400319485,0.08332063567044405,0.08332702829310837,0.08332702829310837,0.08332702829310837,0.08333890412190195,0.08331553555556621,0.08332702829310837,0.08334886985794418
DE712,0.08278983117394824,0.08391744815145862,0.08332702829310841,0.08333363400319488,0.08332063567044407,0.0833270282931084,0.0833270282931084,0.0833270282931084,0.08333890412190198,0.08331553555556624,0.0833270282931084,0.08334886985794422
DE713,0.0827898311739482,0.08391744815145859,0.08332702829310837,0.08333363400319485,0.08332063567044405,0.08332702829310837,0.08332702829310837,0.08332702829310837,0.08333890412190194,0.0833155355555662,0.08332702829310837,0.08334886985794418
DE714,0.08278983117394821,0.08391744815145859,0.0833270282931084,0.08333363400319486,0.08332063567044405,0.08332702829310838,0.0833270282931084,0.0833270282931084,0.08333890412190197,0.0833155355555662,0.0833270282931084,0.08334886985794421
DE715,0.08278983117394823,0.0839174481514586,0.08332702829310838,0.08333363400319485,0.08332063567044404,0.08332702829310838,0.08332702829310838,0.08332702829310838,0.08333890412190197,0.08331553555556621,0.08332702829310838,0.0833488698579442
DE716,0.08278983117394821,0.0839174481514586,0.08332702829310837,0.08333363400319485,0.08332063567044404,0.0833270282931084,0.08332702829310837,0.08332702829310837,0.08333890412190195,0.08331553555556621,0.0833270282931084,0.0833488698579442
DE717,0.08278983117394823,0.08391744815145862,0.08332702829310838,0.08333363400319486,0.08332063567044405,0.08332702829310838,0.08332702829310838,0.08332702829310838,0.08333890412190195,0.0833155355555662,0.08332702829310838,0.0833488698579442
DE718,0.08278983117394823,0.08391744815145859,0.08332702829310837,0.08333363400319485,0.08332063567044405,0.08332702829310838,0.08332702829310837,0.08332702829310837,0.08333890412190197,0.0833155355555662,0.08332702829310838,0.08334886985794421
DE719,0.08278983117394824,0.0839174481514586,0.08332702829310838,0.08333363400319486,0.08332063567044407,0.08332702829310838,0.08332702829310838,0.08332702829310838,0.08333890412190197,0.08331553555556623,0.08332702829310838,0.08334886985794421
DE71A,0.08278983117394823,0.0839174481514586,0.08332702829310838,0.08333363400319486,0.08332063567044405,0.08332702829310838,0.08332702829310838,0.08332702829310838,0.08333890412190197,0.0833155355555662,0.08332702829310838,0.0833488698579442
DE71B,0.08278983117394824,0.0839174481514586,0.08332702829310838,0.08333363400319488,0.08332063567044405,0.0833270282931084,0.08332702829310838,0.08332702829310838,0.08333890412190197,0.08331553555556621,0.0833270282931084,0.0833488698579442
DE71C,0.08278983117394823,0.08391744815145859,0.08332702829310838,0.08333363400319485,0.08332063567044405,0.08332702829310838,0.08332702829310838,0.08332702829310838,0.08333890412190195,0.08331553555556621,0.08332702829310838,0.0833488698579442
DE71D,0.08278983117394823,0.0839174481514586,0.08332702829310838,0.08333363400319485,0.08332063567044407,0.08332702829310838,0.08332702829310838,0.08332702829310838,0.08333890412190195,0.08331553555556624,0.08332702829310838,0.08334886985794418
DE71E,0.08278983117394823,0.08391744815145862,0.0833270282931084,0.08333363400319486,0.08332063567044407,0.08332702829310841,0.0833270282931084,0.0833270282931084,0.08333890412190198,0.08331553555556623,0.08332702829310841,0.0833488698579442
DE721,0.08278983117394823,0.08391744815145862,0.08332702829310838,0.08333363400319485,0.08332063567044405,0.0833270282931084,0.0833270282931084,0.0833270282931084,0.08333890412190197,0.08331553555556621,0.0833270282931084,0.0833488698579442
DE722,0.0827898311739482,0.08391744815145857,0.08332702829310838,0.08333363400319485,0.08332063567044404,0.08332702829310837,0.08332702829310838,0.08332702829310838,0.08333890412190195,0.08331553555556619,0.08332702829310837,0.08334886985794418
DE723,0.08278983117394821,0.08391744815145862,0.08332702829310838,0.08333363400319486,0.08332063567044405,0.08332702829310838,0.08332702829310838,0.08332702829310838,0.08333890412190197,0.08331553555556621,0.08332702829310838,0.0833488698579442
DE724,0.08278983117394818,0.08391744815145857,0.08332702829310835,0.08333363400319482,0.08332063567044404,0.08332702829310835,0.08332702829310835,0.08332702829310835,0.08333890412190194,0.08331553555556619,0.08332702829310835,0.08334886985794417
DE725,0.0827898311739482,0.08391744815145859,0.08332702829310837,0.08333363400319486,0.08332063567044405,0.08332702829310838,0.08332702829310837,0.08332702829310837,0.08333890412190195,0.0833155355555662,0.08332702829310838,0.0833488698579442
DE731,0.08278983117394821,0.08391744815145857,0.08332702829310838,0.08333363400319484,0.08332063567044404,0.0833270282931084,0.08332702829310838,0.08332702829310838,0.08333890412190192,0.08331553555556621,0.0833270282931084,0.08334886985794418
DE732,0.0827898311739482,0.08391744815145859,0.08332702829310835,0.08333363400319484,0.08332063567044402,0.08332702829310835,0.08332702829310837,0.08332702829310835,0.08333890412190194,0.08331553555556619,0.08332702829310837,0.08334886985794418
DE733,0.08278983117394821,0.08391744815145857,0.08332702829310838,0.08333363400319485,0.08332063567044404,0.08332702829310838,0.08332702829310838,0.08332702829310838,0.08333890412190195,0.0833155355555662,0.08332702829310838,0.0833488698579442
DE734,0.08278983117394823,0.08391744815145859,0.08332702829310838,0.08333363400319485,0.08332063567044405,0.08332702829310838,0.08332702829310838,0.08332702829310838,0.08333890412190195,0.08331553555556621,0.08332702829310838,0.0833488698579442
DE735,0.08278983117394821,0.0839174481514586,0.08332702829310838,0.08333363400319486,0.08332063567044405,0.08332702829310838,0.0833270282931084,0.08332702829310838,0.08333890412190195,0.08331553555556621,0.08332702829310838,0.0833488698579442
DE736,0.08278983117394821,0.0839174481514586,0.08332702829310837,0.08333363400319485,0.08332063567044404,0.08332702829310837,0.08332702829310837,0.08332702829310837,0.08333890412190195,0.0833155355555662,0.08332702829310837,0.08334886985794418
DE737,0.08278983117394821,0.08391744815145859,0.08332702829310837,0.08333363400319485,0.08332063567044402,0.08332702829310838,0.08332702829310838,0.08332702829310837,0.08333890412190195,0.0833155355555662,0.08332702829310838,0.08334886985794418
DEB11,0.08278983117394821,0.08391744815145857,0.08332702829310838,0.08333363400319486,0.08332063567044404,0.08332702829310837,0.08332702829310838,0.08332702829310838,0.08333890412190197,0.08331553555556621,0.08332702829310837,0.0833488698579442
DEB12,0.08278983117394821,0.08391744815145859,0.08332702829310838,0.08333363400319485,0.08332063567044405,0.08332702829310838,0.0833270282931084,0.08332702829310838,0.08333890412190195,0.08331553555556621,0.08332702829310838,0.0833488698579442
DEB13,0.08278983117394821,0.08391744815145859,0.0833270282931084,0.08333363400319486,0.08332063567044405,0.08332702829310838,0.0833270282931084,0.0833270282931084,0.08333890412190197,0.08331553555556623,0.08332702829310838,0.0833488698579442
DEB14,0.08278983117394823,0.0839174481514586,0.08332702829310838,0.08333363400319486,0.08332063567044405,0.08332702829310838,0.08332702829310838,0.08332702829310838,0.08333890412190197,0.08331553555556623,0.08332702829310838,0.08334886985794418
DEB15,0.08278983117394821,0.08391744815145859,0.08332702829310838,0.08333363400319486,0.08332063567044407,0.08332702829310838,0.0833270282931084,0.0833270282931084,0.08333890412190198,0.0833155355555662,0.08332702829310838,0.08334886985794421
DEB16,0.08278983117394823,0.08391744815145859,0.08332702829310838,0.08333363400319486,0.08332063567044405,0.0833270282931084,0.0833270282931084,0.08332702829310838,0.08333890412190195,0.08331553555556623,0.08332702829310838,0.0833488698579442
DEB17,0.08278983117394823,0.08391744815145859,0.08332702829310837,0.08333363400319485,0.08332063567044405,0.08332702829310837,0.0833270282931084,0.08332702829310837,0.08333890412190195,0.08331553555556621,0.08332702829310837,0.08334886985794418
DEB18,0.0827898311739482,0.08391744815145859,0.08332702829310837,0.08333363400319484,0.08332063567044404,0.08332702829310838,0.08332702829310837,0.08332702829310837,0.08333890412190194,0.08331553555556619,0.08332702829310838,0.08334886985794418
DEB19,0.08278983117394821,0.08391744815145859,0.08332702829310837,0.08333363400319484,0.08332063567044404,0.08332702829310838,0.08332702829310837,0.08332702829310838,0.08333890412190195,0.08331553555556621,0.08332702829310838,0.0833488698579442
DEB1A,0.0827898311739482,0.08391744815145859,0.08332702829310838,0.08333363400319485,0.08332063567044405,0.08332702829310837,0.0833270282931084,0.08332702829310838,0.08333890412190195,0.0833155355555662,0.08332702829310837,0.0833488698579442
DEB1B,0.08278983117394823,0.08391744815145862,0.0833270282931084,0.08333363400319486,0.08332063567044405,0.0833270282931084,0.0833270282931084,0.0833270282931084,0.08333890412190198,0.08331553555556623,0.0833270282931084,0.0833488698579442
DEB21,0.08278983117394823,0.0839174481514586,0.0833270282931084,0.08333363400319486,0.08332063567044405,0.08332702829310838,0.08332702829310838,0.0833270282931084,0.08333890412190195,0.08331553555556623,0.08332702829310838,0.0833488698579442
DEB22,0.08278983117394821,0.08391744815145859,0.08332702829310838,0.08333363400319486,0.08332063567044405,0.08332702829310837,0.0833270282931084,0.08332702829310838,0.08333890412190195,0.08331553555556621,0.08332702829310837,0.0833488698579442
DEB23,0.08278983117394823,0.08391744815145859,0.0833270282931084,0.08333363400319485,0.08332063567044404,0.08332702829310838,0.08332702829310838,0.08332702829310838,0.08333890412190195,0.08331553555556621,0.08332702829310838,0.08334886985794418
DEB24,0.08278983117394823,0.08391744815145862,0.08332702829310838,0.08333363400319488,0.08332063567044407,0.08332702829310838,0.08332702829310838,0.08332702829310838,0.08333890412190198,0.08331553555556623,0.08332702829310838,0.08334886985794422
DEB25,0.0827898311739482,0.08391744815145859,0.08332702829310838,0.08333363400319486,0.08332063567044404,0.08332702829310837,0.08332702829310838,0.08332702829310838,0.08333890412190195,0.0833155355555662,0.08332702829310837,0.08334886985794418
DEB31,0.08278983117394821,0.08391744815145859,0.08332702829310838,0.08333363400319485,0.08332063567044405,0.08332702829310838,0.08332702829310838,0.08332702829310838,0.08333890412190195,0.08331553555556621,0.08332702829310838,0.08334886985794421
DEB32,0.0827898311739482,0.08391744815145859,0.08332702829310837,0.08333363400319485,0.08332063567044405,0.08332702829310837,0.08332702829310837,0.08332702829310837,0.08333890412190195,0.08331553555556619,0.08332702829310837,0.08334886985794418
DEB33,0.08278983117394823,0.08391744815145859,0.0833270282931084,0.08333363400319486,0.08332063567044405,0.0833270282931084,0.0833270282931084,0.0833270282931084,0.08333890412190197,0.08331553555556623,0.0833270282931084,0.0833488698579442
DEB34,0.08278983117394821,0.08391744815145859,0.08332702829310837,0.08333363400319484,0.08332063567044405,0.08332702829310838,0.08332702829310837,0.08332702829310837,0.08333890412190194,0.0833155355555662,0.08332702829310838,0.08334886985794418
DEB35,0.08278983117394823,0.08391744815145859,0.08332702829310838,0.08333363400319484,0.08332063567044405,0.0833270282931084,0.08332702829310838,0.08332702829310838,0.08333890412190197,0.08331553555556621,0.0833270282931084,0.08334886985794418
DEB36,0.08278983117394823,0.0839174481514586,0.0833270282931084,0.08333363400319486,0.08332063567044405,0.0833270282931084,0.0833270282931084,0.0833270282931084,0.08333890412190197,0.08331553555556621,0.0833270282931084,0.0833488698579442
DEB37,0.0827898311739482,0.08391744815145859,0.08332702829310835,0.08333363400319484,0.08332063567044404,0.08332702829310835,0.08332702829310835,0.08332702829310835,0.08333890412190194,0.0833155355555662,0.08332702829310835,0.08334886985794417
DEB38,0.08278983117394821,0.0839174481514586,0.08332702829310838,0.08333363400319485,0.08332063567044405,0.08332702829310838,0.08332702829310838,0.08332702829310838,0.08333890412190197,0.08331553555556621,0.08332702829310838,0.0833488698579442
DEB39,0.08278983117394821,0.0839174481514586,0.08332702829310838,0.08333363400319486,0.08332063567044404,0.08332702829310838,0.08332702829310838,0.08332702829310838,0.08333890412190197,0.0833155355555662,0.08332702829310838,0.0833488698579442
DEB3A,0.08278983117394821,0.08391744815145857,0.08332702829310837,0.08333363400319485,0.08332063567044404,0.08332702829310838,0.08332702829310837,0.08332702829310837,0.08333890412190197,0.08331553555556621,0.08332702829310838,0.0833488698579442
DEB3B,0.0827898311739482,0.08391744815145857,0.08332702829310837,0.08333363400319484,0.08332063567044405,0.08332702829310838,0.08332702829310837,0.08332702829310837,0.08333890412190195,0.0833155355555662,0.08332702829310838,0.08334886985794418
DEB3C,0.08278983117394823,0.08391744815145862,0.08332702829310838,0.08333363400319486,0.08332063567044405,0.08332702829310838,0.0833270282931084,0.08332702829310838,0.08333890412190195,0.08331553555556621,0.08332702829310838,0.0833488698579442
DEB3D,0.0827898311739482,0.08391744815145859,0.08332702829310837,0.08333363400319485,0.08332063567044402,0.08332702829310837,0.08332702829310837,0.08332702829310835,0.08333890412190195,0.0833155355555662,0.08332702829310837,0.08334886985794418
DEB3E,0.08278983117394823,0.0839174481514586,0.0833270282931084,0.08333363400319488,0.08332063567044407,0.0833270282931084,0.0833270282931084,0.0833270282931084,0.08333890412190198,0.08331553555556623,0.0833270282931084,0.08334886985794421
DEB3F,0.08278983117394823,0.08391744815145859,0.08332702829310838,0.08333363400319488,0.08332063567044407,0.08332702829310838,0.08332702829310838,0.08332702829310841,0.08333890412190195,0.08331553555556621,0.08332702829310838,0.0833488698579442
DEB3G,0.08278983117394823,0.0839174481514586,0.08332702829310838,0.08333363400319486,0.08332063567044405,0.08332702829310838,0.08332702829310838,0.0833270282931084,0.08333890412190197,0.08331553555556623,0.08332702829310838,0.0833488698579442
DEB3H,0.08278983117394823,0.0839174481514586,0.08332702829310838,0.08333363400319486,0.08332063567044407,0.08332702829310841,0.08332702829310838,0.08332702829310838,0.08333890412190197,0.08331553555556623,0.08332702829310841,0.0833488698579442
DEB3I,0.08278983117394823,0.0839174481514586,0.08332702829310838,0.08333363400319486,0.08332063567044404,0.08332702829310838,0.0833270282931084,0.08332702829310838,0.08333890412190195,0.08331553555556621,0.0833270282931084,0.0833488698579442
DEB3J,0.0827898311739482,0.08391744815145859,0.08332702829310837,0.08333363400319486,0.08332063567044405,0.08332702829310837,0.08332702829310837,0.0833270282931084,0.08333890412190197,0.08331553555556621,0.08332702829310835,0.0833488698579442
DEB3K,0.08278983117394823,0.0839174481514586,0.08332702829310838,0.08333363400319486,0.08332063567044405,0.0833270282931084,0.0833270282931084,0.08332702829310838,0.08333890412190197,0.08331553555556623,0.0833270282931084,0.0833488698579442
DE111,0.08278983117394824,0.08391744815145862,0.08332702829310841,0.08333363400319488,0.08332063567044407,0.08332702829310841,0.08332702829310841,0.08332702829310841,0.08333890412190198,0.08331553555556623,0.08332702829310841,0.08334886985794421
DE112,0.0827898311739482,0.0839174481514586,0.08332702829310838,0.08333363400319486,0.08332063567044405,0.08332702829310838,0.08332702829310838,0.08332702829310838,0.08333890412190195,0.08331553555556623,0.08332702829310838,0.0833488698579442
DE113,0.08278983117394823,0.08391744815145862,0.0833270282931084,0.08333363400319489,0.08332063567044407,0.0833270282931084,0.0833270282931084,0.0833270282931084,0.083338904121902,0.08331553555556623,0.0833270282931084,0.08334886985794422
DE114,0.08278983117394821,0.08391744815145859,0.08332702829310838,0.08333363400319486,0.08332063567044404,0.08332702829310838,0.08332702829310838,0.08332702829310838,0.08333890412190195,0.08331553555556621,0.08332702829310838,0.08334886985794418
DE115,0.0827898311739482,0.08391744815145859,0.08332702829310837,0.08333363400319484,0.08332063567044402,0.08332702829310837,0.08332702829310837,0.08332702829310837,0.08333890412190195,0.0833155355555662,0.08332702829310837,0.08334886985794417
DE116,0.08278983117394823,0.08391744815145859,0.0833270282931084,0.08333363400319486,0.08332063567044405,0.0833270282931084,0.0833270282931084,0.0833270282931084,0.08333890412190198,0.0833155355555662,0.0833270282931084,0.0833488698579442
DE117,0.08278983117394821,0.08391744815145857,0.08332702829310838,0.08333363400319485,0.08332063567044404,0.08332702829310837,0.08332702829310837,0.08332702829310838,0.08333890412190195,0.0833155355555662,0.08332702829310837,0.0833488698579442
DE118,0.08278983117394823,0.0839174481514586,0.0833270282931084,0.08333363400319488,0.08332063567044407,0.0833270282931084,0.0833270282931084,0.0833270282931084,0.08333890412190198,0.08331553555556623,0.0833270282931084,0.08334886985794422
DE119,0.08278983117394823,0.08391744815145862,0.08332702829310838,0.08333363400319485,0.08332063567044405,0.08332702829310838,0.08332702829310838,0.08332702829310838,0.08333890412190195,0.0833155355555662,0.08332702829310838,0.08334886985794421
DE11A,0.08278983117394823,0.0839174481514586,0.08332702829310838,0.08333363400319488,0.08332063567044407,0.0833270282931084,0.08332702829310838,0.08332702829310838,0.08333890412190198,0.08331553555556623,0.0833270282931084,0.08334886985794421
DE11B,0.08278983117394821,0.0839174481514586,0.0833270282931084,0.08333363400319486,0.08332063567044407,0.0833270282931084,0.0833270282931084,0.0833270282931084,0.08333890412190195,0.0833155355555662,0.0833270282931084,0.08334886985794418
DE11C,0.08278983117394823,0.0839174481514586,0.08332702829310838,0.08333363400319488,0.08332063567044407,0.08332702829310838,0.08332702829310838,0.08332702829310838,0.08333890412190197,0.08331553555556621,0.08332702829310838,0.08334886985794422
DE11D,0.08278983117394823,0.08391744815145862,0.08332702829310838,0.08333363400319486,0.08332063567044405,0.08332702829310838,0.08332702829310838,0.08332702829310838,0.08333890412190195,0.08331553555556621,0.08332702829310838,0.0833488698579442
DE121,0.08278983117394821,0.08391744815145862,0.08332702829310838,0.08333363400319486,0.08332063567044405,0.0833270282931084,0.08332702829310838,0.08332702829310838,0.08333890412190197,0.08331553555556621,0.0833270282931084,0.0833488698579442
DE122,0.08278983117394821,0.08391744815145859,0.08332702829310837,0.08333363400319485,0.08332063567044405,0.08332702829310837,0.08332702829310837,0.08332702829310837,0.08333890412190195,0.0833155355555662,0.08332702829310837,0.08334886985794418
DE123,0.08278983117394823,0.08391744815145859,0.0833270282931084,0.08333363400319488,0.08332063567044405,0.0833270282931084,0.0833270282931084,0.0833270282931084,0.08333890412190197,0.08331553555556624,0.0833270282931084,0.08334886985794421
DE124,0.08278983117394824,0.08391744815145863,0.0833270282931084,0.08333363400319488,0.08332063567044407,0.0833270282931084,0.0833270282931084,0.0833270282931084,0.08333890412190198,0.08331553555556623,0.0833270282931084,0.08334886985794421
DE125,0.08278983117394823,0.0839174481514586,0.0833270282931084,0.08333363400319485,0.08332063567044405,0.08332702829310837,0.0833270282931084,0.0833270282931084,0.08333890412190195,0.0833155355555662,0.08332702829310837,0.0833488698579442
DE126,0.08278983117394823,0.0839174481514586,0.08332702829310838,0.08333363400319486,0.08332063567044407,0.08332702829310838,0.0833270282931084,0.08332702829310838,0.08333890412190195,0.08331553555556621,0.08332702829310838,0.0833488698579442
DE127,0.08278983117394823,0.08391744815145859,0.08332702829310838,0.08333363400319488,0.08332063567044407,0.08332702829310838,0.08332702829310838,0.08332702829310838,0.08333890412190197,0.08331553555556623,0.08332702829310838,0.0833488698579442
DE128,0.08278983117394821,0.08391744815145859,0.08332702829310838,0.08333363400319484,0.08332063567044405,0.08332702829310837,0.08332702829310837,0.08332702829310838,0.08333890412190195,0.0833155355555662,0.08332702829310837,0.0833488698579442
DE129,0.08278983117394823,0.0839174481514586,0.08332702829310837,0.08333363400319488,0.08332063567044404,0.08332702829310837,0.0833270282931084,0.08332702829310837,0.08333890412190197,0.08331553555556623,0.08332702829310837,0.0833488698579442
DE12A,0.08278983117394824,0.0839174481514586,0.08332702829310841,0.08333363400319489,0.08332063567044407,0.0833270282931084,0.08332702829310841,0.08332702829310841,0.08333890412190198,0.08331553555556624,0.0833270282931084,0.08334886985794422
DE12B,0.08278983117394824,0.0839174481514586,0.08332702829310838,0.08333363400319486,0.08332063567044405,0.08332702829310838,0.08332702829310841,0.08332702829310838,0.08333890412190198,0.08331553555556623,0.08332702829310838,0.08334886985794421
DE12C,0.08278983117394823,0.0839174481514586,0.08332702829310838,0.08333363400319486,0.08332063567044405,0.08332702829310838,0.08332702829310838,0.08332702829310838,0.08333890412190195,0.08331553555556621,0.08332702829310838,0.0833488698579442
DE131,0.08278983117394823,0.08391744815145862,0.08332702829310838,0.08333363400319486,0.08332063567044407,0.0833270282931084,0.08332702829310838,0.08332702829310838,0.08333890412190197,0.08331553555556621,0.0833270282931084,0.08334886985794421
DE132,0.08278983117394821,0.0839174481514586,0.08332702829310838,0.08333363400319485,0.08332063567044404,0.08332702829310838,0.08332702829310838,0.08332702829310838,0.08333890412190197,0.0833155355555662,0.08332702829310838,0.0833488698579442
DE133,0.08278983117394823,0.08391744815145859,0.0833270282931084,0.08333363400319485,0.08332063567044405,0.08332702829310838,0.08332702829310838,0.08332702829310838,0.08333890412190195,0.08331553555556621,0.08332702829310838,0.0833488698579442
DE134,0.08278983117394823,0.0839174481514586,0.08332702829310838,0.08333363400319486,0.08332063567044405,0.08332702829310838,0.08332702829310838,0.08332702829310838,0.08333890412190195,0.08331553555556621,0.08332702829310838,0.08334886985794421
DE135,0.08278983117394821,0.0839174481514586,0.08332702829310838,0.08333363400319485,0.08332063567044404,0.08332702829310837,0.08332702829310838,0.08332702829310838,0.08333890412190195,0.08331553555556621,0.08332702829310837,0.0833488698579442
DE136,0.08278983117394821,0.08391744815145862,0.08332702829310838,0.08333363400319488,0.08332063567044407,0.0833270282931084,0.0833270282931084,0.08332702829310838,0.08333890412190197,0.08331553555556621,0.0833270282931084,0.08334886985794421
DE137,0.0827898311739482,0.08391744815145857,0.08332702829310838,0.08333363400319486,0.08332063567044404,0.08332702829310837,0.08332702829310838,0.08332702829310838,0.08333890412190195,0.08331553555556621,0.08332702829310837,0.0833488698579442
DE138,0.08278983117394823,0.0839174481514586,0.08332702829310837,0.08333363400319485,0.08332063567044405,0.0833270282931084,0.08332702829310837,0.08332702829310837,0.08333890412190197,0.08331553555556621,0.0833270282931084,0.0833488698579442
DE139,0.08278983117394823,0.0839174481514586,0.0833270282931084,0.08333363400319488,0.08332063567044407,0.0833270282931084,0.0833270282931084,0.0833270282931084,0.08333890412190197,0.0833155355555662,0.0833270282931084,0.0833488698579442
DE13A,0.08278983117394823,0.0839174481514586,0.08332702829310838,0.08333363400319485,0.08332063567044405,0.08332702829310838,0.08332702829310838,0.08332702829310838,0.08333890412190197,0.08331553555556621,0.08332702829310838,0.0833488698579442
DE141,0.08278983117394821,0.08391744815145859,0.08332702829310838,0.08333363400319484,0.08332063567044404,0.0833270282931084,0.08332702829310838,0.08332702829310838,0.08333890412190197,0.08331553555556621,0.0833270282931084,0.0833488698579442
DE142,0.08278983117394824,0.08391744815145862,0.0833270282931084,0.08333363400319486,0.08332063567044407,0.08332702829310838,0.0833270282931084,0.0833270282931084,0.08333890412190195,0.08331553555556623,0.08332702829310838,0.08334886985794422
DE143,0.08278983117394821,0.08391744815145859,0.08332702829310835,0.08333363400319485,0.08332063567044405,0.08332702829310838,0.08332702829310838,0.08332702829310838,0.08333890412190194,0.0833155355555662,0.08332702829310838,0.08334886985794418
DE144,0.08278983117394823,0.08391744815145859,0.0833270282931084,0.08333363400319485,0.08332063567044405,0.08332702829310837,0.08332702829310838,0.0833270282931084,0.08333890412190195,0.08331553555556621,0.08332702829310837,0.0833488698579442
DE145,0.08278983117394821,0.0839174481514586,0.0833270282931084,0.08333363400319488,0.08332063567044408,0.0833270282931084,0.0833270282931084,0.0833270282931084,0.08333890412190195,0.08331553555556623,0.0833270282931084,0.08334886985794421
DE146,0.08278983117394824,0.08391744815145862,0.0833270282931084,0.08333363400319486,0.08332063567044405,0.0833270282931084,0.0833270282931084,0.0833270282931084,0.08333890412190197,0.08331553555556623,0.0833270282931084,0.08334886985794421
DE147,0.08278983117394823,0.0839174481514586,0.0833270282931084,0.08333363400319486,0.08332063567044407,0.0833270282931084,0.08332702829310841,0.0833270282931084,0.08333890412190198,0.08331553555556623,0.08332702829310841,0.0833488698579442
DE148,0.08278983117394821,0.08391744815145857,0.08332702829310838,0.08333363400319484,0.08332063567044404,0.08332702829310838,0.08332702829310838,0.08332702829310838,0.08333890412190194,0.08331553555556619,0.08332702829310838,0.08334886985794417
DE149,0.08278983117394821,0.08391744815145859,0.08332702829310837,0.08333363400319486,0.08332063567044404,0.08332702829310838,0.08332702829310838,0.08332702829310837,0.08333890412190197,0.08331553555556619,0.08332702829310838,0.08334886985794418
DE211,0.08278983117394823,0.0839174481514586,0.08332702829310838,0.08333363400319486,0.08332063567044405,0.08332702829310838,0.08332702829310838,0.08332702829310838,0.08333890412190197,0.08331553555556621,0.08332702829310838,0.0833488698579442
DE212,0.08278983117394823,0.0839174481514586,0.08332702829310838,0.08333363400319486,0.08332063567044405,0.08332702829310838,0.0833270282931084,0.08332702829310838,0.08333890412190197,0.08331553555556623,0.08332702829310838,0.0833488698579442
DE213,0.08278983117394821,0.08391744815145859,0.08332702829310837,0.08333363400319484,0.08332063567044405,0.08332702829310837,0.08332702829310837,0.08332702829310837,0.08333890412190195,0.08331553555556619,0.08332702829310837,0.08334886985794418
DE214,0.08278983117394823,0.0839174481514586,0.08332702829310838,0.08333363400319486,0.08332063567044407,0.08332702829310838,0.0833270282931084,0.08332702829310838,0.08333890412190195,0.08331553555556621,0.08332702829310838,0.08334886985794418
DE215,0.08278983117394821,0.0839174481514586,0.08332702829310837,0.08333363400319485,0.08332063567044405,0.08332702829310837,0.08332702829310837,0.0833270282931084,0.08333890412190194,0.0833155355555662,0.08332702829310838,0.0833488698579442
DE216,0.08278983117394823,0.08391744815145859,0.08332702829310838,0.08333363400319485,0.08332063567044407,0.08332702829310838,0.08332702829310838,0.08332702829310838,0.08333890412190195,0.08331553555556621,0.08332702829310838,0.0833488698579442
DE217,0.08278983117394823,0.0839174481514586,0.08332702829310838,0.08333363400319486,0.08332063567044404,0.08332702829310838,0.08332702829310838,0.08332702829310838,0.08333890412190197,0.08331553555556623,0.08332702829310838,0.0833488698579442
DE218,0.0827898311739482,0.08391744815145859,0.08332702829310835,0.08333363400319485,0.08332063567044404,0.08332702829310835,0.08332702829310838,0.08332702829310838,0.08333890412190194,0.0833155355555662,0.08332702829310835,0.08334886985794418
DE219,0.08278983117394821,0.0839174481514586,0.0833270282931084,0.08333363400319488,0.08332063567044405,0.08332702829310838,0.08332702829310837,0.08332702829310837,0.08333890412190197,0.08331553555556621,0.08332702829310838,0.08334886985794418
DE21A,0.08278983117394821,0.0839174481514586,0.08332702829310838,0.08333363400319486,0.08332063567044405,0.08332702829310837,0.0833270282931084,0.08332702829310838,0.08333890412190195,0.08331553555556621,0.08332702829310838,0.08334886985794421
DE21B,0.0827898311739482,0.08391744815145859,0.08332702829310837,0.08333363400319486,0.08332063567044405,0.08332702829310837,0.08332702829310838,0.08332702829310837,0.08333890412190195,0.08331553555556621,0.08332702829310837,0.08334886985794418
DE21C,0.08278983117394821,0.08391744815145862,0.0833270282931084,0.08333363400319485,0.08332063567044405,0.08332702829310837,0.0833270282931084,0.08332702829310837,0.08333890412190194,0.08331553555556623,0.08332702829310837,0.0833488698579442
DE21D,0.08278983117394823,0.08391744815145862,0.0833270282931084,0.08333363400319488,0.08332063567044407,0.0833270282931084,0.0833270282931084,0.0833270282931084,0.08333890412190198,0.08331553555556623,0.08332702829310841,0.08334886985794421
DE21E,0.0827898311739482,0.08391744815145856,0.08332702829310837,0.08333363400319484,0.08332063567044402,0.08332702829310837,0.08332702829310837,0.08332702829310837,0.08333890412190194,0.0833155355555662,0.08332702829310837,0.08334886985794418
DE21F,0.08278983117394823,0.08391744815145859,0.08332702829310838,0.08333363400319486,0.08332063567044407,0.08332702829310838,0.08332702829310841,0.08332702829310838,0.08333890412190197,0.08331553555556621,0.08332702829310838,0.0833488698579442
DE21G,0.08278983117394821,0.08391744815145857,0.08332702829310837,0.08333363400319486,0.08332063567044405,0.08332702829310838,0.08332702829310838,0.08332702829310837,0.08333890412190195,0.08331553555556621,0.08332702829310838,0.0833488698579442
DE21H,0.08278983117394823,0.0839174481514586,0.0833270282931084,0.08333363400319486,0.08332063567044407,0.0833270282931084,0.08332702829310841,0.0833270282931084,0.08333890412190198,0.08331553555556621,0.0833270282931084,0.0833488698579442
DE21I,0.08278983117394821,0.0839174481514586,0.08332702829310838,0.08333363400319485,0.08332063567044405,0.08332702829310838,0.08332702829310838,0.08332702829310838,0.08333890412190195,0.08331553555556623,0.08332702829310838,0.0833488698579442
DE21J,0.08278983117394821,0.0839174481514586,0.08332702829310837,0.08333363400319485,0.08332063567044405,0.08332702829310838,0.08332702829310837,0.08332702829310837,0.08333890412190195,0.08331553555556621,0.08332702829310838,0.08334886985794418
DE21K,0.08278983117394823,0.0839174481514586,0.0833270282931084,0.08333363400319488,0.08332063567044407,0.0833270282931084,0.0833270282931084,0.0833270282931084,0.08333890412190198,0.08331553555556621,0.0833270282931084,0.0833488698579442
DE21L,0.08278983117394823,0.08391744815145862,0.08332702829310838,0.08333363400319488,0.08332063567044405,0.08332702829310838,0.08332702829310838,0.08332702829310841,0.08333890412190197,0.08331553555556623,0.08332702829310838,0.08334886985794421
DE21M,0.08278983117394823,0.0839174481514586,0.08332702829310838,0.08333363400319488,0.08332063567044405,0.08332702829310838,0.08332702829310838,0.08332702829310838,0.08333890412190195,0.08331553555556621,0.0833270282931084,0.0833488698579442
DE21N,0.0827898311739482,0.0839174481514586,0.08332702829310837,0.08333363400319486,0.08332063567044405,0.08332702829310838,0.08332702829310837,0.08332702829310837,0.08333890412190198,0.0833155355555662,0.08332702829310838,0.08334886985794421
DE221,0.08278983117394823,0.0839174481514586,0.0833270282931084,0.08333363400319486,0.08332063567044404,0.0833270282931084,0.0833270282931084,0.0833270282931084,0.08333890412190198,0.08331553555556621,0.08332702829310838,0.08334886985794421
DE222,0.08278983117394821,0.08391744815145859,0.08332702829310837,0.08333363400319484,0.08332063567044404,0.08332702829310837,0.08332702829310838,0.08332702829310837,0.08333890412190195,0.08331553555556621,0.08332702829310837,0.0833488698579442
DE223,0.08278983117394823,0.0839174481514586,0.08332702829310838,0.08333363400319488,0.08332063567044405,0.0833270282931084,0.08332702829310838,0.08332702829310838,0.08333890412190197,0.08331553555556621,0.0833270282931084,0.08334886985794421
DE224,0.08278983117394823,0.0839174481514586,0.08332702829310841,0.08333363400319486,0.08332063567044407,0.08332702829310841,0.08332702829310838,0.08332702829310838,0.08333890412190197,0.08331553555556623,0.08332702829310841,0.08334886985794422
DE225,0.08278983117394823,0.08391744815145862,0.0833270282931084,0.08333363400319488,0.08332063567044408,0.0833270282931084,0.0833270282931084,0.0833270282931084,0.08333890412190198,0.08331553555556623,0.0833270282931084,0.08334886985794421
DE226,0.08278983117394823,0.0839174481514586,0.08332702829310838,0.08333363400319485,0.08332063567044405,0.08332702829310838,0.08332702829310838,0.08332702829310838,0.08333890412190197,0.08331553555556621,0.08332702829310838,0.0833488698579442
DE227,0.08278983117394825,0.0839174481514586,0.0833270282931084,0.08333363400319488,0.08332063567044408,0.08332702829310842,0.0833270282931084,0.0833270282931084,0.08333890412190198,0.08331553555556623,0.0833270282931084,0.08334886985794422
DE228,0.08278983117394823,0.08391744815145859,0.08332702829310837,0.08333363400319485,0.08332063567044405,0.08332702829310837,0.08332702829310838,0.08332702829310837,0.08333890412190197,0.0833155355555662,0.08332702829310837,0.08334886985794418
DE229,0.08278983117394821,0.08391744815145859,0.08332702829310837,0.08333363400319485,0.08332063567044405,0.08332702829310837,0.08332702829310837,0.08332702829310837,0.08333890412190197,0.08331553555556621,0.08332702829310837,0.08334886985794418
DE22A,0.08278983117394821,0.08391744815145859,0.0833270282931084,0.08333363400319488,0.08332063567044405,0.0833270282931084,0.0833270282931084,0.0833270282931084,0.08333890412190197,0.08331553555556621,0.08332702829310838,0.08334886985794418
DE22B,0.0827898311739482,0.08391744815145859,0.08332702829310838,0.08333363400319486,0.08332063567044404,0.08332702829310838,0.08332702829310838,0.08332702829310838,0.08333890412190195,0.08331553555556623,0.08332702829310838,0.08334886985794418
DE22C,0.08278983117394821,0.0839174481514586,0.08332702829310838,0.08333363400319484,0.08332063567044405,0.08332702829310838,0.08332702829310838,0.0833270282931084,0.08333890412190194,0.0833155355555662,0.08332702829310838,0.08334886985794421
DE231,0.08278983117394823,0.0839174481514586,0.0833270282931084,0.08333363400319486,0.08332063567044407,0.0833270282931084,0.0833270282931084,0.0833270282931084,0.08333890412190197,0.08331553555556621,0.0833270282931084,0.0833488698579442
DE232,0.08278983117394823,0.08391744815145862,0.0833270282931084,0.08333363400319486,0.08332063567044407,0.0833270282931084,0.0833270282931084,0.0833270282931084,0.08333890412190197,0.08331553555556623,0.0833270282931084,0.08334886985794421
DE233,0.08278983117394821,0.08391744815145859,0.08332702829310838,0.08333363400319485,0.08332063567044405,0.08332702829310838,0.08332702829310838,0.08332702829310838,0.08333890412190197,0.08331553555556621,0.08332702829310838,0.0833488698579442
DE234,0.08278983117394823,0.08391744815145859,0.08332702829310838,0.08333363400319486,0.08332063567044407,0.0833270282931084,0.08332702829310838,0.08332702829310838,0.08333890412190198,0.08331553555556621,0.08332702829310838,0.0833488698579442
DE235,0.08278983117394821,0.08391744815145857,0.08332702829310837,0.08333363400319485,0.08332063567044404,0.08332702829310837,0.08332702829310838,0.08332702829310837,0.08333890412190195,0.0833155355555662,0.08332702829310837,0.0833488698579442
DE236,0.08278983117394821,0.0839174481514586,0.0833270282931084,0.08333363400319486,0.08332063567044407,0.0833270282931084,0.08332702829310838,0.08332702829310838,0.08333890412190197,0.08331553555556621,0.0833270282931084,0.0833488698579442
DE237,0.08278983117394821,0.08391744815145857,0.08332702829310837,0.08333363400319484,0.08332063567044404,0.08332702829310837,0.08332702829310837,0.08332702829310837,0.08333890412190194,0.08331553555556619,0.08332702829310837,0.08334886985794418
DE238,0.08278983117394823,0.08391744815145862,0.08332702829310837,0.08333363400319486,0.08332063567044405,0.0833270282931084,0.0833270282931084,0.0833270282931084,0.08333890412190197,0.08331553555556621,0.0833270282931084,0.0833488698579442
DE239,0.08278983117394821,0.0839174481514586,0.08332702829310837,0.08333363400319485,0.08332063567044405,0.08332702829310838,0.08332702829310837,0.08332702829310837,0.08333890412190194,0.08331553555556621,0.08332702829310838,0.0833488698579442
DE23A,0.08278983117394821,0.0839174481514586,0.08332702829310838,0.08333363400319486,0.08332063567044407,0.08332702829310838,0.08332702829310838,0.08332702829310838,0.08333890412190195,0.08331553555556623,0.08332702829310838,0.08334886985794421
DE241,0.08278983117394821,0.08391744815145859,0.08332702829310838,0.08333363400319486,0.08332063567044405,0.08332702829310838,0.08332702829310838,0.08332702829310838,0.08333890412190197,0.08331553555556623,0.08332702829310838,0.0833488698579442
DE242,0.08278983117394821,0.08391744815145862,0.08332702829310838,0.08333363400319485,0.08332063567044405,0.0833270282931084,0.0833270282931084,0.08332702829310838,0.08333890412190195,0.08331553555556621,0.0833270282931084,0.08334886985794421
DE243,0.08278983117394821,0.0839174481514586,0.08332702829310838,0.08333363400319486,0.08332063567044405,0.08332702829310838,0.0833270282931084,0.08332702829310838,0.08333890412190197,0.08331553555556621,0.08332702829310838,0.0833488698579442
DE244,0.0827898311739482,0.08391744815145857,0.08332702829310837,0.08333363400319484,0.08332063567044404,0.08332702829310835,0.08332702829310835,0.08332702829310837,0.08333890412190191,0.0833155355555662,0.08332702829310835,0.08334886985794418
DE245,0.0827898311739482,0.08391744815145859,0.08332702829310837,0.08333363400319485,0.08332063567044404,0.08332702829310837,0.08332702829310837,0.08332702829310837,0.08333890412190195,0.0833155355555662,0.08332702829310837,0.08334886985794418
DE246,0.08278983117394821,0.08391744815145859,0.08332702829310838,0.08333363400319485,0.08332063567044405,0.08332702829310838,0.08332702829310838,0.08332702829310838,0.08333890412190195,0.08331553555556621,0.08332702829310838,0.08334886985794418
DE247,0.08278983117394821,0.08391744815145859,0.08332702829310837,0.08333363400319484,0.08332063567044404,0.08332702829310837,0.0833270282931084,0.0833270282931084,0.08333890412190194,0.0833155355555662,0.08332702829310837,0.0833488698579442
DE248,0.08278983117394823,0.0839174481514586,0.08332702829310838,0.08333363400319488,0.08332063567044407,0.08332702829310838,0.08332702829310838,0.08332702829310838,0.08333890412190197,0.08331553555556623,0.08332702829310838,0.08334886985794421
DE249,0.08278983117394824,0.08391744815145862,0.0833270282931084,0.08333363400319486,0.08332063567044405,0.0833270282931084,0.0833270282931084,0.0833270282931084,0.08333890412190197,0.08331553555556621,0.0833270282931084,0.08334886985794418
DE24A,0.08278983117394823,0.08391744815145859,0.0833270282931084,0.08333363400319486,0.08332063567044405,0.0833270282931084,0.0833270282931084,0.08332702829310838,0.08333890412190197,0.08331553555556623,0.0833270282931084,0.0833488698579442
DE24B,0.08278983117394824,0.08391744815145862,0.08332702829310838,0.08333363400319488,0.08332063567044407,0.08332702829310838,0.08332702829310838,0.08332702829310838,0.08333890412190197,0.08331553555556621,0.08332702829310838,0.08334886985794421
DE24C,0.08278983117394824,0.0839174481514586,0.0833270282931084,0.08333363400319486,0.08332063567044407,0.0833270282931084,0.08332702829310838,0.08332702829310838,0.08333890412190197,0.08331553555556621,0.0833270282931084,0.0833488698579442
DE24D,0.08278983117394823,0.0839174481514586,0.08332702829310838,0.08333363400319486,0.08332063567044407,0.08332702829310838,0.08332702829310838,0.08332702829310838,0.08333890412190197,0.08331553555556621,0.08332702829310838,0.08334886985794421
DE251,0.08278983117394821,0.0839174481514586,0.08332702829310837,0.08333363400319486,0.08332063567044405,0.08332702829310838,0.08332702829310837,0.08332702829310837,0.08333890412190197,0.08331553555556621,0.08332702829310838,0.0833488698579442
DE252,0.08278983117394824,0.0839174481514586,0.0833270282931084,0.08333363400319488,0.08332063567044407,0.0833270282931084,0.08332702829310841,0.0833270282931084,0.08333890412190197,0.08331553555556624,0.0833270282931084,0.08334886985794422
DE253,0.08278983117394821,0.0839174481514586,0.08332702829310838,0.08333363400319485,0.08332063567044405,0.08332702829310838,0.08332702829310838,0.08332702829310838,0.08333890412190197,0.0833155355555662,0.08332702829310838,0.08334886985794418
DE254,0.08278983117394823,0.0839174481514586,0.0833270282931084,0.08333363400319486,0.08332063567044405,0.08332702829310838,0.08332702829310841,0.08332702829310838,0.08333890412190197,0.08331553555556623,0.08332702829310838,0.0833488698579442
DE255,0.08278983117394821,0.0839174481514586,0.08332702829310838,0.08333363400319486,0.08332063567044404,0.08332702829310838,0.08332702829310838,0.08332702829310838,0.08333890412190197,0.08331553555556621,0.08332702829310838,0.08334886985794418
DE256,0.08278983117394824,0.08391744815145862,0.08332702829310841,0.08333363400319488,0.08332063567044405,0.08332702829310838,0.08332702829310841,0.08332702829310841,0.08333890412190197,0.08331553555556623,0.0833270282931084,0.08334886985794421
DE257,0.08278983117394823,0.08391744815145862,0.08332702829310838,0.08333363400319488,0.08332063567044407,0.08332702829310841,0.08332702829310838,0.08332702829310838,0.08333890412190198,0.08331553555556621,0.08332702829310838,0.0833488698579442
DE258,0.08278983117394821,0.08391744815145859,0.08332702829310838,0.08333363400319486,0.08332063567044405,0.0833270282931084,0.08332702829310838,0.08332702829310838,0.08333890412190197,0.08331553555556621,0.0833270282931084,0.0833488698579442
DE259,0.08278983117394821,0.08391744815145859,0.08332702829310838,0.08333363400319486,0.08332063567044405,0.0833270282931084,0.0833270282931084,0.08332702829310838,0.08333890412190197,0.08331553555556623,0.0833270282931084,0.0833488698579442
DE25A,0.08278983117394821,0.08391744815145859,0.08332702829310837,0.08333363400319485,0.08332063567044405,0.08332702829310838,0.08332702829310837,0.08332702829310837,0.08333890412190195,0.0833155355555662,0.08332702829310838,0.08334886985794418
DE25B,0.0827898311739482,0.0839174481514586,0.08332702829310837,0.08333363400319485,0.08332063567044404,0.08332702829310837,0.08332702829310837,0.08332702829310837,0.08333890412190195,0.08331553555556623,0.08332702829310837,0.08334886985794418
DE25C,0.08278983117394821,0.0839174481514586,0.08332702829310841,0.08333363400319488,0.08332063567044405,0.08332702829310838,0.08332702829310838,0.08332702829310837,0.08333890412190197,0.08331553555556621,0.08332702829310838,0.08334886985794421
DE261,0.08278983117394821,0.08391744815145857,0.08332702829310837,0.08333363400319482,0.08332063567044404,0.08332702829310835,0.08332702829310837,0.08332702829310837,0.08333890412190194,0.0833155355555662,0.08332702829310835,0.08334886985794418
DE262,0.08278983117394823,0.08391744815145863,0.0833270282931084,0.08333363400319486,0.08332063567044407,0.08332702829310838,0.0833270282931084,0.0833270282931084,0.08333890412190197,0.08331553555556623,0.08332702829310838,0.08334886985794421
DE263,0.08278983117394823,0.0839174481514586,0.0833270282931084,0.08333363400319486,0.08332063567044405,0.0833270282931084,0.0833270282931084,0.0833270282931084,0.08333890412190197,0.08331553555556621,0.08332702829310838,0.0833488698579442
DE264,0.08278983117394823,0.0839174481514586,0.0833270282931084,0.08333363400319486,0.08332063567044405,0.08332702829310838,0.0833270282931084,0.0833270282931084,0.08333890412190197,0.08331553555556621,0.08332702829310838,0.08334886985794421
DE265,0.08278983117394821,0.08391744815145859,0.08332702829310837,0.08333363400319485,0.08332063567044405,0.08332702829310837,0.08332702829310837,0.08332702829310837,0.08333890412190195,0.08331553555556621,0.08332702829310837,0.08334886985794418
DE266,0.08278983117394823,0.08391744815145862,0.08332702829310841,0.08333363400319488,0.08332063567044407,0.0833270282931084,0.08332702829310841,0.08332702829310841,0.08333890412190198,0.08331553555556623,0.0833270282931084,0.08334886985794421
DE267,0.08278983117394821,0.08391744815145857,0.08332702829310838,0.08333363400319484,0.08332063567044404,0.08332702829310837,0.08332702829310837,0.08332702829310837,0.08333890412190194,0.0833155355555662,0.08332702829310837,0.08334886985794418
DE268,0.08278983117394823,0.08391744815145859,0.08332702829310838,0.08333363400319488,0.08332063567044407,0.08332702829310838,0.08332702829310838,0.08332702829310838,0.08333890412190197,0.08331553555556621,0.08332702829310838,0.08334886985794421
DE269,0.08278983117394823,0.0839174481514586,0.08332702829310838,0.08333363400319485,0.08332063567044405,0.08332702829310838,0.0833270282931084,0.08332702829310838,0.08333890412190197,0.08331553555556621,0.08332702829310838,0.0833488698579442
DE26A,0.0827898311739482,0.08391744815145859,0.08332702829310837,0.08333363400319485,0.08332063567044405,0.08332702829310837,0.08332702829310837,0.08332702829310837,0.08333890412190195,0.08331553555556621,0.08332702829310837,0.08334886985794418
DE26B,0.08278983117394818,0.08391744815145857,0.08332702829310837,0.08333363400319485,0.08332063567044402,0.08332702829310837,0.08332702829310837,0.08332702829310837,0.08333890412190195,0.08331553555556619,0.08332702829310837,0.08334886985794418
DE26C,0.08278983117394823,0.08391744815145859,0.08332702829310838,0.08333363400319486,0.08332063567044407,0.08332702829310838,0.08332702829310838,0.08332702829310838,0.08333890412190195,0.08331553555556621,0.08332702829310838,0.0833488698579442
DE271,0.08278983117394823,0.08391744815145862,0.0833270282931084,0.08333363400319488,0.08332063567044407,0.0833270282931084,0.0833270282931084,0.0833270282931084,0.08333890412190198,0.08331553555556624,0.0833270282931084,0.08334886985794421
DE272,0.0827898311739482,0.08391744815145859,0.08332702829310838,0.08333363400319485,0.08332063567044404,0.08332702829310837,0.08332702829310838,0.08332702829310838,0.08333890412190195,0.0833155355555662,0.08332702829310837,0.0833488698579442
DE273,0.08278983117394821,0.08391744815145859,0.0833270282931084,0.08333363400319486,0.08332063567044405,0.08332702829310838,0.08332702829310838,0.0833270282931084,0.08333890412190195,0.08331553555556623,0.08332702829310838,0.0833488698579442
DE274,0.08278983117394823,0.08391744815145859,0.08332702829310838,0.08333363400319486,0.08332063567044407,0.08332702829310838,0.08332702829310838,0.08332702829310838,0.08333890412190197,0.0833155355555662,0.08332702829310838,0.0833488698579442
DE275,0.0827898311739482,0.08391744815145859,0.08332702829310838,0.08333363400319484,0.08332063567044402,0.08332702829310837,0.08332702829310838,0.08332702829310838,0.08333890412190194,0.0833155355555662,0.08332702829310838,0.08334886985794418
DE276,0.08278983117394824,0.0839174481514586,0.08332702829310841,0.08333363400319488,0.08332063567044407,0.08332702829310841,0.08332702829310841,0.08332702829310841,0.08333890412190198,0.08331553555556623,0.08332702829310841,0.08334886985794421
DE277,0.08278983117394823,0.0839174481514586,0.08332702829310838,0.08333363400319485,0.08332063567044407,0.0833270282931084,0.08332702829310838,0.08332702829310838,0.08333890412190197,0.0833155355555662,0.0833270282931084,0.0833488698579442
DE278,0.08278983117394821,0.08391744815145859,0.08332702829310837,0.08333363400319485,0.08332063567044404,0.08332702829310837,0.08332702829310838,0.08332702829310837,0.08333890412190194,0.0833155355555662,0.08332702829310837,0.08334886985794418
DE279,0.0827898311739482,0.08391744815145857,0.08332702829310837,0.08333363400319485,0.08332063567044402,0.08332702829310837,0.08332702829310837,0.08332702829310835,0.08333890412190194,0.08331553555556619,0.08332702829310835,0.08334886985794418
DE27A,0.08278983117394821,0.08391744815145859,0.0833270282931084,0.08333363400319486,0.08332063567044405,0.08332702829310838,0.0833270282931084,0.0833270282931084,0.08333890412190195,0.08331553555556621,0.08332702829310838,0.0833488698579442
DE27B,0.08278983117394823,0.08391744815145862,0.08332702829310838,0.08333363400319486,0.08332063567044407,0.08332702829310838,0.0833270282931084,0.08332702829310838,0.08333890412190195,0.08331553555556621,0.08332702829310838,0.0833488698579442
DE27C,0.08278983117394823,0.08391744815145859,0.08332702829310838,0.08333363400319485,0.08332063567044404,0.08332702829310838,0.08332702829310838,0.08332702829310838,0.08333890412190195,0.0833155355555662,0.08332702829310838,0.08334886985794418
DE27D,0.08278983117394821,0.08391744815145857,0.08332702829310837,0.08333363400319485,0.08332063567044404,0.0833270282931084,0.08332702829310837,0.08332702829310837,0.08333890412190195,0.08331553555556621,0.0833270282931084,0.08334886985794418
DE27E,0.08278983117394821,0.08391744815145859,0.08332702829310837,0.08333363400319485,0.08332063567044404,0.08332702829310837,0.08332702829310838,0.08332702829310838,0.08333890412190195,0.0833155355555662,0.08332702829310837,0.08334886985794417
