id;name;source_id;node_id;lat;long;country_code;comment;param;uncertainty;method;tags
INET_IP_0;Almeria;['INET_IP_0'];['INET_N_38'];36.7348;-2.3036;ES;None;{'end_year': 2050, 'pipe_name': None, 'start_year': 1983};{'end_year': 20, 'pipe_name': None, 'start_year': 20};{'end_year': 'make_Attrib(const)', 'pipe_name': None, 'start_year': 'make_Attrib(const)'};{}
INET_IP_1;Alveringem;['INET_IP_1'];['INET_N_1146'];50.926317;2.315596;BE;None;{'end_year': 2050, 'pipe_name': 'Alveringem-Maldegem pipeline', 'start_year': 1983};{'end_year': 20, 'pipe_name': 0, 'start_year': 20};{'end_year': 'make_Attrib(const)', 'pipe_name': 'raw', 'start_year': 'make_Attrib(const)'};{}
INET_IP_2;Arnoldstein;['INET_IP_2'];['INET_N_76'];46.5499903;13.7057619;AT;None;{'end_year': 2050, 'pipe_name': 'medgaz', 'start_year': 1983};{'end_year': 20, 'pipe_name': 0, 'start_year': 20};{'end_year': 'make_Attrib(const)', 'pipe_name': 'raw', 'start_year': 'make_Attrib(const)'};{}
INET_IP_3;Backi Breg;['INET_IP_3'];['INET_N_1387'];45.78;19.12;RS;None;{'end_year': 2050, 'pipe_name': None, 'start_year': 1983};{'end_year': 20, 'pipe_name': None, 'start_year': 20};{'end_year': 'make_Attrib(const)', 'pipe_name': None, 'start_year': 'make_Attrib(const)'};{}
INET_IP_4;Badajoz;['INET_IP_4'];['INET_N_108'];38.87665;-6.9714;ES;None;{'end_year': 2050, 'pipe_name': None, 'start_year': 1983};{'end_year': 20, 'pipe_name': None, 'start_year': 20};{'end_year': 'make_Attrib(const)', 'pipe_name': None, 'start_year': 'make_Attrib(const)'};{}
INET_IP_5;Balassagyarmat;['INET_IP_5'];['INET_N_1561'];48.2023;19.461;UA;None;{'end_year': 2050, 'pipe_name': 'Slovak-Hungarian Gas Interconnector', 'start_year': 1983};{'end_year': 20, 'pipe_name': 0, 'start_year': 20};{'end_year': 'make_Attrib(const)', 'pipe_name': 'raw', 'start_year': 'make_Attrib(const)'};{}
INET_IP_6;Balgzand;['INET_IP_6'];['INET_N_65'];52.86;4.822;NL;None;{'end_year': 2050, 'pipe_name': None, 'start_year': 1983};{'end_year': 20, 'pipe_name': None, 'start_year': 20};{'end_year': 'make_Attrib(const)', 'pipe_name': None, 'start_year': 'make_Attrib(const)'};{}
INET_IP_7;Ballylumford;['INET_IP_7'];['INET_N_120'];54.84019;-5.788932;GB;None;{'end_year': 2050, 'pipe_name': None, 'start_year': 1983};{'end_year': 20, 'pipe_name': None, 'start_year': 20};{'end_year': 'make_Attrib(const)', 'pipe_name': None, 'start_year': 'make_Attrib(const)'};{}
INET_IP_8;Basel;['INET_IP_8'];['INET_N_1249'];47.481;7.457;CH;None;{'end_year': 2050, 'pipe_name': None, 'start_year': 1983};{'end_year': 20, 'pipe_name': None, 'start_year': 20};{'end_year': 'make_Attrib(const)', 'pipe_name': None, 'start_year': 'make_Attrib(const)'};{}
INET_IP_9;Baumgarten;['INET_IP_9'];['INET_N_138'];48.316295;16.875328;AT;None;{'end_year': 2050, 'pipe_name': 'WAG', 'start_year': 1983};{'end_year': 20, 'pipe_name': 0, 'start_year': 20};{'end_year': 'make_Attrib(const)', 'pipe_name': 'raw', 'start_year': 'make_Attrib(const)'};{}
INET_IP_10;Beregdaroc;['INET_IP_10'];['INET_N_151'];48.1985108;22.5320069;HU;None;{'end_year': 2050, 'pipe_name': None, 'start_year': 1983};{'end_year': 20, 'pipe_name': None, 'start_year': 20};{'end_year': 'make_Attrib(const)', 'pipe_name': None, 'start_year': 'make_Attrib(const)'};{}
INET_IP_11;Bibesti;['INET_IP_11'];['INET_N_167'];44.7815366;23.4907078;RO;None;{'end_year': 2050, 'pipe_name': None, 'start_year': 1983};{'end_year': 20, 'pipe_name': None, 'start_year': 20};{'end_year': 'make_Attrib(const)', 'pipe_name': None, 'start_year': 'make_Attrib(const)'};{}
INET_IP_12;Biriatou;['INET_IP_12'];['INET_N_174'];43.333204;-1.743022;FR;None;{'end_year': 2050, 'pipe_name': None, 'start_year': 1983};{'end_year': 20, 'pipe_name': None, 'start_year': 20};{'end_year': 'make_Attrib(const)', 'pipe_name': None, 'start_year': 'make_Attrib(const)'};{}
INET_IP_13;Bocholtz;['INET_IP_13'];['INET_N_186'];50.817365;6.021767;NL;None;{'end_year': 2050, 'pipe_name': 'TENP', 'start_year': 1983};{'end_year': 20, 'pipe_name': 0, 'start_year': 20};{'end_year': 'make_Attrib(const)', 'pipe_name': 'raw', 'start_year': 'make_Attrib(const)'};{}
INET_IP_14;Brandov;['INET_IP_14'];['INET_N_209'];50.635;13.39;CZ;None;{'end_year': 2050, 'pipe_name': None, 'start_year': 1983};{'end_year': 20, 'pipe_name': None, 'start_year': 20};{'end_year': 'make_Attrib(const)', 'pipe_name': None, 'start_year': 'make_Attrib(const)'};{}
INET_IP_15;Brighthouse;['INET_IP_15'];['INET_N_222'];54.78735;-4.12912;GB;None;{'end_year': 2050, 'pipe_name': None, 'start_year': 1983};{'end_year': 20, 'pipe_name': None, 'start_year': 20};{'end_year': 'make_Attrib(const)', 'pipe_name': None, 'start_year': 'make_Attrib(const)'};{}
INET_IP_16;Budince;['INET_IP_16'];['INET_N_1560'];48.552002;22.121625;SI;None;{'end_year': 2050, 'pipe_name': 'Vojany-U?horod pipeline', 'start_year': 1983};{'end_year': 20, 'pipe_name': 0, 'start_year': 20};{'end_year': 'make_Attrib(const)', 'pipe_name': 'raw', 'start_year': 'make_Attrib(const)'};{}
INET_IP_17;Burghausen;['INET_IP_17'];['INET_N_241'];48.1835;12.8531;DE;None;{'end_year': 2050, 'pipe_name': 'MONACO', 'start_year': 1983};{'end_year': 20, 'pipe_name': 0, 'start_year': 20};{'end_year': 'make_Attrib(const)', 'pipe_name': 'raw', 'start_year': 'make_Attrib(const)'};{}
INET_IP_18;Campo Maior;['INET_IP_18'];['INET_N_250'];38.982;-7.059;PT;None;{'end_year': 2050, 'pipe_name': None, 'start_year': 1983};{'end_year': 20, 'pipe_name': None, 'start_year': 20};{'end_year': 'make_Attrib(const)', 'pipe_name': None, 'start_year': 'make_Attrib(const)'};{}
INET_IP_19;Cersak;['INET_IP_19'];['INET_N_1010'];46.71;15.67;SI;None;{'end_year': 2050, 'pipe_name': None, 'start_year': 1983};{'end_year': 20, 'pipe_name': None, 'start_year': 20};{'end_year': 'make_Attrib(const)', 'pipe_name': None, 'start_year': 'make_Attrib(const)'};{}
INET_IP_20;Cordoba;['INET_IP_20'];['INET_N_314'];37.906;-4.68003;ES;None;{'end_year': 2050, 'pipe_name': None, 'start_year': 1983};{'end_year': 20, 'pipe_name': None, 'start_year': 20};{'end_year': 'make_Attrib(const)', 'pipe_name': None, 'start_year': 'make_Attrib(const)'};{}
INET_IP_21;Cordoba;['INET_IP_21'];['INET_N_314'];37.906;-4.68003;ES;None;{'end_year': 2050, 'pipe_name': None, 'start_year': 1983};{'end_year': 20, 'pipe_name': None, 'start_year': 20};{'end_year': 'make_Attrib(const)', 'pipe_name': None, 'start_year': 'make_Attrib(const)'};{}
INET_IP_22;Csanadpalota;['INET_IP_22'];['INET_N_1449'];46.302801;20.194969;UA;None;{'end_year': 2050, 'pipe_name': None, 'start_year': 1983};{'end_year': 20, 'pipe_name': None, 'start_year': 20};{'end_year': 'make_Attrib(const)', 'pipe_name': None, 'start_year': 'make_Attrib(const)'};{}
INET_IP_23;Deutschneudorf;['INET_IP_23'];['INET_N_358'];50.621;13.473;DE;None;{'end_year': 2050, 'pipe_name': None, 'start_year': 1983};{'end_year': 20, 'pipe_name': None, 'start_year': 20};{'end_year': 'make_Attrib(const)', 'pipe_name': None, 'start_year': 'make_Attrib(const)'};{}
INET_IP_24;Dilsen;['INET_IP_24'];['INET_N_1196'];50.9554323;5.8705487;BE;None;{'end_year': 2050, 'pipe_name': None, 'start_year': 1983};{'end_year': 20, 'pipe_name': None, 'start_year': 20};{'end_year': 'make_Attrib(const)', 'pipe_name': None, 'start_year': 'make_Attrib(const)'};{}
INET_IP_25;Donji Miholac;['INET_IP_25'];['INET_N_1377'];45.1566;17.9314;HR;None;{'end_year': 2050, 'pipe_name': 'Gas pipeline between Vrosfld-Slobodnica', 'start_year': 1983};{'end_year': 20, 'pipe_name': 0, 'start_year': 20};{'end_year': 'make_Attrib(const)', 'pipe_name': 'raw', 'start_year': 'make_Attrib(const)'};{}
INET_IP_26;Dornum;['INET_IP_26'];['INET_N_379'];53.66;7.404;DE;None;{'end_year': 2050, 'pipe_name': None, 'start_year': 1983};{'end_year': 20, 'pipe_name': None, 'start_year': 20};{'end_year': 'make_Attrib(const)', 'pipe_name': None, 'start_year': 'make_Attrib(const)'};{}
INET_IP_27;Dravaszerdahely;['INET_IP_27'];['INET_N_135'];46.126703;18.7741311;UA;None;{'end_year': 2050, 'pipe_name': None, 'start_year': 1983};{'end_year': 20, 'pipe_name': None, 'start_year': 20};{'end_year': 'make_Attrib(const)', 'pipe_name': None, 'start_year': 'make_Attrib(const)'};{}
INET_IP_28;Drozdwicze;['INET_IP_28'];['INET_N_391'];49.8087968;23.6441847;PL;None;{'end_year': 2050, 'pipe_name': None, 'start_year': 1983};{'end_year': 20, 'pipe_name': None, 'start_year': 20};{'end_year': 'make_Attrib(const)', 'pipe_name': None, 'start_year': 'make_Attrib(const)'};{}
INET_IP_29;Dunkerque;['INET_IP_29'];['INET_N_407'];51.033134;2.194792;FR;None;{'end_year': 2050, 'pipe_name': None, 'start_year': 1983};{'end_year': 20, 'pipe_name': None, 'start_year': 20};{'end_year': 'make_Attrib(const)', 'pipe_name': None, 'start_year': 'make_Attrib(const)'};{}
INET_IP_30;Ellund;['INET_IP_30'];['INET_N_427'];54.801878;9.289041;DE;None;{'end_year': 2050, 'pipe_name': None, 'start_year': 1983};{'end_year': 20, 'pipe_name': None, 'start_year': 20};{'end_year': 'make_Attrib(const)', 'pipe_name': None, 'start_year': 'make_Attrib(const)'};{}
INET_IP_31;Elten;['INET_IP_31'];['INET_N_432'];51.897037;6.144031;DE;None;{'end_year': 2050, 'pipe_name': None, 'start_year': 1983};{'end_year': 20, 'pipe_name': None, 'start_year': 20};{'end_year': 'make_Attrib(const)', 'pipe_name': None, 'start_year': 'make_Attrib(const)'};{}
INET_IP_32;Emden;['INET_IP_32'];['INET_N_436'];53.3422;7.2062;DE;None;{'end_year': 2050, 'pipe_name': 'NPT, EPT', 'start_year': 1983};{'end_year': 20, 'pipe_name': 0, 'start_year': 20};{'end_year': 'make_Attrib(const)', 'pipe_name': 'raw', 'start_year': 'make_Attrib(const)'};{}
INET_IP_33;Emsbueren;['INET_IP_33'];['INET_N_867'];52.4807;7.3062;DE;None;{'end_year': 2050, 'pipe_name': None, 'start_year': 1983};{'end_year': 20, 'pipe_name': None, 'start_year': 20};{'end_year': 'make_Attrib(const)', 'pipe_name': None, 'start_year': 'make_Attrib(const)'};{}
INET_IP_34;Eynatten;['INET_IP_34'];['INET_N_477'];50.7;6.09;BE;None;{'end_year': 2050, 'pipe_name': None, 'start_year': 1983};{'end_year': 20, 'pipe_name': None, 'start_year': 20};{'end_year': 'make_Attrib(const)', 'pipe_name': None, 'start_year': 'make_Attrib(const)'};{}
INET_IP_35;Fallentor;['INET_IP_35'];['INET_N_479'];47.658044;8.6948726;CH;None;{'end_year': 2050, 'pipe_name': None, 'start_year': 1983};{'end_year': 20, 'pipe_name': None, 'start_year': 20};{'end_year': 'make_Attrib(const)', 'pipe_name': None, 'start_year': 'make_Attrib(const)'};{}
INET_IP_36;Gela;['INET_IP_36'];['INET_N_530'];37.052698;14.269219;IT;None;{'end_year': 2050, 'pipe_name': None, 'start_year': 1983};{'end_year': 20, 'pipe_name': None, 'start_year': 20};{'end_year': 'make_Attrib(const)', 'pipe_name': None, 'start_year': 'make_Attrib(const)'};{}
INET_IP_37;Gorizia;['INET_IP_37'];['INET_N_554'];45.942831;13.619396;IT;None;{'end_year': 2050, 'pipe_name': None, 'start_year': 1983};{'end_year': 20, 'pipe_name': None, 'start_year': 20};{'end_year': 'make_Attrib(const)', 'pipe_name': None, 'start_year': 'make_Attrib(const)'};{}
INET_IP_38;Gravenvoeren;['INET_IP_38'];['INET_N_564'];50.7587829;5.7611628;BE;None;{'end_year': 2050, 'pipe_name': None, 'start_year': 1983};{'end_year': 20, 'pipe_name': None, 'start_year': 20};{'end_year': 'make_Attrib(const)', 'pipe_name': None, 'start_year': 'make_Attrib(const)'};{}
INET_IP_39;Haiming;['INET_IP_39'];['INET_N_241'];48.1835;12.8531;DE;None;{'end_year': 2050, 'pipe_name': None, 'start_year': 1983};{'end_year': 20, 'pipe_name': None, 'start_year': 20};{'end_year': 'make_Attrib(const)', 'pipe_name': None, 'start_year': 'make_Attrib(const)'};{}
INET_IP_40;Hermanowice;['INET_IP_40'];['INET_N_696'];50.0161463;22.6777169;PL;None;{'end_year': 2050, 'pipe_name': None, 'start_year': 1983};{'end_year': 20, 'pipe_name': None, 'start_year': 20};{'end_year': 'make_Attrib(const)', 'pipe_name': None, 'start_year': 'make_Attrib(const)'};{}
INET_IP_41;Hilvarenbeek;['INET_IP_41'];['INET_N_143'];51.52;5.13;NL;None;{'end_year': 2050, 'pipe_name': None, 'start_year': 1983};{'end_year': 20, 'pipe_name': None, 'start_year': 20};{'end_year': 'make_Attrib(const)', 'pipe_name': None, 'start_year': 'make_Attrib(const)'};{}
INET_IP_42;Hugelheim;['INET_IP_42'];['INET_N_644'];47.835122;7.596259;DE;None;{'end_year': 2050, 'pipe_name': None, 'start_year': 1983};{'end_year': 20, 'pipe_name': None, 'start_year': 20};{'end_year': 'make_Attrib(const)', 'pipe_name': None, 'start_year': 'make_Attrib(const)'};{}
INET_IP_43;Imatra;['INET_IP_43'];['INET_N_664'];61.1695977;28.7645463;FI;None;{'end_year': 2050, 'pipe_name': None, 'start_year': 1983};{'end_year': 20, 'pipe_name': None, 'start_year': 20};{'end_year': 'make_Attrib(const)', 'pipe_name': None, 'start_year': 'make_Attrib(const)'};{}
INET_IP_44;Inzenham;['INET_IP_44'];['INET_N_737'];47.6181459;12.1868662;DE;None;{'end_year': 2050, 'pipe_name': None, 'start_year': 1983};{'end_year': 20, 'pipe_name': None, 'start_year': 20};{'end_year': 'make_Attrib(const)', 'pipe_name': None, 'start_year': 'make_Attrib(const)'};{}
INET_IP_45;Isaccea;['INET_IP_45'];['INET_N_685'];45.265423;28.4607273;RO;None;{'end_year': 2050, 'pipe_name': None, 'start_year': 1983};{'end_year': 20, 'pipe_name': None, 'start_year': 20};{'end_year': 'make_Attrib(const)', 'pipe_name': None, 'start_year': 'make_Attrib(const)'};{}
INET_IP_46;Jura La Cure;['INET_IP_46'];['INET_N_1249'];47.481;7.457;FR;None;{'end_year': 2050, 'pipe_name': None, 'start_year': 1983};{'end_year': 20, 'pipe_name': None, 'start_year': 20};{'end_year': 'make_Attrib(const)', 'pipe_name': None, 'start_year': 'make_Attrib(const)'};{}
INET_IP_47;Kardam;['INET_IP_47'];['INET_N_715'];43.7538009;28.107900300000004;BG;None;{'end_year': 2050, 'pipe_name': None, 'start_year': 1983};{'end_year': 20, 'pipe_name': None, 'start_year': 20};{'end_year': 'make_Attrib(const)', 'pipe_name': None, 'start_year': 'make_Attrib(const)'};{}
INET_IP_48;Karksi;['INET_IP_48'];['INET_N_718'];58.1002085;25.629338600000004;EE;None;{'end_year': 2050, 'pipe_name': None, 'start_year': 1983};{'end_year': 20, 'pipe_name': None, 'start_year': 20};{'end_year': 'make_Attrib(const)', 'pipe_name': None, 'start_year': 'make_Attrib(const)'};{}
INET_IP_49;Kiefersfelden;['INET_IP_49'];['INET_N_737'];47.6181459;12.1868662;DE;None;{'end_year': 2050, 'pipe_name': None, 'start_year': 1983};{'end_year': 20, 'pipe_name': None, 'start_year': 20};{'end_year': 'make_Attrib(const)', 'pipe_name': None, 'start_year': 'make_Attrib(const)'};{}
INET_IP_50;Kiemenai;['INET_IP_50'];['INET_N_658'];56.59;24.2;LT;None;{'end_year': 2050, 'pipe_name': None, 'start_year': 1983};{'end_year': 20, 'pipe_name': None, 'start_year': 20};{'end_year': 'make_Attrib(const)', 'pipe_name': None, 'start_year': 'make_Attrib(const)'};{}
INET_IP_51;Kipoi;['INET_IP_51'];['INET_N_752'];40.970417;26.307161;GR;None;{'end_year': 2050, 'pipe_name': None, 'start_year': 1983};{'end_year': 20, 'pipe_name': None, 'start_year': 20};{'end_year': 'make_Attrib(const)', 'pipe_name': None, 'start_year': 'make_Attrib(const)'};{}
INET_IP_52;Kiskundorozsma;['INET_IP_52'];['INET_N_762'];46.2730809;20.063011;HU;None;{'end_year': 2050, 'pipe_name': None, 'start_year': 1983};{'end_year': 20, 'pipe_name': None, 'start_year': 20};{'end_year': 'make_Attrib(const)', 'pipe_name': None, 'start_year': 'make_Attrib(const)'};{}
INET_IP_53;Kondratki;['INET_IP_53'];['INET_N_775'];53.01781;23.896413;PL;None;{'end_year': 2050, 'pipe_name': 'Yamal', 'start_year': 1983};{'end_year': 20, 'pipe_name': 0, 'start_year': 20};{'end_year': 'make_Attrib(const)', 'pipe_name': 'raw', 'start_year': 'make_Attrib(const)'};{}
INET_IP_54;Korneti;['INET_IP_54'];['INET_N_779'];57.5928519;26.9434759;LV;None;{'end_year': 2050, 'pipe_name': 'Baltic Pipeline System', 'start_year': 1983};{'end_year': 20, 'pipe_name': 0, 'start_year': 20};{'end_year': 'make_Attrib(const)', 'pipe_name': 'raw', 'start_year': 'make_Attrib(const)'};{}
INET_IP_55;Kotlovka;['INET_IP_55'];['INET_N_783'];54.716599;25.7475233;LT;None;{'end_year': 2050, 'pipe_name': None, 'start_year': 1983};{'end_year': 20, 'pipe_name': None, 'start_year': 20};{'end_year': 'make_Attrib(const)', 'pipe_name': None, 'start_year': 'make_Attrib(const)'};{}
INET_IP_56;Kulata;['INET_IP_56'];['INET_N_801'];41.3875814;23.3632506;BG;None;{'end_year': 2050, 'pipe_name': None, 'start_year': 1983};{'end_year': 20, 'pipe_name': None, 'start_year': 20};{'end_year': 'make_Attrib(const)', 'pipe_name': None, 'start_year': 'make_Attrib(const)'};{}
INET_IP_57;Kyustendil;['INET_IP_57'];['INET_N_805'];42.2868817;22.6939308;BG;None;{'end_year': 2050, 'pipe_name': None, 'start_year': 1983};{'end_year': 20, 'pipe_name': None, 'start_year': 20};{'end_year': 'make_Attrib(const)', 'pipe_name': None, 'start_year': 'make_Attrib(const)'};{}
INET_IP_58;Lanzhot;['INET_IP_58'];['INET_N_226'];48.699;17.025;CZ;None;{'end_year': 2050, 'pipe_name': None, 'start_year': 1983};{'end_year': 20, 'pipe_name': None, 'start_year': 20};{'end_year': 'make_Attrib(const)', 'pipe_name': None, 'start_year': 'make_Attrib(const)'};{}
INET_IP_59;Larrau;['INET_IP_59'];['INET_N_829'];43.018757;-0.955718;FR;None;{'end_year': 2050, 'pipe_name': None, 'start_year': 1983};{'end_year': 20, 'pipe_name': None, 'start_year': 20};{'end_year': 'make_Attrib(const)', 'pipe_name': None, 'start_year': 'make_Attrib(const)'};{}
INET_IP_60;Lasow;['INET_IP_60'];['INET_N_831'];51.2286263;15.0307916;PL;None;{'end_year': 2050, 'pipe_name': None, 'start_year': 1983};{'end_year': 20, 'pipe_name': None, 'start_year': 20};{'end_year': 'make_Attrib(const)', 'pipe_name': None, 'start_year': 'make_Attrib(const)'};{}
INET_IP_61;Lindau;['INET_IP_61'];['INET_N_866'];47.5797815;9.6789333;DE;None;{'end_year': 2050, 'pipe_name': None, 'start_year': 1983};{'end_year': 20, 'pipe_name': None, 'start_year': 20};{'end_year': 'make_Attrib(const)', 'pipe_name': None, 'start_year': 'make_Attrib(const)'};{}
INET_IP_62;Loughshinny;['INET_IP_62'];['INET_N_886'];53.548;-6.084;IE;None;{'end_year': 2050, 'pipe_name': None, 'start_year': 1983};{'end_year': 20, 'pipe_name': None, 'start_year': 20};{'end_year': 'make_Attrib(const)', 'pipe_name': None, 'start_year': 'make_Attrib(const)'};{}
INET_IP_63;Loznica;['INET_IP_63'];['INET_N_1056'];45.269;19.82;RS;None;{'end_year': 2050, 'pipe_name': None, 'start_year': 1983};{'end_year': 20, 'pipe_name': None, 'start_year': 20};{'end_year': 'make_Attrib(const)', 'pipe_name': None, 'start_year': 'make_Attrib(const)'};{}
INET_IP_64;Mallnow;['INET_IP_64'];['INET_N_915'];52.44178100000001;14.47384;DE;None;{'end_year': 2050, 'pipe_name': None, 'start_year': 1983};{'end_year': 20, 'pipe_name': None, 'start_year': 20};{'end_year': 'make_Attrib(const)', 'pipe_name': None, 'start_year': 'make_Attrib(const)'};{}
INET_IP_65;Mazara Del Vallo;['INET_IP_65'];['INET_N_935'];37.65533;12.597628;IT;None;{'end_year': 2050, 'pipe_name': 'TransMed', 'start_year': 1983};{'end_year': 20, 'pipe_name': 0, 'start_year': 20};{'end_year': 'make_Attrib(const)', 'pipe_name': 'raw', 'start_year': 'make_Attrib(const)'};{}
INET_IP_66;Medelsheim;['INET_IP_66'];['INET_N_938'];49.144;7.27;DE;None;{'end_year': 2050, 'pipe_name': 'MEGAL Nord', 'start_year': 1983};{'end_year': 20, 'pipe_name': 0, 'start_year': 20};{'end_year': 'make_Attrib(const)', 'pipe_name': 'raw', 'start_year': 'make_Attrib(const)'};{}
INET_IP_67;Mediesu Aurit;['INET_IP_67'];['INET_N_939'];47.786743;23.1376644;RO;None;{'end_year': 2050, 'pipe_name': None, 'start_year': 1983};{'end_year': 20, 'pipe_name': None, 'start_year': 20};{'end_year': 'make_Attrib(const)', 'pipe_name': None, 'start_year': 'make_Attrib(const)'};{}
INET_IP_69;Mosonmagyarovar;['INET_IP_69'];['INET_N_1001'];47.8681469;17.2689169;HU;None;{'end_year': 2050, 'pipe_name': None, 'start_year': 1983};{'end_year': 20, 'pipe_name': None, 'start_year': 20};{'end_year': 'make_Attrib(const)', 'pipe_name': None, 'start_year': 'make_Attrib(const)'};{}
INET_IP_70;Murfeld;['INET_IP_70'];['INET_N_1010'];46.71;15.67;AT;None;{'end_year': 2050, 'pipe_name': None, 'start_year': 1983};{'end_year': 20, 'pipe_name': None, 'start_year': 20};{'end_year': 'make_Attrib(const)', 'pipe_name': None, 'start_year': 'make_Attrib(const)'};{}
INET_IP_71;Narva;['INET_IP_71'];['INET_N_1017'];59.3796931;28.1790751;EE;None;{'end_year': 2050, 'pipe_name': None, 'start_year': 1983};{'end_year': 20, 'pipe_name': None, 'start_year': 20};{'end_year': 'make_Attrib(const)', 'pipe_name': None, 'start_year': 'make_Attrib(const)'};{}
INET_IP_72;Negru Voda;['INET_IP_72'];['INET_N_1021'];43.8155851;28.2176216;RO;None;{'end_year': 2050, 'pipe_name': None, 'start_year': 1983};{'end_year': 20, 'pipe_name': None, 'start_year': 20};{'end_year': 'make_Attrib(const)', 'pipe_name': None, 'start_year': 'make_Attrib(const)'};{}
INET_IP_73;Nemencine;['INET_IP_73'];['INET_N_1022'];54.860443;25.3672514;LT;None;{'end_year': 2050, 'pipe_name': None, 'start_year': 1983};{'end_year': 20, 'pipe_name': None, 'start_year': 20};{'end_year': 'make_Attrib(const)', 'pipe_name': None, 'start_year': 'make_Attrib(const)'};{}
INET_IP_74;Nybro;['INET_IP_74'];['INET_N_418'];55.617559;9.3122919;DK;None;{'end_year': 2050, 'pipe_name': None, 'start_year': 1983};{'end_year': 20, 'pipe_name': None, 'start_year': 20};{'end_year': 'make_Attrib(const)', 'pipe_name': None, 'start_year': 'make_Attrib(const)'};{}
INET_IP_75;Obbicht;['INET_IP_75'];['INET_N_1196'];50.9554323;5.8705487;NL;None;{'end_year': 2050, 'pipe_name': None, 'start_year': 1983};{'end_year': 20, 'pipe_name': None, 'start_year': 20};{'end_year': 'make_Attrib(const)', 'pipe_name': None, 'start_year': 'make_Attrib(const)'};{}
INET_IP_76;Oberkappel;['INET_IP_76'];['INET_N_1071'];48.55443;13.751863;AT;None;{'end_year': 2050, 'pipe_name': None, 'start_year': 1983};{'end_year': 20, 'pipe_name': None, 'start_year': 20};{'end_year': 'make_Attrib(const)', 'pipe_name': None, 'start_year': 'make_Attrib(const)'};{}
INET_IP_77;Olbernhau;['INET_IP_77'];['INET_N_1077'];50.645421;13.359861;DE;None;{'end_year': 2050, 'pipe_name': None, 'start_year': 1983};{'end_year': 20, 'pipe_name': None, 'start_year': 20};{'end_year': 'make_Attrib(const)', 'pipe_name': None, 'start_year': 'make_Attrib(const)'};{}
INET_IP_78;Oltinigue;['INET_IP_78'];['INET_N_1249'];47.481;7.457;FR;None;{'end_year': 2050, 'pipe_name': None, 'start_year': 1983};{'end_year': 20, 'pipe_name': None, 'start_year': 20};{'end_year': 'make_Attrib(const)', 'pipe_name': None, 'start_year': 'make_Attrib(const)'};{}
INET_IP_79;Orlovka;['INET_IP_79'];['INET_N_1089'];45.3199;28.45287;UA;None;{'end_year': 2050, 'pipe_name': 'TENP', 'start_year': 1983};{'end_year': 20, 'pipe_name': 0, 'start_year': 20};{'end_year': 'make_Attrib(const)', 'pipe_name': 'raw', 'start_year': 'make_Attrib(const)'};{}
INET_IP_80;Otranto;['INET_IP_80'];['INET_N_944'];40.265;18.38;IT;None;{'end_year': 2050, 'pipe_name': None, 'start_year': 1983};{'end_year': 20, 'pipe_name': None, 'start_year': 20};{'end_year': 'make_Attrib(const)', 'pipe_name': None, 'start_year': 'make_Attrib(const)'};{}
INET_IP_81;Oude Statenzijl;['INET_IP_81'];['INET_N_1101'];53.2019;7.205;NL;None;{'end_year': 2050, 'pipe_name': 'EPT, NPT', 'start_year': 1983};{'end_year': 20, 'pipe_name': 0, 'start_year': 20};{'end_year': 'make_Attrib(const)', 'pipe_name': 'raw', 'start_year': 'make_Attrib(const)'};{}
INET_IP_82;Pakruojis;['INET_IP_82'];['INET_N_1360'];55.93;23.31;LT;None;{'end_year': 2050, 'pipe_name': None, 'start_year': 1983};{'end_year': 20, 'pipe_name': None, 'start_year': 20};{'end_year': 'make_Attrib(const)', 'pipe_name': None, 'start_year': 'make_Attrib(const)'};{}
INET_IP_83;Passo Gries;['INET_IP_83'];['INET_N_1119'];46.449851;8.366838000000001;IT;None;{'end_year': 2050, 'pipe_name': 'Transitgas Pipeline', 'start_year': 1983};{'end_year': 20, 'pipe_name': 0, 'start_year': 20};{'end_year': 'make_Attrib(const)', 'pipe_name': 'raw', 'start_year': 'make_Attrib(const)'};{}
INET_IP_84;Petange;['INET_IP_84'];['INET_N_1222'];49.545017;6.3674222;LU;None;{'end_year': 2050, 'pipe_name': None, 'start_year': 1983};{'end_year': 20, 'pipe_name': None, 'start_year': 20};{'end_year': 'make_Attrib(const)', 'pipe_name': None, 'start_year': 'make_Attrib(const)'};{}
INET_IP_85;Pfronten;['INET_IP_85'];['INET_N_1139'];47.5766418;10.5264351;DE;None;{'end_year': 2050, 'pipe_name': None, 'start_year': 1983};{'end_year': 20, 'pipe_name': None, 'start_year': 20};{'end_year': 'make_Attrib(const)', 'pipe_name': None, 'start_year': 'make_Attrib(const)'};{}
INET_IP_86;Piombino;['INET_IP_86'];['INET_N_873'];43.547519;10.311025;IT;None;{'end_year': 2050, 'pipe_name': None, 'start_year': 1983};{'end_year': 20, 'pipe_name': None, 'start_year': 20};{'end_year': 'make_Attrib(const)', 'pipe_name': None, 'start_year': 'make_Attrib(const)'};{}
INET_IP_87;Raeren;['INET_IP_87'];['INET_N_477'];50.7;6.09;BE;None;{'end_year': 2050, 'pipe_name': None, 'start_year': 1983};{'end_year': 20, 'pipe_name': None, 'start_year': 20};{'end_year': 'make_Attrib(const)', 'pipe_name': None, 'start_year': 'make_Attrib(const)'};{}
INET_IP_88;Remich;['INET_IP_88'];['INET_N_1222'];49.545017;6.3674222;LU;None;{'end_year': 2050, 'pipe_name': None, 'start_year': 1983};{'end_year': 20, 'pipe_name': None, 'start_year': 20};{'end_year': 'make_Attrib(const)', 'pipe_name': None, 'start_year': 'make_Attrib(const)'};{}
INET_IP_89;Rogatec;['INET_IP_89'];['INET_N_1250'];46.2258891;15.7000312;SI;None;{'end_year': 2050, 'pipe_name': None, 'start_year': 1983};{'end_year': 20, 'pipe_name': None, 'start_year': 20};{'end_year': 'make_Attrib(const)', 'pipe_name': None, 'start_year': 'make_Attrib(const)'};{}
INET_IP_90;Sakiai;['INET_IP_90'];['INET_N_1287'];54.952671;23.0480199;LT;None;{'end_year': 2050, 'pipe_name': None, 'start_year': 1983};{'end_year': 20, 'pipe_name': None, 'start_year': 20};{'end_year': 'make_Attrib(const)', 'pipe_name': None, 'start_year': 'make_Attrib(const)'};{}
INET_IP_91;Sempeter;['INET_IP_91'];['INET_N_1344'];45.9266;13.65005;SI;None;{'end_year': 2050, 'pipe_name': None, 'start_year': 1983};{'end_year': 20, 'pipe_name': None, 'start_year': 20};{'end_year': 'make_Attrib(const)', 'pipe_name': None, 'start_year': 'make_Attrib(const)'};{}
INET_IP_92;Sidirokastron;['INET_IP_92'];['INET_N_1361'];41.2349471;23.3938203;GR;None;{'end_year': 2050, 'pipe_name': None, 'start_year': 1983};{'end_year': 20, 'pipe_name': None, 'start_year': 20};{'end_year': 'make_Attrib(const)', 'pipe_name': None, 'start_year': 'make_Attrib(const)'};{}
INET_IP_93;Silistea;['INET_IP_93'];['INET_N_1021'];43.8155851;28.2176216;RO;None;{'end_year': 2050, 'pipe_name': None, 'start_year': 1983};{'end_year': 20, 'pipe_name': None, 'start_year': 20};{'end_year': 'make_Attrib(const)', 'pipe_name': None, 'start_year': 'make_Attrib(const)'};{}
INET_IP_94;Strandja;['INET_IP_94'];['INET_N_1431'];42.1825;27.008611;BG;Srtandszha;{'end_year': 2050, 'pipe_name': None, 'start_year': 1983};{'end_year': 20, 'pipe_name': None, 'start_year': 20};{'end_year': 'make_Attrib(const)', 'pipe_name': None, 'start_year': 'make_Attrib(const)'};{}
INET_IP_95;Takovo;['INET_IP_95'];['INET_N_146'];44.79;20.44;RS;None;{'end_year': 2050, 'pipe_name': None, 'start_year': 1983};{'end_year': 20, 'pipe_name': None, 'start_year': 20};{'end_year': 'make_Attrib(const)', 'pipe_name': None, 'start_year': 'make_Attrib(const)'};{}
INET_IP_96;Tarvisio;['INET_IP_96'];['INET_N_1468'];46.50552800000001;13.592806;IT;None;{'end_year': 2050, 'pipe_name': None, 'start_year': 1983};{'end_year': 20, 'pipe_name': None, 'start_year': 20};{'end_year': 'make_Attrib(const)', 'pipe_name': None, 'start_year': 'make_Attrib(const)'};{}
INET_IP_97;Trzac;['INET_IP_97'];['INET_N_201'];45.41;15.28;BA;None;{'end_year': 2050, 'pipe_name': None, 'start_year': 1983};{'end_year': 20, 'pipe_name': None, 'start_year': 20};{'end_year': 'make_Attrib(const)', 'pipe_name': None, 'start_year': 'make_Attrib(const)'};{}
INET_IP_98;Tuy;['INET_IP_98'];['INET_N_1520'];42.155953;-8.632403;ES;None;{'end_year': 2050, 'pipe_name': None, 'start_year': 1983};{'end_year': 20, 'pipe_name': None, 'start_year': 20};{'end_year': 'make_Attrib(const)', 'pipe_name': None, 'start_year': 'make_Attrib(const)'};{}
INET_IP_99;Ueberackern;['INET_IP_99'];['INET_N_241'];48.1835;12.8531;AT;None;{'end_year': 2050, 'pipe_name': None, 'start_year': 1983};{'end_year': 20, 'pipe_name': None, 'start_year': 20};{'end_year': 'make_Attrib(const)', 'pipe_name': None, 'start_year': 'make_Attrib(const)'};{}
INET_IP_100;Umag Rijeka;['INET_IP_100'];['INET_N_1574'];45.862614;13.438999;HR;None;{'end_year': 2050, 'pipe_name': None, 'start_year': 1983};{'end_year': 20, 'pipe_name': None, 'start_year': 20};{'end_year': 'make_Attrib(const)', 'pipe_name': None, 'start_year': 'make_Attrib(const)'};{}
INET_IP_101;Uzhgorod;['INET_IP_101'];['INET_N_1545'];48.6208;22.287883;UA;None;{'end_year': 2050, 'pipe_name': None, 'start_year': 1983};{'end_year': 20, 'pipe_name': None, 'start_year': 20};{'end_year': 'make_Attrib(const)', 'pipe_name': None, 'start_year': 'make_Attrib(const)'};{}
INET_IP_102;Vale De Frades;['INET_IP_102'];['INET_N_1653'];41.506;-5.644;PT;None;{'end_year': 2050, 'pipe_name': None, 'start_year': 1983};{'end_year': 20, 'pipe_name': None, 'start_year': 20};{'end_year': 'make_Attrib(const)', 'pipe_name': None, 'start_year': 'make_Attrib(const)'};{}
INET_IP_103;Valenca Do Minho;['INET_IP_103'];['INET_N_1550'];42.0248024;-8.6398019;PT;None;{'end_year': 2050, 'pipe_name': None, 'start_year': 1983};{'end_year': 20, 'pipe_name': None, 'start_year': 20};{'end_year': 'make_Attrib(const)', 'pipe_name': None, 'start_year': 'make_Attrib(const)'};{}
INET_IP_104;Varska;['INET_IP_104'];['INET_N_1557'];57.9570536;27.6375433;EE;None;{'end_year': 2050, 'pipe_name': None, 'start_year': 1983};{'end_year': 20, 'pipe_name': None, 'start_year': 20};{'end_year': 'make_Attrib(const)', 'pipe_name': None, 'start_year': 'make_Attrib(const)'};{}
INET_IP_105;Vodice;['INET_IP_105'];['INET_N_875'];46.058;14.5;SI;None;{'end_year': 2050, 'pipe_name': None, 'start_year': 1983};{'end_year': 20, 'pipe_name': None, 'start_year': 20};{'end_year': 'make_Attrib(const)', 'pipe_name': None, 'start_year': 'make_Attrib(const)'};{}
INET_IP_106;Vyborg;['INET_IP_106'];['INET_N_664'];61.1695977;28.7645463;RU;None;{'end_year': 2050, 'pipe_name': None, 'start_year': 1983};{'end_year': 20, 'pipe_name': None, 'start_year': 20};{'end_year': 'make_Attrib(const)', 'pipe_name': None, 'start_year': 'make_Attrib(const)'};{}
INET_IP_107;Waidhaus;['INET_IP_107'];['INET_N_1595'];49.644;12.496;DE;None;{'end_year': 2050, 'pipe_name': 'MEGAL', 'start_year': 1983};{'end_year': 20, 'pipe_name': 0, 'start_year': 20};{'end_year': 'make_Attrib(const)', 'pipe_name': 'raw', 'start_year': 'make_Attrib(const)'};{}
INET_IP_108;Wallbach;['INET_IP_108'];['INET_N_1597'];47.566;7.9;DE;None;{'end_year': 2050, 'pipe_name': None, 'start_year': 1983};{'end_year': 20, 'pipe_name': None, 'start_year': 20};{'end_year': 'make_Attrib(const)', 'pipe_name': None, 'start_year': 'make_Attrib(const)'};{}
INET_IP_109;Winterswijk;['INET_IP_109'];['INET_N_457'];52.175948;7.006152;NL;None;{'end_year': 2050, 'pipe_name': None, 'start_year': 1983};{'end_year': 20, 'pipe_name': None, 'start_year': 20};{'end_year': 'make_Attrib(const)', 'pipe_name': None, 'start_year': 'make_Attrib(const)'};{}
INET_IP_110;Wysokoje;['INET_IP_110'];['INET_N_1643'];52.3696;23.371;BY;None;{'end_year': 2050, 'pipe_name': None, 'start_year': 1983};{'end_year': 20, 'pipe_name': None, 'start_year': 20};{'end_year': 'make_Attrib(const)', 'pipe_name': None, 'start_year': 'make_Attrib(const)'};{}
INET_IP_111;Zajecar;['INET_IP_111'];['INET_N_1036'];43.32;21.89;RS;None;{'end_year': 2050, 'pipe_name': None, 'start_year': 1983};{'end_year': 20, 'pipe_name': None, 'start_year': 20};{'end_year': 'make_Attrib(const)', 'pipe_name': None, 'start_year': 'make_Attrib(const)'};{}
INET_IP_112;Zandvliet;['INET_IP_112'];['INET_N_1097'];51.387;4.34;NL;None;{'end_year': 2050, 'pipe_name': None, 'start_year': 1983};{'end_year': 20, 'pipe_name': None, 'start_year': 20};{'end_year': 'make_Attrib(const)', 'pipe_name': None, 'start_year': 'make_Attrib(const)'};{}
INET_IP_113;Zeebrugge;['INET_IP_113'];['INET_N_1656'];51.323;3.213;BE;None;{'end_year': 2050, 'pipe_name': None, 'start_year': 1983};{'end_year': 20, 'pipe_name': None, 'start_year': 20};{'end_year': 'make_Attrib(const)', 'pipe_name': None, 'start_year': 'make_Attrib(const)'};{}
INET_IP_114;Zelzate;['INET_IP_114'];['INET_N_1659'];51.191166;3.827686;BE;None;{'end_year': 2050, 'pipe_name': None, 'start_year': 1983};{'end_year': 20, 'pipe_name': None, 'start_year': 20};{'end_year': 'make_Attrib(const)', 'pipe_name': None, 'start_year': 'make_Attrib(const)'};{}
INET_IP_115;Zweekhorst;['INET_IP_115'];['INET_N_1668'];51.9605323;6.0759819;NL;None;{'end_year': 2050, 'pipe_name': None, 'start_year': 1983};{'end_year': 20, 'pipe_name': None, 'start_year': 20};{'end_year': 'make_Attrib(const)', 'pipe_name': None, 'start_year': 'make_Attrib(const)'};{}
INET_IP_116;Zhidilovo;['INET_IP_116'];['INET_N_1660'];42.2242526;22.398599;MK;None;{'end_year': 2050, 'pipe_name': None, 'start_year': 1983};{'end_year': 20, 'pipe_name': None, 'start_year': 20};{'end_year': 'make_Attrib(const)', 'pipe_name': None, 'start_year': 'make_Attrib(const)'};{}
INET_IP_117;Meric Nehri;['INET_IP_117'];['INET_N_952'];40.980957;26.325508000000006;TR;None;{'end_year': 2050, 'pipe_name': None, 'start_year': 1983};{'end_year': 20, 'pipe_name': None, 'start_year': 20};{'end_year': 'make_Attrib(const)', 'pipe_name': None, 'start_year': 'make_Attrib(const)'};{}
